[2026-07-21 22:18:41] [*] ========================================
[2026-07-21 22:18:41] [*] STARTING UPLOAD BOT FOR PAGE: Test 1
[2026-07-21 22:18:41] [*] ========================================
[2026-07-21 22:18:41] [1/10] Root User Data Dir: C:\Users\Asus\AppData\Local\Google\Chrome\User Data
[2026-07-21 22:18:41] [1/10] Profile Directory: Profile 2
[2026-07-21 22:18:41] [2/10] Preparing Playwright launch arguments...
[2026-07-21 22:18:41] [3/10] Launching Chrome persistent context via Playwright...
[2026-07-21 22:18:42] [-] FATAL [4/10] Failed to launch Chrome context: Target page, context or browser has been closed
Browser logs:

<launching> C:\Program Files\Google\Chrome\Application\chrome.exe --disable-field-trial-config --disable-background-networking --enable-features=NetworkService,NetworkServiceInProcess --disable-background-timer-throttling --disable-backgrounding-occluded-windows --disable-back-forward-cache --disable-breakpad --disable-client-side-phishing-detection --disable-component-extensions-with-background-pages --disable-component-update --no-default-browser-check --disable-default-apps --disable-dev-shm-usage --disable-extensions --disable-features=ImprovedCookieControls,LazyFrameLoading,GlobalMediaControls,DestroyProfileOnBrowserClose,MediaRouter,DialMediaRouteProvider,AcceptCHFrame,AutoExpandDetailsElement,CertificateTransparencyComponentUpdater,AvoidUnnecessaryBeforeUnloadCheckSync,Translate,HttpsUpgrades,PaintHolding --allow-pre-commit-input --disable-hang-monitor --disable-ipc-flooding-protection --disable-popup-blocking --disable-prompt-on-repost --disable-renderer-backgrounding --force-color-profile=srgb --metrics-recording-only --no-first-run --enable-automation --password-store=basic --use-mock-keychain --no-service-autorun --export-tagged-pdf --disable-search-engine-choice-screen --no-sandbox --no-sandbox --disable-dev-shm-usage --disable-gpu --start-maximized --disable-infobars --no-default-browser-check --no-first-run --profile-directory=Profile 2 --user-data-dir=C:\Users\Asus\AppData\Local\Google\Chrome\User Data --remote-debugging-pipe about:blank
<launched> pid=14856
[2026-07-21 22:18:48] [*] ========================================
[2026-07-21 22:18:48] [*] STARTING UPLOAD BOT FOR PAGE: Test 1
[2026-07-21 22:18:48] [*] ========================================
[2026-07-21 22:18:48] [1/10] Root User Data Dir: C:\Users\Asus\AppData\Local\Google\Chrome\User Data
[2026-07-21 22:18:48] [1/10] Profile Directory: Profile 2
[2026-07-21 22:18:48] [2/10] Preparing Playwright launch arguments...
[2026-07-21 22:18:48] [3/10] Launching Chrome persistent context via Playwright...
[2026-07-21 22:18:49] [-] FATAL [4/10] Failed to launch Chrome context: Target page, context or browser has been closed
Browser logs:

<launching> C:\Program Files\Google\Chrome\Application\chrome.exe --disable-field-trial-config --disable-background-networking --enable-features=NetworkService,NetworkServiceInProcess --disable-background-timer-throttling --disable-backgrounding-occluded-windows --disable-back-forward-cache --disable-breakpad --disable-client-side-phishing-detection --disable-component-extensions-with-background-pages --disable-component-update --no-default-browser-check --disable-default-apps --disable-dev-shm-usage --disable-extensions --disable-features=ImprovedCookieControls,LazyFrameLoading,GlobalMediaControls,DestroyProfileOnBrowserClose,MediaRouter,DialMediaRouteProvider,AcceptCHFrame,AutoExpandDetailsElement,CertificateTransparencyComponentUpdater,AvoidUnnecessaryBeforeUnloadCheckSync,Translate,HttpsUpgrades,PaintHolding --allow-pre-commit-input --disable-hang-monitor --disable-ipc-flooding-protection --disable-popup-blocking --disable-prompt-on-repost --disable-renderer-backgrounding --force-color-profile=srgb --metrics-recording-only --no-first-run --enable-automation --password-store=basic --use-mock-keychain --no-service-autorun --export-tagged-pdf --disable-search-engine-choice-screen --no-sandbox --no-sandbox --disable-dev-shm-usage --disable-gpu --start-maximized --disable-infobars --no-default-browser-check --no-first-run --profile-directory=Profile 2 --user-data-dir=C:\Users\Asus\AppData\Local\Google\Chrome\User Data --remote-debugging-pipe about:blank
<launched> pid=12996
[2026-07-21 22:18:54] [*] ========================================
[2026-07-21 22:18:54] [*] STARTING UPLOAD BOT FOR PAGE: Test 1
[2026-07-21 22:18:54] [*] ========================================
[2026-07-21 22:18:54] [1/10] Root User Data Dir: C:\Users\Asus\AppData\Local\Google\Chrome\User Data
[2026-07-21 22:18:54] [1/10] Profile Directory: Profile 2
[2026-07-21 22:18:54] [2/10] Preparing Playwright launch arguments...
[2026-07-21 22:18:54] [3/10] Launching Chrome persistent context via Playwright...
[2026-07-21 22:19:19] [-] FATAL [4/10] Failed to launch Chrome context: Target page, context or browser has been closed
Browser logs:

<launching> C:\Program Files\Google\Chrome\Application\chrome.exe --disable-field-trial-config --disable-background-networking --enable-features=NetworkService,NetworkServiceInProcess --disable-background-timer-throttling --disable-backgrounding-occluded-windows --disable-back-forward-cache --disable-breakpad --disable-client-side-phishing-detection --disable-component-extensions-with-background-pages --disable-component-update --no-default-browser-check --disable-default-apps --disable-dev-shm-usage --disable-extensions --disable-features=ImprovedCookieControls,LazyFrameLoading,GlobalMediaControls,DestroyProfileOnBrowserClose,MediaRouter,DialMediaRouteProvider,AcceptCHFrame,AutoExpandDetailsElement,CertificateTransparencyComponentUpdater,AvoidUnnecessaryBeforeUnloadCheckSync,Translate,HttpsUpgrades,PaintHolding --allow-pre-commit-input --disable-hang-monitor --disable-ipc-flooding-protection --disable-popup-blocking --disable-prompt-on-repost --disable-renderer-backgrounding --force-color-profile=srgb --metrics-recording-only --no-first-run --enable-automation --password-store=basic --use-mock-keychain --no-service-autorun --export-tagged-pdf --disable-search-engine-choice-screen --no-sandbox --no-sandbox --disable-dev-shm-usage --disable-gpu --start-maximized --disable-infobars --no-default-browser-check --no-first-run --profile-directory=Profile 2 --user-data-dir=C:\Users\Asus\AppData\Local\Google\Chrome\User Data --remote-debugging-pipe about:blank
<launched> pid=7944
[pid=7944][err] 
[pid=7944][err] DevTools remote debugging requires a non-default data directory. Specify this using --user-data-dir.
[pid=7944][err] Created TensorFlow Lite XNNPACK delegate for CPU.
[pid=7944][err] [7944:20300:0721/221900.183:ERROR:google_apis\gcm\engine\registration_request.cc:291] Registration response error message: DEPRECATED_ENDPOINT
[2026-07-22 02:33:33] ==================================================
[2026-07-22 02:33:33] UPLOAD BOT | PAGE: Test 1
[2026-07-22 02:33:33] ==================================================
[2026-07-22 02:33:33] [PRE] Checking for stale Chrome processes...
[2026-07-22 02:33:33] [PRE] Killed 1 stale Chrome process(es). Waiting 3s...
[2026-07-22 02:33:36] [1/10] User Data Dir : C:\Users\Asus\AppData\Local\Google\Chrome\User Data
[2026-07-22 02:33:36] [1/10] Profile       : Profile 2
[2026-07-22 02:33:36] [2/10] Launching Chrome...
[2026-07-22 02:33:36] [-] FATAL: Error: BrowserType.launch_persistent_context: Opening in existing browser session. This usually means that the profile is already in use by another instance of Chromium.
Call log:
  - <launching> C:\Program Files\Google\Chrome\Application\chrome.exe --disable-field-trial-config --disable-background-networking --disable-background-timer-throttling --disable-backgrounding-occluded-windows --disable-back-forward-cache --disable-breakpad --disable-client-side-phishing-detection --disable-component-extensions-with-background-pages --disable-component-update --no-default-browser-check --disable-default-apps --disable-dev-shm-usage --disable-edgeupdater --disable-extensions --disable-features=AvoidUnnecessaryBeforeUnloadCheckSync,BoundaryEventDispatchTracksNodeRemoval,DestroyProfileOnBrowserClose,DialMediaRouteProvider,GlobalMediaControls,HttpsUpgrades,LensOverlay,MediaRouter,PaintHolding,ThirdPartyStoragePartitioning,Translate,AutoDeElevate,RenderDocument,OptimizationHints,msForceBrowserSignIn,msEdgeUpdateLaunchServicesPreferredVersion --enable-features=CDPScreenshotNewSurface --allow-pre-commit-input --disable-hang-monitor --disable-ipc-flooding-protection --disable-popup-blocking --disable-prompt-on-repost --disable-renderer-backgrounding --force-color-profile=srgb --metrics-recording-only --no-first-run --password-store=basic --use-mock-keychain --no-service-autorun --export-tagged-pdf --disable-search-engine-choice-screen --unsafely-disable-devtools-self-xss-warnings --edge-skip-compat-layer-relaunch --disable-infobars --disable-search-engine-choice-screen --disable-sync --enable-unsafe-swiftshader --no-sandbox --no-sandbox --disable-dev-shm-usage --disable-gpu --start-maximized --disable-infobars --no-default-browser-check --no-first-run --disable-blink-features=AutomationControlled --profile-directory=Profile 2 --user-data-dir=C:\Users\Asus\AppData\Local\Google\Chrome\User Data --remote-debugging-pipe about:blank
  - <launched> pid=14332
  - [pid=14332][out] Opening in existing browser session.
  - [pid=14332] <gracefully close start>
  - [pid=14332] <kill>
  - [pid=14332] <will force kill>
  - [pid=14332] taskkill stderr: ERROR: The process "14332" not found.
  - [pid=14332] <process did exit: exitCode=0, signal=null>
  - [pid=14332] starting temporary directories cleanup
  - [pid=14332] finished temporary directories cleanup
  - [pid=14332] <gracefully close end>

[2026-07-22 02:35:18] ==================================================
[2026-07-22 02:35:18] UPLOAD BOT | PAGE: Test 1
[2026-07-22 02:35:18] ==================================================
[2026-07-22 02:35:18] [PRE] Checking for stale Chrome processes...
[2026-07-22 02:35:18] [PRE] No stale Chrome found.
[2026-07-22 02:35:18] [1/10] User Data Dir : C:\Users\Asus\AppData\Local\Google\Chrome\User Data
[2026-07-22 02:35:18] [1/10] Profile       : Profile 2
[2026-07-22 02:35:18] [2/10] Launching Chrome...
[2026-07-22 02:35:19] [-] FATAL: Error: BrowserType.launch_persistent_context: Opening in existing browser session. This usually means that the profile is already in use by another instance of Chromium.
Call log:
  - <launching> C:\Program Files\Google\Chrome\Application\chrome.exe --disable-field-trial-config --disable-background-networking --disable-background-timer-throttling --disable-backgrounding-occluded-windows --disable-back-forward-cache --disable-breakpad --disable-client-side-phishing-detection --disable-component-extensions-with-background-pages --disable-component-update --no-default-browser-check --disable-default-apps --disable-dev-shm-usage --disable-edgeupdater --disable-extensions --disable-features=AvoidUnnecessaryBeforeUnloadCheckSync,BoundaryEventDispatchTracksNodeRemoval,DestroyProfileOnBrowserClose,DialMediaRouteProvider,GlobalMediaControls,HttpsUpgrades,LensOverlay,MediaRouter,PaintHolding,ThirdPartyStoragePartitioning,Translate,AutoDeElevate,RenderDocument,OptimizationHints,msForceBrowserSignIn,msEdgeUpdateLaunchServicesPreferredVersion --enable-features=CDPScreenshotNewSurface --allow-pre-commit-input --disable-hang-monitor --disable-ipc-flooding-protection --disable-popup-blocking --disable-prompt-on-repost --disable-renderer-backgrounding --force-color-profile=srgb --metrics-recording-only --no-first-run --password-store=basic --use-mock-keychain --no-service-autorun --export-tagged-pdf --disable-search-engine-choice-screen --unsafely-disable-devtools-self-xss-warnings --edge-skip-compat-layer-relaunch --disable-infobars --disable-search-engine-choice-screen --disable-sync --enable-unsafe-swiftshader --no-sandbox --no-sandbox --disable-dev-shm-usage --disable-gpu --start-maximized --disable-infobars --no-default-browser-check --no-first-run --disable-blink-features=AutomationControlled --profile-directory=Profile 2 --user-data-dir=C:\Users\Asus\AppData\Local\Google\Chrome\User Data --remote-debugging-pipe about:blank
  - <launched> pid=19056
  - [pid=19056][out] Opening in existing browser session.
  - [pid=19056] <gracefully close start>
  - [pid=19056] <kill>
  - [pid=19056] <will force kill>
  - [pid=19056] taskkill stderr: ERROR: The process "19056" not found.
  - [pid=19056] <process did exit: exitCode=0, signal=null>
  - [pid=19056] starting temporary directories cleanup
  - [pid=19056] finished temporary directories cleanup
  - [pid=19056] <gracefully close end>

[2026-07-22 02:52:23] ==================================================
[2026-07-22 02:52:23] UPLOAD BOT | PAGE: Test 2
[2026-07-22 02:52:23] ==================================================
[2026-07-22 02:52:23] [PRE] Force closing Chrome...
[2026-07-22 02:52:23] [PRE] Chrome killed via taskkill.
[2026-07-22 02:52:23] [PRE] psutil killed 15.
[2026-07-22 02:52:23] [PRE] Waiting 4s...
[2026-07-22 02:52:27] [1/10] User Data: C:\Users\Asus\AppData\Local\Google\Chrome\User Data
[2026-07-22 02:52:27] [1/10] Profile  : Profile 2
[2026-07-22 02:52:27] [1/10] Video    : [EDITED]_FastLane Jackpot.mp4
[2026-07-22 02:52:27] [2/10] Launching Chrome...
[2026-07-22 02:53:28] [-] TIMEOUT: BrowserType.launch_persistent_context: Timeout 60000ms exceeded.
Call log:
  - <launching> C:\Program Files\Google\Chrome\Application\chrome.exe --disable-field-trial-config --disable-background-networking --disable-background-timer-throttling --disable-backgrounding-occluded-windows --disable-back-forward-cache --disable-breakpad --disable-client-side-phishing-detection --disable-component-extensions-with-background-pages --disable-component-update --no-default-browser-check --disable-default-apps --disable-dev-shm-usage --disable-edgeupdater --disable-extensions --disable-features=AvoidUnnecessaryBeforeUnloadCheckSync,BoundaryEventDispatchTracksNodeRemoval,DestroyProfileOnBrowserClose,DialMediaRouteProvider,GlobalMediaControls,HttpsUpgrades,LensOverlay,MediaRouter,PaintHolding,ThirdPartyStoragePartitioning,Translate,AutoDeElevate,RenderDocument,OptimizationHints,msForceBrowserSignIn,msEdgeUpdateLaunchServicesPreferredVersion --enable-features=CDPScreenshotNewSurface --allow-pre-commit-input --disable-hang-monitor --disable-ipc-flooding-protection --disable-popup-blocking --disable-prompt-on-repost --disable-renderer-backgrounding --force-color-profile=srgb --metrics-recording-only --no-first-run --password-store=basic --use-mock-keychain --no-service-autorun --export-tagged-pdf --disable-search-engine-choice-screen --unsafely-disable-devtools-self-xss-warnings --edge-skip-compat-layer-relaunch --disable-infobars --disable-search-engine-choice-screen --disable-sync --enable-unsafe-swiftshader --no-sandbox --no-sandbox --disable-dev-shm-usage --disable-gpu --start-maximized --disable-infobars --no-default-browser-check --no-first-run --disable-blink-features=AutomationControlled --profile-directory=Profile 2 --user-data-dir=C:\Users\Asus\AppData\Local\Google\Chrome\User Data --remote-debugging-pipe about:blank
  - <launched> pid=7340
  - [pid=7340][err]
  - [pid=7340][err] DevTools remote debugging requires a non-default data directory. Specify this using --user-data-dir.
  - [pid=7340][err] [7340:3856:0722/025231.392:ERROR:google_apis\gcm\engine\registration_request.cc:291] Registration response error message: DEPRECATED_ENDPOINT
  - [pid=7340][err] [7340:3856:0722/025301.271:ERROR:google_apis\gcm\engine\registration_request.cc:291] Registration response error message: DEPRECATED_ENDPOINT

[2026-07-22 02:58:26] ==================================================
[2026-07-22 02:58:26] UPLOAD BOT | PAGE: Test 2
[2026-07-22 02:58:26] ==================================================
[2026-07-22 02:58:26] [PRE] Force closing Chrome...
[2026-07-22 02:58:27] [PRE] No Chrome via taskkill.
[2026-07-22 02:58:27] [PRE] Waiting 5s for Chrome to release...
[2026-07-22 02:58:32] [1/10] User Data: C:\Users\Asus\AppData\Local\Google\Chrome\User Data
[2026-07-22 02:58:32] [1/10] Profile  : Profile 2
[2026-07-22 02:58:32] [1/10] Video    : [EDITED]_FastLane Jackpot.mp4
[2026-07-22 02:58:32] [2/10] Launching Chrome...
[2026-07-22 02:58:59] [-] FATAL: TargetClosedError: BrowserType.launch_persistent_context: Target page, context or browser has been closed
Browser logs:

<launching> C:\Program Files\Google\Chrome\Application\chrome.exe --disable-field-trial-config --disable-background-networking --disable-background-timer-throttling --disable-backgrounding-occluded-windows --disable-back-forward-cache --disable-breakpad --disable-client-side-phishing-detection --disable-component-extensions-with-background-pages --disable-component-update --no-default-browser-check --disable-default-apps --disable-dev-shm-usage --disable-edgeupdater --disable-extensions --disable-features=AvoidUnnecessaryBeforeUnloadCheckSync,BoundaryEventDispatchTracksNodeRemoval,DestroyProfileOnBrowserClose,DialMediaRouteProvider,GlobalMediaControls,HttpsUpgrades,LensOverlay,MediaRouter,PaintHolding,ThirdPartyStoragePartitioning,Translate,AutoDeElevate,RenderDocument,OptimizationHints,msForceBrowserSignIn,msEdgeUpdateLaunchServicesPreferredVersion --enable-features=CDPScreenshotNewSurface --allow-pre-commit-input --disable-hang-monitor --disable-ipc-flooding-protection --disable-popup-blocking --disable-prompt-on-repost --disable-renderer-backgrounding --force-color-profile=srgb --metrics-recording-only --no-first-run --password-store=basic --use-mock-keychain --no-service-autorun --export-tagged-pdf --disable-search-engine-choice-screen --unsafely-disable-devtools-self-xss-warnings --edge-skip-compat-layer-relaunch --disable-infobars --disable-search-engine-choice-screen --disable-sync --enable-unsafe-swiftshader --no-sandbox --no-sandbox --disable-dev-shm-usage --disable-gpu --start-maximized --no-default-browser-check --no-first-run --disable-blink-features=AutomationControlled --disable-extensions --disable-popup-blocking --disable-background-networking --disable-sync --metrics-recording-only --password-store=basic --profile-directory=Profile 2 --user-data-dir=C:\Users\Asus\AppData\Local\Google\Chrome\User Data --remote-debugging-pipe about:blank
<launched> pid=24184
[pid=24184][err] 
[pid=24184][err] DevTools remote debugging requires a non-default data directory. Specify this using --user-data-dir.
[pid=24184][err] [24184:28560:0722/025837.895:ERROR:google_apis\gcm\engine\registration_request.cc:291] Registration response error message: DEPRECATED_ENDPOINT
Call log:
  - <launching> C:\Program Files\Google\Chrome\Application\chrome.exe --disable-field-trial-config --disable-background-networking --disable-background-timer-throttling --disable-backgrounding-occluded-windows --disable-back-forward-cache --disable-breakpad --disable-client-side-phishing-detection --disable-component-extensions-with-background-pages --disable-component-update --no-default-browser-check --disable-default-apps --disable-dev-shm-usage --disable-edgeupdater --disable-extensions --disable-features=AvoidUnnecessaryBeforeUnloadCheckSync,BoundaryEventDispatchTracksNodeRemoval,DestroyProfileOnBrowserClose,DialMediaRouteProvider,GlobalMediaControls,HttpsUpgrades,LensOverlay,MediaRouter,PaintHolding,ThirdPartyStoragePartitioning,Translate,AutoDeElevate,RenderDocument,OptimizationHints,msForceBrowserSignIn,msEdgeUpdateLaunchServicesPreferredVersion --enable-features=CDPScreenshotNewSurface --allow-pre-commit-input --disable-hang-monitor --disable-ipc-flooding-protection --disable-popup-blocking --disable-prompt-on-repost --disable-renderer-backgrounding --force-color-profile=srgb --metrics-recording-only --no-first-run --password-store=basic --use-mock-keychain --no-service-autorun --export-tagged-pdf --disable-search-engine-choice-screen --unsafely-disable-devtools-self-xss-warnings --edge-skip-compat-layer-relaunch --disable-infobars --disable-search-engine-choice-screen --disable-sync --enable-unsafe-swiftshader --no-sandbox --no-sandbox --disable-dev-shm-usage --disable-gpu --start-maximized --no-default-browser-check --no-first-run --disable-blink-features=AutomationControlled --disable-extensions --disable-popup-blocking --disable-background-networking --disable-sync --metrics-recording-only --password-store=basic --profile-directory=Profile 2 --user-data-dir=C:\Users\Asus\AppData\Local\Google\Chrome\User Data --remote-debugging-pipe about:blank
  - <launched> pid=24184
  - [pid=24184][err]
  - [pid=24184][err] DevTools remote debugging requires a non-default data directory. Specify this using --user-data-dir.
  - [pid=24184][err] [24184:28560:0722/025837.895:ERROR:google_apis\gcm\engine\registration_request.cc:291] Registration response error message: DEPRECATED_ENDPOINT
  - [pid=24184] <gracefully close start>
  - [pid=24184] <kill>
  - [pid=24184] <will force kill>
  - [pid=24184] taskkill stderr: ERROR: The process "24184" not found.
  - [pid=24184] <process did exit: exitCode=0, signal=null>
  - [pid=24184] starting temporary directories cleanup
  - [pid=24184] finished temporary directories cleanup
  - [pid=24184] <gracefully close end>

[2026-07-22 02:59:02] ==================================================
[2026-07-22 02:59:02] UPLOAD BOT | PAGE: Test 2
[2026-07-22 02:59:02] ==================================================
[2026-07-22 02:59:02] [PRE] Force closing Chrome...
[2026-07-22 02:59:02] [PRE] No Chrome via taskkill.
[2026-07-22 02:59:02] [PRE] Waiting 5s for Chrome to release...
[2026-07-22 02:59:07] [1/10] User Data: C:\Users\Asus\AppData\Local\Google\Chrome\User Data
[2026-07-22 02:59:07] [1/10] Profile  : Profile 2
[2026-07-22 02:59:07] [1/10] Video    : [EDITED]_FastLane Jackpot.mp4
[2026-07-22 02:59:07] [2/10] Launching Chrome...
[2026-07-22 02:59:53] [-] FATAL: TargetClosedError: BrowserType.launch_persistent_context: Target page, context or browser has been closed
Browser logs:

<launching> C:\Program Files\Google\Chrome\Application\chrome.exe --disable-field-trial-config --disable-background-networking --disable-background-timer-throttling --disable-backgrounding-occluded-windows --disable-back-forward-cache --disable-breakpad --disable-client-side-phishing-detection --disable-component-extensions-with-background-pages --disable-component-update --no-default-browser-check --disable-default-apps --disable-dev-shm-usage --disable-edgeupdater --disable-extensions --disable-features=AvoidUnnecessaryBeforeUnloadCheckSync,BoundaryEventDispatchTracksNodeRemoval,DestroyProfileOnBrowserClose,DialMediaRouteProvider,GlobalMediaControls,HttpsUpgrades,LensOverlay,MediaRouter,PaintHolding,ThirdPartyStoragePartitioning,Translate,AutoDeElevate,RenderDocument,OptimizationHints,msForceBrowserSignIn,msEdgeUpdateLaunchServicesPreferredVersion --enable-features=CDPScreenshotNewSurface --allow-pre-commit-input --disable-hang-monitor --disable-ipc-flooding-protection --disable-popup-blocking --disable-prompt-on-repost --disable-renderer-backgrounding --force-color-profile=srgb --metrics-recording-only --no-first-run --password-store=basic --use-mock-keychain --no-service-autorun --export-tagged-pdf --disable-search-engine-choice-screen --unsafely-disable-devtools-self-xss-warnings --edge-skip-compat-layer-relaunch --disable-infobars --disable-search-engine-choice-screen --disable-sync --enable-unsafe-swiftshader --no-sandbox --no-sandbox --disable-dev-shm-usage --disable-gpu --start-maximized --no-default-browser-check --no-first-run --disable-blink-features=AutomationControlled --disable-extensions --disable-popup-blocking --disable-background-networking --disable-sync --metrics-recording-only --password-store=basic --profile-directory=Profile 2 --user-data-dir=C:\Users\Asus\AppData\Local\Google\Chrome\User Data --remote-debugging-pipe about:blank
<launched> pid=12536
[pid=12536][err] 
[pid=12536][err] DevTools remote debugging requires a non-default data directory. Specify this using --user-data-dir.
[pid=12536][err] [12536:13636:0722/025913.987:ERROR:google_apis\gcm\engine\registration_request.cc:291] Registration response error message: DEPRECATED_ENDPOINT
[pid=12536][err] [12536:13636:0722/025939.175:ERROR:google_apis\gcm\engine\registration_request.cc:291] Registration response error message: DEPRECATED_ENDPOINT
Call log:
  - <launching> C:\Program Files\Google\Chrome\Application\chrome.exe --disable-field-trial-config --disable-background-networking --disable-background-timer-throttling --disable-backgrounding-occluded-windows --disable-back-forward-cache --disable-breakpad --disable-client-side-phishing-detection --disable-component-extensions-with-background-pages --disable-component-update --no-default-browser-check --disable-default-apps --disable-dev-shm-usage --disable-edgeupdater --disable-extensions --disable-features=AvoidUnnecessaryBeforeUnloadCheckSync,BoundaryEventDispatchTracksNodeRemoval,DestroyProfileOnBrowserClose,DialMediaRouteProvider,GlobalMediaControls,HttpsUpgrades,LensOverlay,MediaRouter,PaintHolding,ThirdPartyStoragePartitioning,Translate,AutoDeElevate,RenderDocument,OptimizationHints,msForceBrowserSignIn,msEdgeUpdateLaunchServicesPreferredVersion --enable-features=CDPScreenshotNewSurface --allow-pre-commit-input --disable-hang-monitor --disable-ipc-flooding-protection --disable-popup-blocking --disable-prompt-on-repost --disable-renderer-backgrounding --force-color-profile=srgb --metrics-recording-only --no-first-run --password-store=basic --use-mock-keychain --no-service-autorun --export-tagged-pdf --disable-search-engine-choice-screen --unsafely-disable-devtools-self-xss-warnings --edge-skip-compat-layer-relaunch --disable-infobars --disable-search-engine-choice-screen --disable-sync --enable-unsafe-swiftshader --no-sandbox --no-sandbox --disable-dev-shm-usage --disable-gpu --start-maximized --no-default-browser-check --no-first-run --disable-blink-features=AutomationControlled --disable-extensions --disable-popup-blocking --disable-background-networking --disable-sync --metrics-recording-only --password-store=basic --profile-directory=Profile 2 --user-data-dir=C:\Users\Asus\AppData\Local\Google\Chrome\User Data --remote-debugging-pipe about:blank
  - <launched> pid=12536
  - [pid=12536][err]
  - [pid=12536][err] DevTools remote debugging requires a non-default data directory. Specify this using --user-data-dir.
  - [pid=12536][err] [12536:13636:0722/025913.987:ERROR:google_apis\gcm\engine\registration_request.cc:291] Registration response error message: DEPRECATED_ENDPOINT
  - [pid=12536][err] [12536:13636:0722/025939.175:ERROR:google_apis\gcm\engine\registration_request.cc:291] Registration response error message: DEPRECATED_ENDPOINT
  - [pid=12536] <gracefully close start>
  - [pid=12536] <kill>
  - [pid=12536] <will force kill>
  - [pid=12536] taskkill stderr: ERROR: The process "12536" not found.
  - [pid=12536] <process did exit: exitCode=0, signal=null>
  - [pid=12536] starting temporary directories cleanup
  - [pid=12536] finished temporary directories cleanup
  - [pid=12536] <gracefully close end>

[2026-07-22 03:07:03] ==================================================
[2026-07-22 03:07:03] UPLOAD BOT | PAGE: Test 2
[2026-07-22 03:07:03] ==================================================
[2026-07-22 03:07:03] [PRE] Killing Chrome...
[2026-07-22 03:07:06] [PRE] Done.
[2026-07-22 03:07:06] [PRE] Copying Chrome profile to temp...
[2026-07-22 03:07:06] [PRE] Copying: C:\Users\Asus\AppData\Local\Google\Chrome\User Data\Profile 2 → C:\Users\Asus\AppData\Local\Temp\fb_chrome_q92n69a0\Default
[2026-07-22 03:07:08] [PRE] Profile copied to: C:\Users\Asus\AppData\Local\Temp\fb_chrome_q92n69a0
[2026-07-22 03:07:08] [1/10] Original Profile : C:\Users\Asus\AppData\Local\Google\Chrome\User Data
[2026-07-22 03:07:08] [1/10] Temp Profile     : C:\Users\Asus\AppData\Local\Temp\fb_chrome_q92n69a0
[2026-07-22 03:07:08] [1/10] Video            : [EDITED]_FastLane Jackpot.mp4
[2026-07-22 03:07:08] [2/10] Launching Chrome with copied profile...
[2026-07-22 03:07:09] [3/10] ✅ Chrome launched successfully!
[2026-07-22 03:07:09] [3/10] Page ready.
[2026-07-22 03:07:09] [4/10] WARM-UP: 21s...
[2026-07-22 03:07:37] [4/10] WARM-UP done.
[2026-07-22 03:07:37] [5/10] → https://www.facebook.com/creatorstudio/
[2026-07-22 03:07:42] [5/10] Landed: https://www.facebook.com/creator_studio/welcome/?source=creatorstudio
[2026-07-22 03:07:42] [📸] C:\Users\Asus\Downloads\New Dev\FB_Empire_AutoBot_V9.1_Fixed (14)\app\after_nav_1784671662.png
[2026-07-22 03:07:42] [6/10] Finding Create button...
[2026-07-22 03:07:42] [>] text=Create Post
[2026-07-22 03:07:50] [>] text=Create post
[2026-07-22 03:07:58] [>] [data-testid='create-post-button']
[2026-07-22 03:08:06] [>] a[href*='create_post']
[2026-07-22 03:08:14] [>] [aria-label*='Create post' i]
[2026-07-22 03:08:22] [>] [aria-label*='Create' i]
[2026-07-22 03:08:24] [✓] Clicked: Create Post
[2026-07-22 03:08:27] [7/10] Selecting Video...
[2026-07-22 03:08:27] [>] text=Video
[2026-07-22 03:08:28] [✓] Clicked: Video Type
[2026-07-22 03:08:30] [8/10] Attaching video...
[2026-07-22 03:08:30] [8a] Method 1...
[2026-07-22 03:08:55] [8b] Method 2...
[2026-07-22 03:08:55] [8c] Method 3...
[2026-07-22 03:09:04] [8d] Method 4 JS...
[2026-07-22 03:09:05] [-] M4: 'Locator' object has no attribute 'set_files'
[2026-07-22 03:09:05] [-] All methods failed!
[2026-07-22 03:09:05] [📸] C:\Users\Asus\Downloads\New Dev\FB_Empire_AutoBot_V9.1_Fixed (14)\app\attach_fail_1784671745.png
[2026-07-22 03:09:07] [*] Temp profile cleaned.
[2026-07-22 03:09:11] ==================================================
[2026-07-22 03:09:11] UPLOAD BOT | PAGE: Test 2
[2026-07-22 03:09:11] ==================================================
[2026-07-22 03:09:11] [PRE] Killing Chrome...
[2026-07-22 03:09:14] [PRE] Done.
[2026-07-22 03:09:14] [PRE] Copying Chrome profile to temp...
[2026-07-22 03:09:14] [PRE] Copying: C:\Users\Asus\AppData\Local\Google\Chrome\User Data\Profile 2 → C:\Users\Asus\AppData\Local\Temp\fb_chrome_1foqkeld\Default
[2026-07-22 03:09:15] [PRE] Profile copied to: C:\Users\Asus\AppData\Local\Temp\fb_chrome_1foqkeld
[2026-07-22 03:09:15] [1/10] Original Profile : C:\Users\Asus\AppData\Local\Google\Chrome\User Data
[2026-07-22 03:09:15] [1/10] Temp Profile     : C:\Users\Asus\AppData\Local\Temp\fb_chrome_1foqkeld
[2026-07-22 03:09:15] [1/10] Video            : [EDITED]_FastLane Jackpot.mp4
[2026-07-22 03:09:15] [2/10] Launching Chrome with copied profile...
[2026-07-22 03:09:16] [3/10] ✅ Chrome launched successfully!
[2026-07-22 03:09:16] [3/10] Page ready.
[2026-07-22 03:09:16] [4/10] WARM-UP: 27s...
[2026-07-22 03:09:28] [-] WARM-UP: Mouse.wheel: Target page, context or browser has been closed
[2026-07-22 03:09:28] [-] Page error: BrowserContext.new_page: Target page, context or browser has been closed
[2026-07-22 03:09:31] [*] Temp profile cleaned.
[2026-07-22 03:14:19] ==================================================
[2026-07-22 03:14:19] UPLOAD BOT | PAGE: Test 2
[2026-07-22 03:14:19] ==================================================
[2026-07-22 03:14:19] [PRE] Killing Chrome...
[2026-07-22 03:14:22] [PRE] Chrome killed.
[2026-07-22 03:14:22] [PRE] Chrome found: C:\Program Files\Google\Chrome\Application\chrome.exe
[2026-07-22 03:14:22] [1/10] User Data : C:\Users\Asus\AppData\Local\Google\Chrome\User Data
[2026-07-22 03:14:22] [1/10] Profile  : Profile 2
[2026-07-22 03:14:22] [1/10] Chrome   : C:\Program Files\Google\Chrome\Application\chrome.exe
[2026-07-22 03:14:22] [1/10] Video    : [EDITED]_FastLane Jackpot.mp4
[2026-07-22 03:14:22] [2/10] Launching Chrome...
[2026-07-22 03:14:23] [2/10] Method 1: Chrome exe path...
[2026-07-22 03:14:50] [-] Method 1 failed: BrowserType.launch_persistent_context: Target page, context or browser has been closed
Browser logs:

<launching> C:\Program Files\Google\Chrome\Application\chrome.exe --disable-field-trial-config --disable-background-networking --disable-background-timer-throttling --disable-backgrounding-occluded-windows --disable-back-forward-cache --disable-breakpad --disable-client-side-phishing-detection --disable-component-extensions-with-background-pages --disable-component-update --no-default-browser-check --disable-default-apps --disable-dev-shm-usage --disable-edgeupdater --disable-extensions --disable-features=AvoidUnnecessaryBeforeUnloadCheckSync,BoundaryEventDispatchTracksNodeRemoval,DestroyProfileOnBrowserClose,DialMediaRouteProvider,GlobalMediaControls,HttpsUpgrades,LensOverlay,MediaRouter,PaintHolding,ThirdPartyStoragePartitioning,Translate,AutoDeElevate,RenderDocument,OptimizationHints,msForceBrowserSignIn,msEdgeUpdateLaunchServicesPreferredVersion --enable-features=CDPScreenshotNewSurface --allow-pre-commit-input --disable-hang-monitor --disable-ipc-flooding-protection --disable-popup-blocking --disable-prompt-on-repost --disable-renderer-backgrounding --force-color-profile=srgb --metrics-recording-only --no-first-run --password-store=basic --use-mock-keychain --no-service-autorun --export-tagged-pdf --disable-search-engine-choice-screen --unsafely-disable-devtools-self-xss-warnings --edge-skip-compat-layer-relaunch --disable-infobars --disable-search-engine-choice-screen --disable-sync --enable-unsafe-swiftshader --no-sandbox --no-sandbox --disable-dev-shm-usage --start-maximized --no-first-run --no-default-browser-check --disable-blink-features=AutomationControlled --profile-directory=Profile 2 --user-data-dir=C:\Users\Asus\AppData\Local\Google\Chrome\User Data --remote-debugging-pipe about:blank
<launched> pid=2416
[pid=2416][err] 
[pid=2416][err] DevTools remote debugging requires a non-default data directory. Specify this using --user-data-dir.
[pid=2416][err] [2416:9480:0722/031425.832:ERROR:google_apis\gcm\engine\registration_request.cc:291] Registration response error message: DEPRECATED_ENDPOINT
Call log:
  - <launching> C:\Program Files\Google\Chrome\Application\chrome.exe --disable-field-trial-config --disable-background-networking --disable-background-timer-throttling --disable-backgrounding-occluded-windows --disable-back-forward-cache --disable-breakpad --disable-client-side-phishing-detection --disable-component-extensions-with-background-pages --disable-component-update --no-default-browser-check --disable-default-apps --disable-dev-shm-usage --disable-edgeupdater --disable-extensions --disable-features=AvoidUnnecessaryBeforeUnloadCheckSync,BoundaryEventDispatchTracksNodeRemoval,DestroyProfileOnBrowserClose,DialMediaRouteProvider,GlobalMediaControls,HttpsUpgrades,LensOverlay,MediaRouter,PaintHolding,ThirdPartyStoragePartitioning,Translate,AutoDeElevate,RenderDocument,OptimizationHints,msForceBrowserSignIn,msEdgeUpdateLaunchServicesPreferredVersion --enable-features=CDPScreenshotNewSurface --allow-pre-commit-input --disable-hang-monitor --disable-ipc-flooding-protection --disable-popup-blocking --disable-prompt-on-repost --disable-renderer-backgrounding --force-color-profile=srgb --metrics-recording-only --no-first-run --password-store=basic --use-mock-keychain --no-service-autorun --export-tagged-pdf --disable-search-engine-choice-screen --unsafely-disable-devtools-self-xss-warnings --edge-skip-compat-layer-relaunch --disable-infobars --disable-search-engine-choice-screen --disable-sync --enable-unsafe-swiftshader --no-sandbox --no-sandbox --disable-dev-shm-usage --start-maximized --no-first-run --no-default-browser-check --disable-blink-features=AutomationControlled --profile-directory=Profile 2 --user-data-dir=C:\Users\Asus\AppData\Local\Google\Chrome\User Data --remote-debugging-pipe about:blank
  - <launched> pid=2416
  - [pid=2416][err]
  - [pid=2416][err] DevTools remote debugging requires a non-default data directory. Specify this using --user-data-dir.
  - [pid=2416][err] [2416:9480:0722/031425.832:ERROR:google_apis\gcm\engine\registration_request.cc:291] Registration response error message: DEPRECATED_ENDPOINT
  - [pid=2416] <gracefully close start>
  - [pid=2416] <kill>
  - [pid=2416] <will force kill>
  - [pid=2416] taskkill stderr: ERROR: The process "2416" not found.
  - [pid=2416] <process did exit: exitCode=0, signal=null>
  - [pid=2416] starting temporary directories cleanup
  - [pid=2416] finished temporary directories cleanup
  - [pid=2416] <gracefully close end>

[2026-07-22 03:14:50] [2/10] Method 2: channel=chrome...
[2026-07-22 03:15:04] [-] Method 2 failed: BrowserType.launch_persistent_context: Target page, context or browser has been closed
Browser logs:

<launching> C:\Program Files\Google\Chrome\Application\chrome.exe --disable-field-trial-config --disable-background-networking --disable-background-timer-throttling --disable-backgrounding-occluded-windows --disable-back-forward-cache --disable-breakpad --disable-client-side-phishing-detection --disable-component-extensions-with-background-pages --disable-component-update --no-default-browser-check --disable-default-apps --disable-dev-shm-usage --disable-edgeupdater --disable-extensions --disable-features=AvoidUnnecessaryBeforeUnloadCheckSync,BoundaryEventDispatchTracksNodeRemoval,DestroyProfileOnBrowserClose,DialMediaRouteProvider,GlobalMediaControls,HttpsUpgrades,LensOverlay,MediaRouter,PaintHolding,ThirdPartyStoragePartitioning,Translate,AutoDeElevate,RenderDocument,OptimizationHints,msForceBrowserSignIn,msEdgeUpdateLaunchServicesPreferredVersion --enable-features=CDPScreenshotNewSurface --allow-pre-commit-input --disable-hang-monitor --disable-ipc-flooding-protection --disable-popup-blocking --disable-prompt-on-repost --disable-renderer-backgrounding --force-color-profile=srgb --metrics-recording-only --no-first-run --password-store=basic --use-mock-keychain --no-service-autorun --export-tagged-pdf --disable-search-engine-choice-screen --unsafely-disable-devtools-self-xss-warnings --edge-skip-compat-layer-relaunch --disable-infobars --disable-search-engine-choice-screen --disable-sync --enable-unsafe-swiftshader --no-sandbox --no-sandbox --disable-dev-shm-usage --start-maximized --no-first-run --no-default-browser-check --disable-blink-features=AutomationControlled --profile-directory=Profile 2 --user-data-dir=C:\Users\Asus\AppData\Local\Google\Chrome\User Data --remote-debugging-pipe about:blank
<launched> pid=2412
[pid=2412][err] 
[pid=2412][err] DevTools remote debugging requires a non-default data directory. Specify this using --user-data-dir.
[pid=2412][err] [2412:25008:0722/031453.194:ERROR:google_apis\gcm\engine\registration_request.cc:291] Registration response error message: DEPRECATED_ENDPOINT
Call log:
  - <launching> C:\Program Files\Google\Chrome\Application\chrome.exe --disable-field-trial-config --disable-background-networking --disable-background-timer-throttling --disable-backgrounding-occluded-windows --disable-back-forward-cache --disable-breakpad --disable-client-side-phishing-detection --disable-component-extensions-with-background-pages --disable-component-update --no-default-browser-check --disable-default-apps --disable-dev-shm-usage --disable-edgeupdater --disable-extensions --disable-features=AvoidUnnecessaryBeforeUnloadCheckSync,BoundaryEventDispatchTracksNodeRemoval,DestroyProfileOnBrowserClose,DialMediaRouteProvider,GlobalMediaControls,HttpsUpgrades,LensOverlay,MediaRouter,PaintHolding,ThirdPartyStoragePartitioning,Translate,AutoDeElevate,RenderDocument,OptimizationHints,msForceBrowserSignIn,msEdgeUpdateLaunchServicesPreferredVersion --enable-features=CDPScreenshotNewSurface --allow-pre-commit-input --disable-hang-monitor --disable-ipc-flooding-protection --disable-popup-blocking --disable-prompt-on-repost --disable-renderer-backgrounding --force-color-profile=srgb --metrics-recording-only --no-first-run --password-store=basic --use-mock-keychain --no-service-autorun --export-tagged-pdf --disable-search-engine-choice-screen --unsafely-disable-devtools-self-xss-warnings --edge-skip-compat-layer-relaunch --disable-infobars --disable-search-engine-choice-screen --disable-sync --enable-unsafe-swiftshader --no-sandbox --no-sandbox --disable-dev-shm-usage --start-maximized --no-first-run --no-default-browser-check --disable-blink-features=AutomationControlled --profile-directory=Profile 2 --user-data-dir=C:\Users\Asus\AppData\Local\Google\Chrome\User Data --remote-debugging-pipe about:blank
  - <launched> pid=2412
  - [pid=2412][err]
  - [pid=2412][err] DevTools remote debugging requires a non-default data directory. Specify this using --user-data-dir.
  - [pid=2412][err] [2412:25008:0722/031453.194:ERROR:google_apis\gcm\engine\registration_request.cc:291] Registration response error message: DEPRECATED_ENDPOINT
  - [pid=2412] <gracefully close start>
  - [pid=2412] <kill>
  - [pid=2412] <will force kill>
  - [pid=2412] taskkill stderr: ERROR: The process "2412" not found.
  - [pid=2412] <process did exit: exitCode=0, signal=null>
  - [pid=2412] starting temporary directories cleanup
  - [pid=2412] finished temporary directories cleanup
  - [pid=2412] <gracefully close end>

[2026-07-22 03:15:04] [2/10] Method 3: playwright chrome...
[2026-07-22 03:15:04] [-] Method 3 failed: BrowserType.launch_persistent_context: Chromium distribution 'chrome-beta' is not found at C:\Users\Asus\AppData\Local\Google\Chrome Beta\Application\chrome.exe
Run "playwright install chrome-beta"
[2026-07-22 03:15:04] [-] FATAL: Could not launch Chrome!
    Make sure Chrome is installed.
    Run: playwright install chrome
[2026-07-22 03:15:30] ==================================================
[2026-07-22 03:15:30] UPLOAD BOT | PAGE: Test 2
[2026-07-22 03:15:30] ==================================================
[2026-07-22 03:15:30] [PRE] Killing Chrome...
[2026-07-22 03:15:33] [PRE] Chrome killed.
[2026-07-22 03:15:33] [PRE] Chrome found: C:\Program Files\Google\Chrome\Application\chrome.exe
[2026-07-22 03:15:33] [1/10] User Data : C:\Users\Asus\AppData\Local\Google\Chrome\User Data
[2026-07-22 03:15:33] [1/10] Profile  : Profile 2
[2026-07-22 03:15:33] [1/10] Chrome   : C:\Program Files\Google\Chrome\Application\chrome.exe
[2026-07-22 03:15:33] [1/10] Video    : [EDITED]_FastLane Jackpot.mp4
[2026-07-22 03:15:33] [2/10] Launching Chrome...
[2026-07-22 03:15:33] [2/10] Method 1: Chrome exe path...
[2026-07-22 03:16:33] [-] Method 1 failed: BrowserType.launch_persistent_context: Timeout 60000ms exceeded.
Call log:
  - <launching> C:\Program Files\Google\Chrome\Application\chrome.exe --disable-field-trial-config --disable-background-networking --disable-background-timer-throttling --disable-backgrounding-occluded-windows --disable-back-forward-cache --disable-breakpad --disable-client-side-phishing-detection --disable-component-extensions-with-background-pages --disable-component-update --no-default-browser-check --disable-default-apps --disable-dev-shm-usage --disable-edgeupdater --disable-extensions --disable-features=AvoidUnnecessaryBeforeUnloadCheckSync,BoundaryEventDispatchTracksNodeRemoval,DestroyProfileOnBrowserClose,DialMediaRouteProvider,GlobalMediaControls,HttpsUpgrades,LensOverlay,MediaRouter,PaintHolding,ThirdPartyStoragePartitioning,Translate,AutoDeElevate,RenderDocument,OptimizationHints,msForceBrowserSignIn,msEdgeUpdateLaunchServicesPreferredVersion --enable-features=CDPScreenshotNewSurface --allow-pre-commit-input --disable-hang-monitor --disable-ipc-flooding-protection --disable-popup-blocking --disable-prompt-on-repost --disable-renderer-backgrounding --force-color-profile=srgb --metrics-recording-only --no-first-run --password-store=basic --use-mock-keychain --no-service-autorun --export-tagged-pdf --disable-search-engine-choice-screen --unsafely-disable-devtools-self-xss-warnings --edge-skip-compat-layer-relaunch --disable-infobars --disable-search-engine-choice-screen --disable-sync --enable-unsafe-swiftshader --no-sandbox --no-sandbox --disable-dev-shm-usage --start-maximized --no-first-run --no-default-browser-check --disable-blink-features=AutomationControlled --profile-directory=Profile 2 --user-data-dir=C:\Users\Asus\AppData\Local\Google\Chrome\User Data --remote-debugging-pipe about:blank
  - <launched> pid=17568
  - [pid=17568][err]
  - [pid=17568][err] DevTools remote debugging requires a non-default data directory. Specify this using --user-data-dir.
  - [pid=17568][err] [17568:19860:0722/031536.653:ERROR:google_apis\gcm\engine\registration_request.cc:291] Registration response error message: DEPRECATED_ENDPOINT
  - [pid=17568][err] [17568:19860:0722/031558.457:ERROR:google_apis\gcm\engine\registration_request.cc:291] Registration response error message: DEPRECATED_ENDPOINT

[2026-07-22 03:16:33] [2/10] Method 2: channel=chrome...
[2026-07-22 03:16:34] [-] Method 2 failed: BrowserType.launch_persistent_context: Opening in existing browser session. This usually means that the profile is already in use by another instance of Chromium.
Call log:
  - <launching> C:\Program Files\Google\Chrome\Application\chrome.exe --disable-field-trial-config --disable-background-networking --disable-background-timer-throttling --disable-backgrounding-occluded-windows --disable-back-forward-cache --disable-breakpad --disable-client-side-phishing-detection --disable-component-extensions-with-background-pages --disable-component-update --no-default-browser-check --disable-default-apps --disable-dev-shm-usage --disable-edgeupdater --disable-extensions --disable-features=AvoidUnnecessaryBeforeUnloadCheckSync,BoundaryEventDispatchTracksNodeRemoval,DestroyProfileOnBrowserClose,DialMediaRouteProvider,GlobalMediaControls,HttpsUpgrades,LensOverlay,MediaRouter,PaintHolding,ThirdPartyStoragePartitioning,Translate,AutoDeElevate,RenderDocument,OptimizationHints,msForceBrowserSignIn,msEdgeUpdateLaunchServicesPreferredVersion --enable-features=CDPScreenshotNewSurface --allow-pre-commit-input --disable-hang-monitor --disable-ipc-flooding-protection --disable-popup-blocking --disable-prompt-on-repost --disable-renderer-backgrounding --force-color-profile=srgb --metrics-recording-only --no-first-run --password-store=basic --use-mock-keychain --no-service-autorun --export-tagged-pdf --disable-search-engine-choice-screen --unsafely-disable-devtools-self-xss-warnings --edge-skip-compat-layer-relaunch --disable-infobars --disable-search-engine-choice-screen --disable-sync --enable-unsafe-swiftshader --no-sandbox --no-sandbox --disable-dev-shm-usage --start-maximized --no-first-run --no-default-browser-check --disable-blink-features=AutomationControlled --profile-directory=Profile 2 --user-data-dir=C:\Users\Asus\AppData\Local\Google\Chrome\User Data --remote-debugging-pipe about:blank
  - <launched> pid=13620
  - [pid=13620][out] Opening in existing browser session.
  - [pid=13620] <gracefully close start>
  - [pid=13620] <kill>
  - [pid=13620] <will force kill>
  - [pid=13620] taskkill stderr: ERROR: The process "13620" not found.
  - [pid=13620] <process did exit: exitCode=0, signal=null>
  - [pid=13620] starting temporary directories cleanup
  - [pid=13620] finished temporary directories cleanup
  - [pid=13620] <gracefully close end>

[2026-07-22 03:16:34] [2/10] Method 3: playwright chrome...
[2026-07-22 03:16:34] [-] Method 3 failed: BrowserType.launch_persistent_context: Chromium distribution 'chrome-beta' is not found at C:\Users\Asus\AppData\Local\Google\Chrome Beta\Application\chrome.exe
Run "playwright install chrome-beta"
[2026-07-22 03:16:34] [-] FATAL: Could not launch Chrome!
    Make sure Chrome is installed.
    Run: playwright install chrome
[2026-07-22 03:23:58] ==================================================
[2026-07-22 03:23:58] UPLOAD BOT | PAGE: Test 2
[2026-07-22 03:23:58] ==================================================
[2026-07-22 03:23:58] [PRE] Killing Chrome...
[2026-07-22 03:24:03] [PRE] Chrome killed.
[2026-07-22 03:24:03] [1/10] User Data : C:\Users\Asus\AppData\Local\Google\Chrome\User Data
[2026-07-22 03:24:03] [1/10] Profile  : Profile 2
[2026-07-22 03:24:03] [1/10] Video    : [EDITED]_FastLane Jackpot.mp4
[2026-07-22 03:24:03] [2/10] Launching Chrome...
[2026-07-22 03:24:20] [-] PROFILE ERROR!

    ❌ Problem: Tum Default Chrome profile
       use kar rahe ho jo allowed nahi hai.

    ✅ Solution:
    1. Chrome kholo
    2. New Profile banao (naam: FB Bot)
    3. Us profile mein Facebook login karo
    4. Chrome band karo
    5. Profile folder dhundo:
       C:\Users\Asus\AppData\Local\Google\Chrome\User Data\
       Naya folder hoga: Profile 3 ya Profile 4
    6. Tool Settings mein woh path dalo
    7. Retry karo
[2026-07-22 03:24:41] ==================================================
[2026-07-22 03:24:41] UPLOAD BOT | PAGE: Test 2
[2026-07-22 03:24:41] ==================================================
[2026-07-22 03:24:41] [PRE] Killing Chrome...
[2026-07-22 03:24:46] [PRE] Chrome killed.
[2026-07-22 03:24:46] [1/10] User Data : C:\Users\Asus\AppData\Local\Google\Chrome\User Data
[2026-07-22 03:24:46] [1/10] Profile  : Profile 2
[2026-07-22 03:24:46] [1/10] Video    : [EDITED]_FastLane Jackpot.mp4
[2026-07-22 03:24:46] [2/10] Launching Chrome...
[2026-07-22 03:25:47] [-] Chrome launch timeout!
    Chrome band karo manually aur retry karo.
[2026-07-22 03:26:02] ==================================================
[2026-07-22 03:26:02] UPLOAD BOT | PAGE: Test 2
[2026-07-22 03:26:02] ==================================================
[2026-07-22 03:26:02] [PRE] Killing Chrome...
[2026-07-22 03:26:07] [PRE] Chrome killed.
[2026-07-22 03:26:07] [1/10] User Data : C:\Users\Asus\AppData\Local\Google\Chrome\User Data
[2026-07-22 03:26:07] [1/10] Profile  : Profile 2
[2026-07-22 03:26:07] [1/10] Video    : [EDITED]_FastLane Jackpot.mp4
[2026-07-22 03:26:07] [2/10] Launching Chrome...
[2026-07-22 03:27:07] [-] Chrome launch timeout!
    Chrome band karo manually aur retry karo.
[2026-07-22 03:32:47] ==================================================
[2026-07-22 03:32:47] UPLOAD BOT | PAGE: Test 2
[2026-07-22 03:32:47] ==================================================
[2026-07-22 03:32:47] [PRE] Killing Chrome...
[2026-07-22 03:32:50] [PRE] Chrome killed.
[2026-07-22 03:32:50] [1/10] User Data: C:\Users\Asus\AppData\Local\Google\Chrome\User Data
[2026-07-22 03:32:50] [1/10] Profile : Profile 2
[2026-07-22 03:32:50] [1/10] Video   : [EDITED]_FastLane Jackpot.mp4
[2026-07-22 03:32:50] [2/10] Launching Chrome (undetected)...
[2026-07-22 03:34:06] [-] FATAL: SessionNotCreatedException: Message: session not created: cannot connect to chrome at 127.0.0.1:60033
from chrome not reachable; For documentation on this error, please visit: https://www.selenium.dev/documentation/webdriver/tro
[2026-07-22 03:47:43] ==================================================
[2026-07-22 03:47:43] UPLOAD BOT | PAGE: Test 2
[2026-07-22 03:47:43] ==================================================
[2026-07-22 03:47:43] [PRE] ChromeDriver: C:\Users\Asus\Downloads\New Dev\FB_Empire_AutoBot_V9.1_Fixed (14)\app\chromedriver.exe
[2026-07-22 03:47:43] [PRE] Killing Chrome...
[2026-07-22 03:47:46] [PRE] Done.
[2026-07-22 03:47:46] [1/10] User Data: C:\Users\Asus\AppData\Local\Google\Chrome\User Data
[2026-07-22 03:47:46] [1/10] Profile : Profile 2
[2026-07-22 03:47:46] [1/10] Video   : [EDITED]_FastLane Jackpot.mp4
[2026-07-22 03:47:46] [1/10] Driver  : C:\Users\Asus\Downloads\New Dev\FB_Empire_AutoBot_V9.1_Fixed (14)\app\chromedriver.exe
[2026-07-22 03:47:46] [2/10] Launching Chrome...
[2026-07-22 03:48:12] [-] ChromeDriver mismatch!
    Chrome version ke saath matching
    chromedriver download karo:
    https://googlechromelabs.github.io/chrome-for-testing/
    Error: Message: session not created: Chrome instance exited. Examine ChromeDriver verbose log to determine 
[2026-07-22 03:48:25] ==================================================
[2026-07-22 03:48:25] UPLOAD BOT | PAGE: Test 2
[2026-07-22 03:48:25] ==================================================
[2026-07-22 03:48:25] [PRE] ChromeDriver: C:\Users\Asus\Downloads\New Dev\FB_Empire_AutoBot_V9.1_Fixed (14)\app\chromedriver.exe
[2026-07-22 03:48:25] [PRE] Killing Chrome...
[2026-07-22 03:48:28] [PRE] Done.
[2026-07-22 03:48:28] [1/10] User Data: C:\Users\Asus\AppData\Local\Google\Chrome\User Data
[2026-07-22 03:48:28] [1/10] Profile : Profile 2
[2026-07-22 03:48:28] [1/10] Video   : [EDITED]_FastLane Jackpot.mp4
[2026-07-22 03:48:28] [1/10] Driver  : C:\Users\Asus\Downloads\New Dev\FB_Empire_AutoBot_V9.1_Fixed (14)\app\chromedriver.exe
[2026-07-22 03:48:28] [2/10] Launching Chrome...
[2026-07-22 03:49:31] [-] ChromeDriver mismatch!
    Chrome version ke saath matching
    chromedriver download karo:
    https://googlechromelabs.github.io/chrome-for-testing/
    Error: Message: session not created: DevToolsActivePort file doesn't exist
Stacktrace:
	chromedriver!GetHan
[2026-07-22 03:56:52] ==================================================
[2026-07-22 03:56:52] UPLOAD BOT | PAGE: Test 2
[2026-07-22 03:56:52] ==================================================
[2026-07-22 03:56:52] [PRE] ChromeDriver: C:\Users\Asus\Downloads\New Dev\FB_Empire_AutoBot_V9.1_Fixed (14)\app\chromedriver.exe
[2026-07-22 03:56:52] [PRE] Killing Chrome...
[2026-07-22 03:56:55] [PRE] Chrome killed.
[2026-07-22 03:56:55] [PRE] Preparing profile...
[2026-07-22 03:56:55] [PRE] Temp dir: C:\Users\Asus\AppData\Local\Temp\fb_bot__e3p22ig
[2026-07-22 03:56:55] [PRE] Copying: C:\Users\Asus\AppData\Local\Google\Chrome\User Data\Profile 2
[2026-07-22 03:56:55] [PRE]      to: C:\Users\Asus\AppData\Local\Temp\fb_bot__e3p22ig\Default
[2026-07-22 03:56:56] [PRE] ✅ Profile copied!
[2026-07-22 03:56:56] [1/10] Original: C:\Users\Asus\AppData\Local\Google\Chrome\User Data
[2026-07-22 03:56:56] [1/10] Profile : Profile 2
[2026-07-22 03:56:56] [1/10] Temp    : C:\Users\Asus\AppData\Local\Temp\fb_bot__e3p22ig
[2026-07-22 03:56:56] [1/10] Video   : [EDITED]_FastLane Jackpot.mp4
[2026-07-22 03:56:56] [2/10] Launching Chrome...
[2026-07-22 03:56:57] [3/10] ✅ Chrome launched!
[2026-07-22 03:56:57] [3/10] URL: chrome://new-tab-page/
[2026-07-22 03:56:57] [4/10] WARM-UP: 30s...
[2026-07-22 03:57:11] [-] WARM-UP: Message: invalid session id: session deleted as the browser has closed the connection
from disconnected: not connected to DevTools
  (Session info: chrome=150.0.7871.129)
Stacktrace:
	chromedriver!GetHandleVerifier [0x7ff7ab7c3ff5+5ba375]
	chromedriver!GetHandleVerifier [0x7ff7ab21f0a0+15420]
	chromedriver!(No symbol) [0x7ff7aad55b8d]
	chromedriver!(No symbol) [0x7ff7aad41362]
	chromedriver!(No symbol) [0x7ff7aad672b6]
	chromedriver!(No symbol) [0x7ff7aade0f90]
	chromedriver!(No symbol) [0x7ff7aadfe172]
	chromedriver!(No symbol) [0x7ff7aada30cc]
	chromedriver!(No symbol) [0x7ff7aada3fe3]
	chromedriver!GetHandleVerifier [0x7ff7ab7f0d81+5e7101]
	chromedriver!GetHandleVerifier [0x7ff7ab7eb0ea+5e146a]
	chromedriver!GetHandleVerifier [0x7ff7ab810a15+606d95]
	chromedriver!GetHandleVerifier [0x7ff7ab23ca1e+32d9e]
	chromedriver!GetHandleVerifier [0x7ff7ab24520c+3b58c]
	chromedriver!GetHandleVerifier [0x7ff7ab2292b4+1f634]
	chromedriver!GetHandleVerifier [0x7ff7ab229444+1f7c4]
	chromedriver!GetHandleVerifier [0x7ff7ab20bf67+22e7]
	KERNEL32!BaseThreadInitThunk [0x7ff86f0ee957+17]
	ntdll!RtlUserThreadStart [0x7ff86f68ad6c+2c]

[2026-07-22 03:57:11] [5/10] → https://www.facebook.com/creatorstudio/
[2026-07-22 03:57:11] [-] https://www.facebook.com/creatorstudio/: Message: invalid session id
Stacktrace:
	chromedriver!GetHandleVerifier [0x7ff7ab7c3ff5+5ba375]
	chromedriver!GetHandleVerifier [0x7ff7ab21f0a0+15420]
	chromedriver!(No symbol) [0x7ff7aad55976]
	chromedriver!(No symbol) [0x7ff7aada2136]
	chromedriver!(No symbol) [0x7ff7aadd9352]
	chromedriver!(No symbol) [0x7ff7aadd3172]
	chromedriver!(No symbol) [0x7ff7aadd2933]
	chromedriver!(No symbol) [0x7ff7aad1e07b]
	chromedriver!(No symbol) [0x7ff7aad1e6d2]
	chromedriver!(No symbol) [0x7ff7aad1ec95]
	chromedriver!GetHandleVerifier [0x7ff7ab7f0d81+5e7101]
	chromedriver!GetHandleVerifier [0x7ff7ab7eb0ea+5e146a]
	chromedriver!GetHandleVerifier [0x7ff7ab810a15+606d95]
	chromedriver!GetHandleVerifier [0x7ff7ab23ca1e+32d9e]
	chromedriver!GetHandleVerifier [0x7ff7ab24520c+3b58c]
	chromedriver!(No symbol) [0x7ff7aad1d5fc]
	chromedriver!GetHandleVerifier [0x7ff7ab9b2eb8+7a9238]
	KERNEL32!BaseThreadInitThunk [0x7ff86f0ee957+17]
	ntdll!RtlUserThreadStart [0x7ff86f68ad6c+2c]

[2026-07-22 03:57:11] [5/10] → https://business.facebook.com/creatorstudio/
[2026-07-22 03:57:11] [-] https://business.facebook.com/creatorstudio/: Message: invalid session id
Stacktrace:
	chromedriver!GetHandleVerifier [0x7ff7ab7c3ff5+5ba375]
	chromedriver!GetHandleVerifier [0x7ff7ab21f0a0+15420]
	chromedriver!(No symbol) [0x7ff7aad55976]
	chromedriver!(No symbol) [0x7ff7aada2136]
	chromedriver!(No symbol) [0x7ff7aadd9352]
	chromedriver!(No symbol) [0x7ff7aadd3172]
	chromedriver!(No symbol) [0x7ff7aadd2933]
	chromedriver!(No symbol) [0x7ff7aad1e07b]
	chromedriver!(No symbol) [0x7ff7aad1e6d2]
	chromedriver!(No symbol) [0x7ff7aad1ec95]
	chromedriver!GetHandleVerifier [0x7ff7ab7f0d81+5e7101]
	chromedriver!GetHandleVerifier [0x7ff7ab7eb0ea+5e146a]
	chromedriver!GetHandleVerifier [0x7ff7ab810a15+606d95]
	chromedriver!GetHandleVerifier [0x7ff7ab23ca1e+32d9e]
	chromedriver!GetHandleVerifier [0x7ff7ab24520c+3b58c]
	chromedriver!(No symbol) [0x7ff7aad1d5fc]
	chromedriver!GetHandleVerifier [0x7ff7ab9b2eb8+7a9238]
	KERNEL32!BaseThreadInitThunk [0x7ff86f0ee957+17]
	ntdll!RtlUserThreadStart [0x7ff86f68ad6c+2c]

[2026-07-22 03:57:11] [5/10] → https://business.facebook.com/latest/home
[2026-07-22 03:57:11] [-] https://business.facebook.com/latest/home: Message: invalid session id
Stacktrace:
	chromedriver!GetHandleVerifier [0x7ff7ab7c3ff5+5ba375]
	chromedriver!GetHandleVerifier [0x7ff7ab21f0a0+15420]
	chromedriver!(No symbol) [0x7ff7aad55976]
	chromedriver!(No symbol) [0x7ff7aada2136]
	chromedriver!(No symbol) [0x7ff7aadd9352]
	chromedriver!(No symbol) [0x7ff7aadd3172]
	chromedriver!(No symbol) [0x7ff7aadd2933]
	chromedriver!(No symbol) [0x7ff7aad1e07b]
	chromedriver!(No symbol) [0x7ff7aad1e6d2]
	chromedriver!(No symbol) [0x7ff7aad1ec95]
	chromedriver!GetHandleVerifier [0x7ff7ab7f0d81+5e7101]
	chromedriver!GetHandleVerifier [0x7ff7ab7eb0ea+5e146a]
	chromedriver!GetHandleVerifier [0x7ff7ab810a15+606d95]
	chromedriver!GetHandleVerifier [0x7ff7ab23ca1e+32d9e]
	chromedriver!GetHandleVerifier [0x7ff7ab24520c+3b58c]
	chromedriver!(No symbol) [0x7ff7aad1d5fc]
	chromedriver!GetHandleVerifier [0x7ff7ab9b2eb8+7a9238]
	KERNEL32!BaseThreadInitThunk [0x7ff86f0ee957+17]
	ntdll!RtlUserThreadStart [0x7ff86f68ad6c+2c]

[2026-07-22 03:57:11] [-] No URL loaded!
[2026-07-22 03:57:16] [*] Browser closed.
[2026-07-22 04:10:56] ==================================================
[2026-07-22 04:10:56] UPLOAD BOT | PAGE: Test 2
[2026-07-22 04:10:56] ==================================================
[2026-07-22 04:10:56] [PRE] ChromeDriver: C:\Users\Asus\Downloads\New Dev\FB_Empire_AutoBot_V9.1_Fixed (14)\app\chromedriver.exe
[2026-07-22 04:10:56] [PRE] Killing Chrome...
[2026-07-22 04:10:59] [PRE] Chrome killed.
[2026-07-22 04:10:59] [1/10] User Data: C:\ChromeBot
[2026-07-22 04:10:59] [1/10] Profile : Default
[2026-07-22 04:10:59] [1/10] Video   : [EDITED]_FastLane Jackpot.mp4
[2026-07-22 04:10:59] [2/10] Launching Chrome...
[2026-07-22 04:11:02] [3/10] ✅ Chrome launched!
[2026-07-22 04:11:02] [3/10] URL: chrome://new-tab-page/
[2026-07-22 04:11:02] [4/10] WARM-UP: 17s...
[2026-07-22 04:11:30] [4/10] WARM-UP done.
[2026-07-22 04:11:30] [5/10] → https://www.facebook.com/creatorstudio/
[2026-07-22 04:11:37] [5/10] Landed: https://www.facebook.com/creator_studio/welcome/?source=creatorstudio
[2026-07-22 04:11:38] [📸] C:\Users\Asus\Downloads\New Dev\FB_Empire_AutoBot_V9.1_Fixed (14)\app\after_nav_1784675497.png
[2026-07-22 04:11:38] [6/10] Finding Create button...
[2026-07-22 04:11:38] [>] //*[text()='Create post']
[2026-07-22 04:12:00] [>] //*[text()='Create Post']
[2026-07-22 04:12:09] [>] //button[contains(text(),'Create')]
[2026-07-22 04:12:09] [>] //a[contains(@href,'create_post')]
[2026-07-22 04:12:09] [>] [aria-label*='Create post' i]
[2026-07-22 04:12:09] [>] [data-testid='create-post-button']
[2026-07-22 04:12:09] [>] //div[@role='button'][contains(.,'Create')]
[2026-07-22 04:12:09] [-] Not found: Create Post
[2026-07-22 04:12:14] [*] Browser closed.
[2026-07-22 04:12:22] ==================================================
[2026-07-22 04:12:22] UPLOAD BOT | PAGE: Test 2
[2026-07-22 04:12:22] ==================================================
[2026-07-22 04:12:22] [PRE] ChromeDriver: C:\Users\Asus\Downloads\New Dev\FB_Empire_AutoBot_V9.1_Fixed (14)\app\chromedriver.exe
[2026-07-22 04:12:22] [PRE] Killing Chrome...
[2026-07-22 04:12:25] [PRE] Chrome killed.
[2026-07-22 04:12:25] [1/10] User Data: C:\ChromeBot
[2026-07-22 04:12:25] [1/10] Profile : Default
[2026-07-22 04:12:25] [1/10] Video   : [EDITED]_FastLane Jackpot.mp4
[2026-07-22 04:12:25] [2/10] Launching Chrome...
[2026-07-22 04:12:27] [3/10] ✅ Chrome launched!
[2026-07-22 04:12:27] [3/10] URL: chrome://new-tab-page/
[2026-07-22 04:12:27] [4/10] WARM-UP: 20s...
[2026-07-22 04:12:57] [4/10] WARM-UP done.
[2026-07-22 04:12:57] [5/10] → https://www.facebook.com/creatorstudio/
[2026-07-22 04:13:06] [5/10] Landed: https://www.facebook.com/creator_studio/welcome/?source=creatorstudio
[2026-07-22 04:13:06] [📸] C:\Users\Asus\Downloads\New Dev\FB_Empire_AutoBot_V9.1_Fixed (14)\app\after_nav_1784675586.png
[2026-07-22 04:13:06] [6/10] Finding Create button...
[2026-07-22 04:13:06] [>] //*[text()='Create post']
[2026-07-22 04:13:17] [>] //*[text()='Create Post']
[2026-07-22 04:13:27] [>] //button[contains(text(),'Create')]
[2026-07-22 04:13:36] [>] //a[contains(@href,'create_post')]
[2026-07-22 04:13:36] [>] [aria-label*='Create post' i]
[2026-07-22 04:13:36] [>] [data-testid='create-post-button']
[2026-07-22 04:13:36] [>] //div[@role='button'][contains(.,'Create')]
[2026-07-22 04:13:36] [-] Not found: Create Post
[2026-07-22 04:13:41] [*] Browser closed.
[2026-07-22 04:20:14] ==================================================
[2026-07-22 04:20:14] UPLOAD BOT | PAGE: Test 2
[2026-07-22 04:20:14] ==================================================
[2026-07-22 04:20:14] [PRE] ChromeDriver: C:\Users\Asus\Downloads\New Dev\FB_Empire_AutoBot_V9.1_Fixed (14)\app\chromedriver.exe
[2026-07-22 04:20:14] [PRE] Killing Chrome...
[2026-07-22 04:20:18] [PRE] Done.
[2026-07-22 04:20:18] [1/10] User Data: C:\ChromeBot
[2026-07-22 04:20:18] [1/10] Profile : Default
[2026-07-22 04:20:18] [1/10] Page    : Test 2
[2026-07-22 04:20:18] [1/10] Video   : [EDITED]_FastLane Jackpot.mp4
[2026-07-22 04:20:18] [2/10] Launching Chrome...
[2026-07-22 04:20:20] [3/10] ✅ Chrome launched!
[2026-07-22 04:20:20] [4/10] WARM-UP: 29s...
[2026-07-22 04:21:00] [4/10] WARM-UP done.
[2026-07-22 04:21:00] [5/10] Opening Meta Business Suite...
[2026-07-22 04:21:00] [5/10] → https://business.facebook.com/latest/home
[2026-07-22 04:21:12] [5/10] Landed: https://business.facebook.com/latest/home?asset_id=104857458997914&business_id=884449073586608&ir_qe_exposed=1
[2026-07-22 04:21:13] [📸] C:\Users\Asus\Downloads\New Dev\FB_Empire_AutoBot_V9.1_Fixed (14)\app\business_suite_home_1784676072.png
[2026-07-22 04:21:13] [5b/10] Switching to page...
[2026-07-22 04:21:13] [*] Switching to page: Test 2...
[2026-07-22 04:21:13] [>] [data-testid='business-selector']
[2026-07-22 04:21:23] [>] [aria-label*='Switch' i]
[2026-07-22 04:21:34] [>] //div[contains(@aria-label,'account')]
[2026-07-22 04:21:44] [>] //div[contains(@aria-label,'Switch')]
[2026-07-22 04:21:55] [>] div[role='button'][tabindex='0']
[2026-07-22 04:21:55] [✓] Clicked: Page Selector
[2026-07-22 04:21:57] [>] //*[contains(text(),'Test 2')]
[2026-07-22 04:22:08] [>] //span[contains(text(),'Test 2')]
[2026-07-22 04:22:18] [>] //div[contains(text(),'Test 2')]
[2026-07-22 04:22:29] [>] //a[contains(text(),'Test 2')]
[2026-07-22 04:22:40] [-] Not found: Page: Test 2
[2026-07-22 04:22:40] [*] Trying direct page URL...
[2026-07-22 04:22:48] [>] //*[contains(text(),'Test 2')]
[2026-07-22 04:22:59] [>] //a[contains(text(),'Test 2')]
[2026-07-22 04:23:09] [>] //span[contains(text(),'Test 2')]
[2026-07-22 04:23:20] [-] Not found: Page Link: Test 2
[2026-07-22 04:23:20] [*] Checking if page is already selected...
[2026-07-22 04:23:21] [!] Could not switch to page: Test 2
    Will try posting anyway...
[2026-07-22 04:23:24] [📸] C:\Users\Asus\Downloads\New Dev\FB_Empire_AutoBot_V9.1_Fixed (14)\app\after_page_switch_1784676203.png
[2026-07-22 04:23:24] [6/10] Finding Create Post...
[2026-07-22 04:23:24] [>] //span[text()='Create post']
[2026-07-22 04:23:34] [>] //span[text()='Create Post']
[2026-07-22 04:23:45] [>] //div[text()='Create post']
[2026-07-22 04:23:55] [>] //button[.//span[text()='Create post']]
[2026-07-22 04:24:06] [>] //a[.//span[text()='Create post']]
[2026-07-22 04:24:16] [>] [aria-label*='Create post' i]
[2026-07-22 04:24:27] [>] [aria-label*='Create' i]
[2026-07-22 04:24:28] [✓] Clicked: Create Post
[2026-07-22 04:24:31] [📸] C:\Users\Asus\Downloads\New Dev\FB_Empire_AutoBot_V9.1_Fixed (14)\app\after_create_click_1784676271.png
[2026-07-22 04:24:32] [7/10] Selecting Video/Reel...
[2026-07-22 04:24:32] [>] //span[text()='Reel']
[2026-07-22 04:24:42] [>] //span[text()='Video']
[2026-07-22 04:24:53] [>] //div[text()='Reel']
[2026-07-22 04:24:53] [✓] Clicked: Video/Reel Type
[2026-07-22 04:24:57] [📸] C:\Users\Asus\Downloads\New Dev\FB_Empire_AutoBot_V9.1_Fixed (14)\app\after_video_select_1784676296.png
[2026-07-22 04:24:57] [8/10] Attaching: [EDITED]_FastLane Jackpot.mp4
[2026-07-22 04:24:57] [8a] Method 1: Upload button...
[2026-07-22 04:26:18] [8b] Method 2: Direct input...
[2026-07-22 04:26:18] [-] M2: Message: invalid session id
Stacktrace:
	chromedriver!GetHandleVerifier [0x7ff7ab7c3ff5+5ba375]
	chromedriver!GetHandleVerifier [0x7ff7ab21f0a0+15420]
	chromedriver!(No symbol) [0x7ff7aad55976]
	chromedriver!(No symbol) [0x7ff7aada2136]
	chromedriver!(No symbol) [0x7ff7aadd9352]
	chromedriver!(No symbol) [0x7ff7aadd3172]
	chromedriver!(No symbol) [0x7ff7aadd2933]
	chromedriver!(No symbol) [0x7ff7aad1e07b]
	chromedriver!(No symbol) [0x7ff7aad1e6d2]
	chromedriver!(No symbol) [0x7ff7aad1ec95]
	chromedriver!GetHandleVerifier [0x7ff7ab7f0d81+5e7101]
	chromedriver!GetHandleVerifier [0x7ff7ab7eb0ea+5e146a]
	chromedriver!GetHandleVerifier [0x7ff7ab810a15+606d95]
	chromedriver!GetHandleVerifier [0x7ff7ab23ca1e+32d9e]
	chromedriver!GetHandleVerifier [0x7ff7ab24520c+3b58c]
	chromedriver!(No symbol) [0x7ff7aad1d5fc]
	chromedriver!GetHandleVerifier [0x7ff7ab9b2eb8+7a9238]
	KERNEL32!BaseThreadInitThunk [0x7ff86f0ee957+17]
	ntdll!RtlUserThreadStart [0x7ff86f68ad6c+2c]

[2026-07-22 04:26:18] [8c] Method 3: Drop zone...
[2026-07-22 04:26:18] [8d] Method 4: JS inject...
[2026-07-22 04:26:18] [-] M4: Message: invalid session id
Stacktrace:
	chromedriver!GetHandleVerifier [0x7ff7ab7c3ff5+5ba375]
	chromedriver!GetHandleVerifier [0x7ff7ab21f0a0+15420]
	chromedriver!(No symbol) [0x7ff7aad55976]
	chromedriver!(No symbol) [0x7ff7aada2136]
	chromedriver!(No symbol) [0x7ff7aadd9352]
	chromedriver!(No symbol) [0x7ff7aadd3172]
	chromedriver!(No symbol) [0x7ff7aadd2933]
	chromedriver!(No symbol) [0x7ff7aad1e07b]
	chromedriver!(No symbol) [0x7ff7aad1e6d2]
	chromedriver!(No symbol) [0x7ff7aad1ec95]
	chromedriver!GetHandleVerifier [0x7ff7ab7f0d81+5e7101]
	chromedriver!GetHandleVerifier [0x7ff7ab7eb0ea+5e146a]
	chromedriver!GetHandleVerifier [0x7ff7ab810a15+606d95]
	chromedriver!GetHandleVerifier [0x7ff7ab23ca1e+32d9e]
	chromedriver!GetHandleVerifier [0x7ff7ab24520c+3b58c]
	chromedriver!(No symbol) [0x7ff7aad1d5fc]
	chromedriver!GetHandleVerifier [0x7ff7ab9b2eb8+7a9238]
	KERNEL32!BaseThreadInitThunk [0x7ff86f0ee957+17]
	ntdll!RtlUserThreadStart [0x7ff86f68ad6c+2c]

[2026-07-22 04:26:18] [-] All attach methods failed!
[2026-07-22 04:26:24] [*] Browser closed.
[2026-07-22 04:27:39] ==================================================
[2026-07-22 04:27:39] UPLOAD BOT | PAGE: Test 2
[2026-07-22 04:27:39] ==================================================
[2026-07-22 04:27:39] [PRE] ChromeDriver: C:\Users\Asus\Downloads\New Dev\FB_Empire_AutoBot_V9.1_Fixed (14)\app\chromedriver.exe
[2026-07-22 04:27:39] [PRE] Killing Chrome...
[2026-07-22 04:27:42] [PRE] Done.
[2026-07-22 04:27:42] [1/10] User Data: C:\ChromeBot
[2026-07-22 04:27:42] [1/10] Profile : Default
[2026-07-22 04:27:42] [1/10] Page    : Test 2
[2026-07-22 04:27:42] [2/10] Launching Chrome...
[2026-07-22 04:27:45] [3/10] ✅ Chrome launched!
[2026-07-22 04:27:45] [4/10] WARM-UP: 22s...
[2026-07-22 04:28:17] [4/10] WARM-UP done.
[2026-07-22 04:28:17] [5/10] Opening Meta Business Suite...
[2026-07-22 04:28:37] [5/10] Landed: https://business.facebook.com/latest/home?asset_id=104857458997914&business_id=884449073586608&ir_qe_exposed=1
[2026-07-22 04:28:38] [📸] C:\Users\Asus\Downloads\New Dev\FB_Empire_AutoBot_V9.1_Fixed (14)\app\01_home_1784676517.png
[2026-07-22 04:28:39] [!] Page 'Test 2' not found.
    Trying to switch...
[2026-07-22 04:28:39] [*] Switching to: Test 2...
[2026-07-22 04:28:39] [>] //div[@role='button'][.//img[contains(@alt,'Profile')]]
[2026-07-22 04:28:49] [>] //div[@role='button'][contains(@aria-label,'Switch')]
[2026-07-22 04:29:00] [>] [aria-label*='account' i]
[2026-07-22 04:29:10] [>] [aria-label*='Switch' i]
[2026-07-22 04:29:21] [>] (//div[@role='button'])[1]
[2026-07-22 04:29:22] [✓] Clicked: Page Dropdown
[2026-07-22 04:29:24] [>] //span[contains(text(),'Test 2')]
[2026-07-22 04:29:34] [>] //div[contains(text(),'Test 2')]
[2026-07-22 04:29:35] [>] //*[contains(text(),'Test 2')]
[2026-07-22 04:29:35] [-] Not found: Page: Test 2
[2026-07-22 04:29:40] [6/10] Clicking 'Create Post'...
[2026-07-22 04:29:40] [>] //div[@role='button'][.//span[text()='Create post']]
[2026-07-22 04:29:40] [>] //div[@role='button'][.//span[text()='Create Post']]
[2026-07-22 04:29:40] [>] //a[.//span[text()='Create post']]
[2026-07-22 04:29:40] [>] //button[.//span[text()='Create post']]
[2026-07-22 04:29:40] [>] //span[text()='Create post']/ancestor::*[@role='button']
[2026-07-22 04:29:40] [>] //span[text()='Create post']
[2026-07-22 04:29:40] [>] //span[text()='Create Post']
[2026-07-22 04:29:40] [>] [aria-label='Create post']
[2026-07-22 04:29:40] [>] [aria-label='Create Post']
[2026-07-22 04:29:40] [-] Not found: Create Post
[2026-07-22 04:29:40] [-] Create Post button nahi mila!
    Manually click karo phir retry.
[2026-07-22 04:29:45] [*] Browser closed.
[2026-07-22 04:37:00] ==================================================
[2026-07-22 04:37:00] UPLOAD BOT | PAGE: Paradise 777 Slots
[2026-07-22 04:37:00] ==================================================
[2026-07-22 04:37:00] [PRE] ChromeDriver: C:\Users\Asus\Downloads\New Dev\FB_Empire_AutoBot_V9.1_Fixed (14)\app\chromedriver.exe
[2026-07-22 04:37:00] [PRE] Killing Chrome...
[2026-07-22 04:37:04] [PRE] Done.
[2026-07-22 04:37:04] [1/10] User Data: C:\ChromeBot
[2026-07-22 04:37:04] [1/10] Profile : Default
[2026-07-22 04:37:04] [1/10] Page    : Paradise 777 Slots
[2026-07-22 04:37:04] [2/10] Launching Chrome...
[2026-07-22 04:37:07] [3/10] ✅ Chrome launched!
[2026-07-22 04:37:07] [4/10] WARM-UP: 36s...
[2026-07-22 04:37:52] [4/10] WARM-UP done.
[2026-07-22 04:37:52] [5/10] Opening Business Suite...
[2026-07-22 04:38:07] [5/10] Landed: https://business.facebook.com/latest/home?asset_id=104857458997914&business_id=884449073586608&ir_qe_exposed=1
[2026-07-22 04:38:07] [📸] C:\Users\Asus\Downloads\New Dev\FB_Empire_AutoBot_V9.1_Fixed (14)\app\01_home_1784677087.png
[2026-07-22 04:38:07] [5b/10] Skipping page switch (using active page)
[2026-07-22 04:38:07] [6/10] Clicking 'Create Post' button...
[2026-07-22 04:38:10] [6a] Strategy 1: JS text search...
[2026-07-22 04:38:10] [✓] Create Post clicked via JS!
[2026-07-22 04:38:16] [📸] C:\Users\Asus\Downloads\New Dev\FB_Empire_AutoBot_V9.1_Fixed (14)\app\03_dialog_open_1784677095.png
[2026-07-22 04:38:16] [7/10] Composer opened.
[2026-07-22 04:38:16] [8/10] Attaching: [EDITED]_FastLane Jackpot.mp4
[2026-07-22 04:38:16] [8a] Finding file inputs...
[2026-07-22 04:38:26] [8a] Found 0
[2026-07-22 04:38:26] [8b] Clicking add media button...
[2026-07-22 04:38:38] [-] All attach methods failed!
[2026-07-22 04:38:39] [📸] C:\Users\Asus\Downloads\New Dev\FB_Empire_AutoBot_V9.1_Fixed (14)\app\04_attach_fail_1784677118.png
[2026-07-22 04:38:44] [*] Browser closed.
[2026-07-22 04:46:41] ==================================================
[2026-07-22 04:46:41] UPLOAD BOT | PAGE: Paradise 777 Slots
[2026-07-22 04:46:41] ==================================================
[2026-07-22 04:46:41] [PRE] ChromeDriver: C:\Users\Asus\Downloads\New Dev\FB_Empire_AutoBot_V9.1_Fixed (14)\app\chromedriver.exe
[2026-07-22 04:46:41] [PRE] Killing Chrome...
[2026-07-22 04:46:44] [PRE] Done.
[2026-07-22 04:46:44] [1/10] User Data: C:\ChromeBot
[2026-07-22 04:46:44] [1/10] Profile : Default
[2026-07-22 04:46:44] [1/10] Page    : Paradise 777 Slots
[2026-07-22 04:46:44] [2/10] Launching Chrome...
[2026-07-22 04:46:45] [3/10] ✅ Chrome launched!
[2026-07-22 04:46:45] [4/10] WARM-UP: 20s...
[2026-07-22 04:47:16] [4/10] WARM-UP done.
[2026-07-22 04:47:16] [5/10] Opening Business Suite...
[2026-07-22 04:47:34] [5/10] Landed: https://business.facebook.com/latest/home?asset_id=104857458997914&business_id=884449073586608&ir_qe_exposed=1
[2026-07-22 04:47:34] [📸] C:\Users\Asus\Downloads\New Dev\FB_Empire_AutoBot_V9.1_Fixed (14)\app\01_home_1784677654.png
[2026-07-22 04:47:34] [5b/10] Using active page
[2026-07-22 04:47:34] [6/10] Clicking 'Create Post'...
[2026-07-22 04:47:37] [6a] Strategy 1: JS text search...
[2026-07-22 04:47:37] [✓] Create Post clicked via JS!
[2026-07-22 04:47:42] [📸] C:\Users\Asus\Downloads\New Dev\FB_Empire_AutoBot_V9.1_Fixed (14)\app\03_dialog_open_1784677662.png
[2026-07-22 04:47:42] [7/10] Composer opened.
[2026-07-22 04:47:42] [8/10] Attaching: [EDITED]_FastLane Jackpot.mp4
[2026-07-22 04:47:42] [8a] Clicking 'Add photo/video' button...
[2026-07-22 04:47:42] [8a] Button clicked. Waiting 3s...
[2026-07-22 04:47:45] [8b] Looking for file input...
[2026-07-22 04:47:55] [8b] Attempt 1: Found 0 inputs
[2026-07-22 04:48:07] [8b] Attempt 2: Found 0 inputs
[2026-07-22 04:48:19] [8b] Attempt 3: Found 0 inputs
[2026-07-22 04:48:21] [8c] Creating JS file input...
[2026-07-22 04:48:27] [✓] JS injection done!
[2026-07-22 04:48:27] [8/10] Waiting 25s...
[2026-07-22 04:48:52] [9/10] Filling caption...
[2026-07-22 04:48:52] [!] Caption box not found.
[2026-07-22 04:48:54] [10/10] Schedule: 'NOW'
[2026-07-22 04:48:54] [10/10] Publishing...
[2026-07-22 04:48:57] [>] //div[@role='button'][.//span[text()='Publish']]
[2026-07-22 04:48:57] [>] //button[.//span[text()='Publish']]
[2026-07-22 04:48:57] [>] //span[text()='Publish']/ancestor::div[@role='button'][1]
[2026-07-22 04:48:57] [>] [aria-label='Publish']
[2026-07-22 04:48:57] [-] Not found: Publish
[2026-07-22 04:49:02] [*] Browser closed.
[2026-07-22 04:55:57] ==================================================
[2026-07-22 04:55:57] UPLOAD BOT | PAGE: Paradise 777 Slots
[2026-07-22 04:55:57] ==================================================
[2026-07-22 04:55:57] [PRE] ChromeDriver: C:\Users\Asus\Downloads\New Dev\FB_Empire_AutoBot_V9.1_Fixed (14)\app\chromedriver.exe
[2026-07-22 04:55:57] [PRE] Killing Chrome...
[2026-07-22 04:56:00] [PRE] Done.
[2026-07-22 04:56:00] [1/10] User Data: C:\ChromeBot
[2026-07-22 04:56:00] [1/10] Profile : Default
[2026-07-22 04:56:00] [1/10] Page    : Paradise 777 Slots
[2026-07-22 04:56:00] [2/10] Launching Chrome...
[2026-07-22 04:56:02] [3/10] ✅ Chrome launched!
[2026-07-22 04:56:02] [4/10] WARM-UP: 40s...
[2026-07-22 04:56:52] [4/10] WARM-UP done.
[2026-07-22 04:56:52] [5/10] Opening Business Suite...
[2026-07-22 04:57:04] [5/10] Landed: https://business.facebook.com/latest/home?asset_id=104857458997914&business_id=884449073586608&ir_qe_exposed=1
[2026-07-22 04:57:04] [📸] C:\Users\Asus\Downloads\New Dev\FB_Empire_AutoBot_V9.1_Fixed (14)\app\01_home_1784678224.png
[2026-07-22 04:57:04] [6/10] Clicking 'Create Post'...
[2026-07-22 04:57:07] [6a] JS text search...
[2026-07-22 04:57:07] [✓] Create Post clicked!
[2026-07-22 04:57:13] [📸] C:\Users\Asus\Downloads\New Dev\FB_Empire_AutoBot_V9.1_Fixed (14)\app\03_dialog_open_1784678233.png
[2026-07-22 04:57:13] [7/10] Composer opened.
[2026-07-22 04:57:13] [8/10] Attaching: [EDITED]_FastLane Jackpot.mp4
[2026-07-22 04:57:13] [8a] Finding & clicking 'Add photo/video'...
[2026-07-22 04:57:55] [-] Add photo/video button not found!
[2026-07-22 04:57:55] [📸] C:\Users\Asus\Downloads\New Dev\FB_Empire_AutoBot_V9.1_Fixed (14)\app\04_attach_fail_1784678275.png
[2026-07-22 04:58:01] [*] Browser closed.
[2026-07-22 05:17:14] ==================================================
[2026-07-22 05:17:14] UPLOAD BOT | PAGE: Paradise 777 Slots
[2026-07-22 05:17:14] ==================================================
[2026-07-22 05:17:14] [PRE] ChromeDriver: C:\Users\Asus\Downloads\New Dev\FB_Empire_AutoBot_V9.1_Fixed (14)\app\chromedriver.exe
[2026-07-22 05:17:14] [PRE] Killing Chrome...
[2026-07-22 05:17:17] [PRE] Done.
[2026-07-22 05:17:17] [1/10] User Data: C:\ChromeBot
[2026-07-22 05:17:17] [1/10] Profile : Default
[2026-07-22 05:17:17] [1/10] Page    : Paradise 777 Slots
[2026-07-22 05:17:17] [1/10] Video   : [EDITED]_FastLane Jackpot.mp4
[2026-07-22 05:17:17] [2/10] Launching Chrome...
[2026-07-22 05:17:18] [3/10] ✅ Chrome launched!
[2026-07-22 05:17:18] [4/10] WARM-UP: 35s...
[2026-07-22 05:18:01] [4/10] WARM-UP done.
[2026-07-22 05:18:01] [5/10] Opening Business Suite...
[2026-07-22 05:18:12] [5/10] Landed: https://business.facebook.com/latest/home?asset_id=104857458997914&business_id=884449073586608&ir_qe_exposed=1
[2026-07-22 05:18:13] [📸] C:\Users\Asus\Downloads\New Dev\FB_Empire_AutoBot_V9.1_Fixed (14)\app\01_home_1784679492.png
[2026-07-22 05:18:13] [6/10] Clicking 'Create Post'...
[2026-07-22 05:18:16] [✓] Create Post clicked!
[2026-07-22 05:18:23] [📸] C:\Users\Asus\Downloads\New Dev\FB_Empire_AutoBot_V9.1_Fixed (14)\app\03_composer_1784679503.png
[2026-07-22 05:18:23] [7/10] Composer opened.
[2026-07-22 05:18:23] [8/10] Attaching: [EDITED]_FastLane Jackpot.mp4
[2026-07-22 05:18:23] [8a] Clicking 'Add photo/video'...
[2026-07-22 05:18:33] [8a] Inputs before: 0
[2026-07-22 05:18:33] [8a] Click result: clicked_direct
[2026-07-22 05:18:33] [8b] Waiting for file input...
[2026-07-22 05:18:45] [8b] Attempt 1: 0 inputs
[2026-07-22 05:18:57] [8b] Attempt 2: 0 inputs
[2026-07-22 05:19:09] [8b] Attempt 3: 0 inputs
[2026-07-22 05:19:21] [8b] Attempt 4: 0 inputs
[2026-07-22 05:19:33] [8b] Attempt 5: 0 inputs
[2026-07-22 05:19:45] [8b] Attempt 6: 0 inputs
[2026-07-22 05:19:57] [8b] Attempt 7: 0 inputs
[2026-07-22 05:20:09] [8b] Attempt 8: 0 inputs
[2026-07-22 05:20:09] [-] All attempts failed!
[2026-07-22 05:20:09] [📸] C:\Users\Asus\Downloads\New Dev\FB_Empire_AutoBot_V9.1_Fixed (14)\app\04_attach_fail_1784679609.png
[2026-07-22 05:20:15] [*] Browser closed.
[2026-07-22 05:40:26] ==================================================
[2026-07-22 05:40:26] UPLOAD BOT | PAGE: Paradise 777 Slots
[2026-07-22 05:40:26] ==================================================
[2026-07-22 05:40:26] [PRE] ChromeDriver: C:\Users\Asus\Downloads\New Dev\FB_Empire_AutoBot_V9.1_Fixed (14)\app\chromedriver.exe
[2026-07-22 05:40:26] [PRE] Killing Chrome...
[2026-07-22 05:40:29] [PRE] Done.
[2026-07-22 05:40:29] [1/10] User Data: C:\ChromeBot
[2026-07-22 05:40:29] [1/10] Profile : Default
[2026-07-22 05:40:29] [1/10] Page    : Paradise 777 Slots
[2026-07-22 05:40:29] [1/10] Video   : [EDITED]_FastLane Jackpot.mp4
[2026-07-22 05:40:29] [2/10] Launching Chrome...
[2026-07-22 05:40:31] [3/10] ✅ Chrome launched!
[2026-07-22 05:40:31] [4/10] WARM-UP: 35s...
[2026-07-22 05:41:15] [4/10] WARM-UP done.
[2026-07-22 05:41:15] [5/10] Opening Business Suite...
[2026-07-22 05:41:31] [5/10] Landed: https://business.facebook.com/latest/home?asset_id=104857458997914&business_id=884449073586608&ir_qe_exposed=1
[2026-07-22 05:41:31] [📸] C:\Users\Asus\Downloads\New Dev\FB_Empire_AutoBot_V9.1_Fixed (14)\app\01_home_1784680891.png
[2026-07-22 05:41:31] [6/10] Clicking 'Create Post'...
[2026-07-22 05:41:34] [✓] Create Post clicked!
[2026-07-22 05:41:41] [📸] C:\Users\Asus\Downloads\New Dev\FB_Empire_AutoBot_V9.1_Fixed (14)\app\03_composer_1784680901.png
[2026-07-22 05:41:41] [7/10] Composer opened.
[2026-07-22 05:41:41] [8/10] Attaching: [EDITED]_FastLane Jackpot.mp4
[2026-07-22 05:41:41] [8a] Finding 'Add photo/video' button...
[2026-07-22 05:41:41] [8a] Total role=button elements: 19
[2026-07-22 05:41:41] [✓] Found 'Add photo/video' button!
[2026-07-22 05:41:41] [8b] Scrolling button into view...
[2026-07-22 05:41:42] [8c] Performing REAL mouse click...
[2026-07-22 05:41:43] [✓] ActionChains click performed!
[2026-07-22 05:41:43] [8d] Waiting for file input...
[2026-07-22 05:41:55] [8d] Attempt 1: 0 inputs found
[2026-07-22 05:42:07] [8d] Attempt 2: 0 inputs found
[2026-07-22 05:42:19] [8d] Attempt 3: 0 inputs found
[2026-07-22 05:42:31] [8d] Attempt 4: 0 inputs found
[2026-07-22 05:42:43] [8d] Attempt 5: 0 inputs found
[2026-07-22 05:42:55] [8d] Attempt 6: 0 inputs found
[2026-07-22 05:43:07] [8d] Attempt 7: 0 inputs found
[2026-07-22 05:43:19] [8d] Attempt 8: 0 inputs found
[2026-07-22 05:43:31] [8d] Attempt 9: 0 inputs found
[2026-07-22 05:43:43] [8d] Attempt 10: 0 inputs found
[2026-07-22 05:43:43] [-] No file input appeared!
[2026-07-22 05:43:44] [📸] C:\Users\Asus\Downloads\New Dev\FB_Empire_AutoBot_V9.1_Fixed (14)\app\04_attach_fail_1784681023.png
[2026-07-22 05:43:49] [*] Browser closed.
[2026-07-22 05:49:46] ==================================================
[2026-07-22 05:49:46] UPLOAD BOT | PAGE: Paradise 777 Slots
[2026-07-22 05:49:46] ==================================================
[2026-07-22 05:49:46] [PRE] ChromeDriver: C:\Users\Asus\Downloads\New Dev\FB_Empire_AutoBot_V9.1_Fixed (14)\app\chromedriver.exe
[2026-07-22 05:49:46] [PRE] Killing Chrome...
[2026-07-22 05:49:49] [PRE] Done.
[2026-07-22 05:49:49] [1/10] User Data: C:\ChromeBot
[2026-07-22 05:49:49] [1/10] Profile : Default
[2026-07-22 05:49:49] [1/10] Page    : Paradise 777 Slots
[2026-07-22 05:49:49] [1/10] Video   : C:\Users\Asus\Downloads\New Dev\FB_Empire_AutoBot_V9.1_Fixed (14)\app\downloads\Paradise 777 Slots\edited_videos\[EDITED]_FastLane Jackpot.mp4
[2026-07-22 05:49:49] [2/10] Launching Chrome...
[2026-07-22 05:49:50] [3/10] ✅ Chrome launched!
[2026-07-22 05:49:50] [4/10] WARM-UP: 23s...
[2026-07-22 05:50:22] [4/10] WARM-UP done.
[2026-07-22 05:50:22] [5/10] Opening Business Suite...
[2026-07-22 05:50:37] [5/10] Landed: https://business.facebook.com/latest/home?asset_id=104857458997914&business_id=884449073586608&ir_qe_exposed=1
[2026-07-22 05:50:37] [📸] C:\Users\Asus\Downloads\New Dev\FB_Empire_AutoBot_V9.1_Fixed (14)\app\01_home_1784681437.png
[2026-07-22 05:50:37] [6/10] Clicking 'Create Post'...
[2026-07-22 05:50:40] [✓] Create Post clicked!
[2026-07-22 05:50:47] [📸] C:\Users\Asus\Downloads\New Dev\FB_Empire_AutoBot_V9.1_Fixed (14)\app\03_composer_1784681447.png
[2026-07-22 05:50:47] [7/10] Composer opened.
[2026-07-22 05:50:47] [8/10] Attaching video via OS dialog...
[2026-07-22 05:50:47] [8a] Video path: C:\Users\Asus\Downloads\New Dev\FB_Empire_AutoBot_V9.1_Fixed (14)\app\downloads\Paradise 777 Slots\edited_videos\[EDITED]_FastLane Jackpot.mp4
[2026-07-22 05:50:47] [8b] Finding 'Add photo/video' button...
[2026-07-22 05:50:47] [8b] Total buttons: 19
[2026-07-22 05:50:47] [✓] Found button!
[2026-07-22 05:50:48] [8c] Clicking button (opens OS dialog)...
[2026-07-22 05:50:49] [✓] Button clicked!
[2026-07-22 05:50:49] [8d] Waiting 3s for OS dialog...
[2026-07-22 05:50:52] [8e] Typing file path in OS dialog...
[2026-07-22 05:50:53] [✓] ✅ Path pasted + Enter pressed!
[2026-07-22 05:50:58] [✓] ✅ File selected in dialog!
[2026-07-22 05:50:58] [8/10] Video attached. Waiting 5s...
[2026-07-22 05:51:04] [📸] C:\Users\Asus\Downloads\New Dev\FB_Empire_AutoBot_V9.1_Fixed (14)\app\05_after_attach_1784681463.png
[2026-07-22 05:51:04] [9/10] Filling caption...
[2026-07-22 05:51:04] [9a] Finding caption box...
[2026-07-22 05:51:06] [✓] Caption typed!
[2026-07-22 05:51:10] [📸] C:\Users\Asus\Downloads\New Dev\FB_Empire_AutoBot_V9.1_Fixed (14)\app\06_after_caption_1784681469.png
[2026-07-22 05:51:10] [10/10] Schedule: 'NOW'
[2026-07-22 05:51:10] [10/10] Waiting for Publish to enable...
    (Will wait until video fully uploads)
[2026-07-22 05:51:15] [⏳] 0m 5s | Publish not visible yet...
[2026-07-22 05:51:45] [⏳] 0m 35s | Publish not visible yet...
[2026-07-22 05:52:15] [⏳] 1m 5s | Publish not visible yet...
[2026-07-22 05:52:45] [⏳] 1m 35s | Publish not visible yet...
[2026-07-22 05:53:10] [-] FATAL: InvalidSessionIdException: Message: invalid session id: session deleted as the browser has closed the connection
from disconnected: not connected to DevTools
  (Session info: chrome=150.0.7871.129)
Stacktrace:
	chromedriver!Get
[2026-07-22 05:53:15] [*] Browser closed.
[2026-07-22 06:07:02] ==================================================
[2026-07-22 06:07:02] UPLOAD BOT | PAGE: Paradise 777 Slots
[2026-07-22 06:07:02] ==================================================
[2026-07-22 06:07:02] [PRE] ChromeDriver: C:\Users\Asus\Downloads\New Dev\FB_Empire_AutoBot_V9.1_Fixed (14)\app\chromedriver.exe
[2026-07-22 06:07:02] [PRE] Killing Chrome...
[2026-07-22 06:07:05] [PRE] Done.
[2026-07-22 06:07:05] [1/10] User Data: C:\ChromeBot
[2026-07-22 06:07:05] [1/10] Profile : Default
[2026-07-22 06:07:05] [1/10] Page    : Paradise 777 Slots
[2026-07-22 06:07:05] [1/10] Video   : C:\Users\Asus\Downloads\New Dev\FB_Empire_AutoBot_V9.1_Fixed (14)\app\downloads\Paradise 777 Slots\edited_videos\[EDITED]_FastLane Jackpot.mp4
[2026-07-22 06:07:05] [2/10] Launching Chrome...
[2026-07-22 06:07:09] [-] FATAL: SessionNotCreatedException: Message: session not created: Chrome instance exited. Examine ChromeDriver verbose log to determine the cause.
Stacktrace:
	chromedriver!GetHandleVerifier [0x7ff7bc7c3ff5+5ba375]
	chromedriver!GetHand
[2026-07-22 06:13:17] ==================================================
[2026-07-22 06:13:17] UPLOAD BOT | PAGE: Paradise 777 Slots
[2026-07-22 06:13:17] ==================================================
[2026-07-22 06:13:17] [PRE] ChromeDriver: C:\Users\Asus\Downloads\New Dev\FB_Empire_AutoBot_V9.1_Fixed (14)\app\chromedriver.exe
[2026-07-22 06:13:17] [PRE] Killing Chrome...
[2026-07-22 06:13:21] [PRE] Done.
[2026-07-22 06:13:21] [1/10] User Data: C:\ChromeBot
[2026-07-22 06:13:21] [1/10] Profile : Default
[2026-07-22 06:13:21] [1/10] Page    : Paradise 777 Slots
[2026-07-22 06:13:21] [1/10] Video   : C:\Users\Asus\Downloads\New Dev\FB_Empire_AutoBot_V9.1_Fixed (14)\app\downloads\Paradise 777 Slots\edited_videos\[EDITED]_FastLane Jackpot.mp4
[2026-07-22 06:13:21] [2/10] Launching Chrome...
[2026-07-22 06:13:22] [3/10] ✅ Chrome launched!
[2026-07-22 06:13:22] [4/10] WARM-UP: 26s...
[2026-07-22 06:13:57] [4/10] WARM-UP done.
[2026-07-22 06:13:57] [5/10] Opening Business Suite...
[2026-07-22 06:14:13] [5/10] Landed: https://business.facebook.com/latest/home?asset_id=104857458997914&business_id=884449073586608&ir_qe_exposed=1
[2026-07-22 06:14:13] [📸] C:\Users\Asus\Downloads\New Dev\FB_Empire_AutoBot_V9.1_Fixed (14)\app\01_home_1784682853.png
[2026-07-22 06:14:13] [6/10] Clicking 'Create Post'...
[2026-07-22 06:14:16] [✓] Create Post clicked!
[2026-07-22 06:14:23] [📸] C:\Users\Asus\Downloads\New Dev\FB_Empire_AutoBot_V9.1_Fixed (14)\app\03_composer_1784682863.png
[2026-07-22 06:14:23] [7/10] Composer opened.
[2026-07-22 06:14:23] [8/10] Attaching video via OS dialog...
[2026-07-22 06:14:23] [8a] Video path: C:\Users\Asus\Downloads\New Dev\FB_Empire_AutoBot_V9.1_Fixed (14)\app\downloads\Paradise 777 Slots\edited_videos\[EDITED]_FastLane Jackpot.mp4
[2026-07-22 06:14:23] [8b] Finding 'Add photo/video' button...
[2026-07-22 06:14:23] [8b] Total buttons: 19
[2026-07-22 06:14:23] [✓] Found button!
[2026-07-22 06:14:24] [8c] Clicking button (opens OS dialog)...
[2026-07-22 06:14:25] [✓] Button clicked!
[2026-07-22 06:14:25] [8d] Waiting 3s for OS dialog...
[2026-07-22 06:14:28] [8e] Typing file path in OS dialog...
[2026-07-22 06:14:30] [✓] ✅ Path pasted + Enter pressed!
[2026-07-22 06:14:35] [✓] ✅ File selected in dialog!
[2026-07-22 06:14:35] [8/10] Video attached. Waiting 5s...
[2026-07-22 06:14:40] [📸] C:\Users\Asus\Downloads\New Dev\FB_Empire_AutoBot_V9.1_Fixed (14)\app\05_after_attach_1784682880.png
[2026-07-22 06:14:40] [9/10] Filling caption...
[2026-07-22 06:14:40] [9a] Finding caption box...
[2026-07-22 06:14:42] [✓] Caption typed!
[2026-07-22 06:14:47] [📸] C:\Users\Asus\Downloads\New Dev\FB_Empire_AutoBot_V9.1_Fixed (14)\app\06_after_caption_1784682886.png
[2026-07-22 06:14:47] [10/10] Schedule: 'NOW'
[2026-07-22 06:14:47] [10/10] Handling composer state...
[2026-07-22 06:14:47] [10a] Closing popups...
[2026-07-22 06:14:49] [10b] Waiting for Next/Publish to enable...
    (Video upload must complete)
[2026-07-22 06:14:55] [✓] 0m 5s | 'Next' ENABLED!
[2026-07-22 06:14:55] [✓] ✅ Ready to click 'Next'! (0m 5s)
[2026-07-22 06:14:58] [10c] Step 1: Clicking 'Next'...
[2026-07-22 06:14:58] [*] Clicking 'Next'...
[2026-07-22 06:15:00] [✓] 'Next' clicked via ActionChains!
[2026-07-22 06:15:05] [📸] C:\Users\Asus\Downloads\New Dev\FB_Empire_AutoBot_V9.1_Fixed (14)\app\07_step_1_Next_1784682905.png
[2026-07-22 06:15:07] [10c] Step 2: Clicking 'Next'...
[2026-07-22 06:15:07] [*] Clicking 'Next'...
[2026-07-22 06:15:08] [✓] 'Next' clicked via ActionChains!
[2026-07-22 06:15:14] [📸] C:\Users\Asus\Downloads\New Dev\FB_Empire_AutoBot_V9.1_Fixed (14)\app\07_step_2_Next_1784682913.png
[2026-07-22 06:15:15] [10c] Step 3: Clicking 'Next'...
[2026-07-22 06:15:15] [*] Clicking 'Next'...
[2026-07-22 06:15:17] [✓] 'Next' clicked via ActionChains!
[2026-07-22 06:15:22] [📸] C:\Users\Asus\Downloads\New Dev\FB_Empire_AutoBot_V9.1_Fixed (14)\app\07_step_3_Next_1784682922.png
[2026-07-22 06:15:24] [10c] Step 4: Clicking 'Next'...
[2026-07-22 06:15:24] [*] Clicking 'Next'...
[2026-07-22 06:15:25] [✓] 'Next' clicked via ActionChains!
[2026-07-22 06:15:30] [📸] C:\Users\Asus\Downloads\New Dev\FB_Empire_AutoBot_V9.1_Fixed (14)\app\07_step_4_Next_1784682930.png
[2026-07-22 06:15:30] [!] Went through multiple steps but no Publish clicked.
[2026-07-22 06:15:31] [📸] C:\Users\Asus\Downloads\New Dev\FB_Empire_AutoBot_V9.1_Fixed (14)\app\07_no_publish_1784682930.png
[2026-07-22 06:15:36] [*] Browser closed.
[2026-07-22 06:27:59] ==================================================
[2026-07-22 06:27:59] UPLOAD BOT | PAGE: Paradise 777 Slots
[2026-07-22 06:27:59] ==================================================
[2026-07-22 06:27:59] [PRE] ChromeDriver: C:\Users\Asus\Downloads\New Dev\FB_Empire_AutoBot_V9.1_Fixed (14)\app\chromedriver.exe
[2026-07-22 06:27:59] [PRE] Killing Chrome...
[2026-07-22 06:28:02] [PRE] Done.
[2026-07-22 06:28:02] [1/10] User Data: C:\ChromeBot
[2026-07-22 06:28:02] [1/10] Profile : Default
[2026-07-22 06:28:02] [1/10] Page    : Paradise 777 Slots
[2026-07-22 06:28:02] [1/10] Video   : C:\Users\Asus\Downloads\New Dev\FB_Empire_AutoBot_V9.1_Fixed (14)\app\downloads\Paradise 777 Slots\edited_videos\[EDITED]_FastLane Jackpot.mp4
[2026-07-22 06:28:02] [2/10] Launching Chrome...
[2026-07-22 06:28:03] [3/10] ✅ Chrome launched!
[2026-07-22 06:28:03] [4/10] WARM-UP: 15s...
[2026-07-22 06:28:28] [4/10] WARM-UP done.
[2026-07-22 06:28:28] [5/10] Opening Business Suite...
[2026-07-22 06:28:44] [5/10] Landed: https://business.facebook.com/latest/home?asset_id=104857458997914&business_id=884449073586608&ir_qe_exposed=1
[2026-07-22 06:28:45] [📸] C:\Users\Asus\Downloads\New Dev\FB_Empire_AutoBot_V9.1_Fixed (14)\app\01_home_1784683724.png
[2026-07-22 06:28:45] [6/10] Clicking 'Create Post'...
[2026-07-22 06:28:48] [✓] Create Post clicked!
[2026-07-22 06:28:55] [📸] C:\Users\Asus\Downloads\New Dev\FB_Empire_AutoBot_V9.1_Fixed (14)\app\03_composer_1784683735.png
[2026-07-22 06:28:55] [7/10] Composer opened.
[2026-07-22 06:28:55] [8/10] Attaching video via OS dialog...
[2026-07-22 06:28:55] [8a] Video path: C:\Users\Asus\Downloads\New Dev\FB_Empire_AutoBot_V9.1_Fixed (14)\app\downloads\Paradise 777 Slots\edited_videos\[EDITED]_FastLane Jackpot.mp4
[2026-07-22 06:28:55] [8b] Finding 'Add photo/video' button...
[2026-07-22 06:28:55] [8b] Total buttons: 19
[2026-07-22 06:28:55] [✓] Found button!
[2026-07-22 06:28:56] [8c] Clicking button (opens OS dialog)...
[2026-07-22 06:28:57] [✓] Button clicked!
[2026-07-22 06:28:57] [8d] Waiting 3s for OS dialog...
[2026-07-22 06:29:00] [8e] Typing file path in OS dialog...
[2026-07-22 06:29:01] [✓] ✅ Path pasted + Enter pressed!
[2026-07-22 06:29:06] [✓] ✅ File selected in dialog!
[2026-07-22 06:29:06] [8/10] Video attached. Waiting 5s...
[2026-07-22 06:29:12] [📸] C:\Users\Asus\Downloads\New Dev\FB_Empire_AutoBot_V9.1_Fixed (14)\app\05_after_attach_1784683751.png
[2026-07-22 06:29:12] [9/10] Filling caption...
[2026-07-22 06:29:12] [9a] Finding caption box...
[2026-07-22 06:29:16] [✓] Caption typed!
[2026-07-22 06:29:20] [📸] C:\Users\Asus\Downloads\New Dev\FB_Empire_AutoBot_V9.1_Fixed (14)\app\06_after_caption_1784683760.png
[2026-07-22 06:29:20] [10/10] Schedule: 'NOW'
[2026-07-22 06:29:20] [10/10] Handling composer state...
[2026-07-22 06:29:20] [10a] Closing popups...
[2026-07-22 06:29:23] [10b] Waiting for button to enable...
    (Video upload must complete)
[2026-07-22 06:29:29] [✓] 0m 5s | 'Share' ENABLED!
[2026-07-22 06:29:29] [✓] ✅ Ready to click 'Share'! (0m 5s)
[2026-07-22 06:29:32] [10c] Step 1: Clicking 'Share'...
[2026-07-22 06:29:32] [*] Clicking 'Share'...
[2026-07-22 06:29:34] [✓] 'Share' clicked!
[2026-07-22 06:29:40] [📸] C:\Users\Asus\Downloads\New Dev\FB_Empire_AutoBot_V9.1_Fixed (14)\app\07_step_1_Share_1784683779.png
[2026-07-22 06:29:40] [✓] ✅✅ 'Share' COMPLETED!
[2026-07-22 06:29:50] [📸] C:\Users\Asus\Downloads\New Dev\FB_Empire_AutoBot_V9.1_Fixed (14)\app\08_published_1784683790.png
[2026-07-22 06:29:55] [*] Browser closed.
[2026-07-22 06:37:53] ==================================================
[2026-07-22 06:37:53] UPLOAD BOT | PAGE: Paradise 777 Slots
[2026-07-22 06:37:53] ==================================================
[2026-07-22 06:37:53] [PRE] ChromeDriver: C:\Users\Asus\Downloads\New Dev\FB_Empire_AutoBot_V9.1_Fixed (14)\app\chromedriver.exe
[2026-07-22 06:37:53] [PRE] Killing Chrome...
[2026-07-22 06:37:56] [PRE] Done.
[2026-07-22 06:37:56] [1/10] User Data: C:\ChromeBot
[2026-07-22 06:37:56] [1/10] Profile : Default
[2026-07-22 06:37:56] [1/10] Page    : Paradise 777 Slots
[2026-07-22 06:37:56] [1/10] Video   : C:\Users\Asus\Downloads\New Dev\FB_Empire_AutoBot_V9.1_Fixed (14)\app\downloads\Paradise 777 Slots\edited_videos\[EDITED]_FastLane Jackpot.mp4
[2026-07-22 06:37:56] [2/10] Launching Chrome...
[2026-07-22 06:37:59] [3/10] ✅ Chrome launched!
[2026-07-22 06:37:59] [4/10] WARM-UP: 17s...
[2026-07-22 06:38:27] [4/10] WARM-UP done.
[2026-07-22 06:38:27] [5/10] Opening Business Suite...
[2026-07-22 06:38:43] [5/10] Landed: https://business.facebook.com/latest/home?asset_id=104857458997914&business_id=884449073586608&ir_qe_exposed=1
[2026-07-22 06:38:43] [📸] C:\Users\Asus\Downloads\New Dev\FB_Empire_AutoBot_V9.1_Fixed (14)\app\01_home_1784684323.png
[2026-07-22 06:38:43] [6/10] Clicking 'Create Post'...
[2026-07-22 06:38:46] [✓] Create Post clicked!
[2026-07-22 06:38:54] [📸] C:\Users\Asus\Downloads\New Dev\FB_Empire_AutoBot_V9.1_Fixed (14)\app\03_composer_1784684333.png
[2026-07-22 06:38:54] [7/10] Composer opened.
[2026-07-22 06:38:54] [8/10] Attaching video via OS dialog...
[2026-07-22 06:38:54] [8a] Video path: C:\Users\Asus\Downloads\New Dev\FB_Empire_AutoBot_V9.1_Fixed (14)\app\downloads\Paradise 777 Slots\edited_videos\[EDITED]_FastLane Jackpot.mp4
[2026-07-22 06:38:54] [8b] Finding 'Add photo/video' button...
[2026-07-22 06:38:54] [8b] Total buttons: 19
[2026-07-22 06:38:54] [✓] Found button!
[2026-07-22 06:38:55] [8c] Clicking button (opens OS dialog)...
[2026-07-22 06:38:55] [✓] Button clicked!
[2026-07-22 06:38:55] [8d] Waiting 3s for OS dialog...
[2026-07-22 06:38:58] [8e] Typing file path in OS dialog...
[2026-07-22 06:39:00] [✓] ✅ Path pasted + Enter pressed!
[2026-07-22 06:39:05] [✓] ✅ File selected in dialog!
[2026-07-22 06:39:05] [8/10] Video attached. Waiting 5s...
[2026-07-22 06:39:10] [📸] C:\Users\Asus\Downloads\New Dev\FB_Empire_AutoBot_V9.1_Fixed (14)\app\05_after_attach_1784684350.png
[2026-07-22 06:39:10] [9/10] Filling caption...
[2026-07-22 06:39:10] [9a] Finding caption box...
[2026-07-22 06:39:16] [✓] Caption typed!
[2026-07-22 06:39:20] [📸] C:\Users\Asus\Downloads\New Dev\FB_Empire_AutoBot_V9.1_Fixed (14)\app\06_after_caption_1784684360.png
[2026-07-22 06:39:20] [10/10] Schedule: 'NOW'
[2026-07-22 06:39:20] [10/10] Handling composer state...
[2026-07-22 06:39:20] [10a] Closing popups...
[2026-07-22 06:39:23] [10b] Waiting for video upload complete...
[2026-07-22 06:39:28] [✓] 0m 5s | 'Share' ENABLED!
[2026-07-22 06:39:28] [✓] ✅ Upload complete! (0m 5s)
[2026-07-22 06:39:34] [10c] Transition 1: On 'create' screen
[2026-07-22 06:39:34] [📸] C:\Users\Asus\Downloads\New Dev\FB_Empire_AutoBot_V9.1_Fixed (14)\app\07_screen_1_create_1784684374.png
[2026-07-22 06:39:34] [10d] Not on Share yet. Clicking 'Next'...
[2026-07-22 06:39:34] [*] Clicking 'Next'...
[2026-07-22 06:39:37] [✓] 'Next' clicked!
[2026-07-22 06:39:37] [⏳] Waiting 5s for screen transition...
[2026-07-22 06:39:42] [📸] C:\Users\Asus\Downloads\New Dev\FB_Empire_AutoBot_V9.1_Fixed (14)\app\07_after_next_1_1784684382.png
[2026-07-22 06:39:45] [10c] Transition 2: On 'create' screen
[2026-07-22 06:39:45] [📸] C:\Users\Asus\Downloads\New Dev\FB_Empire_AutoBot_V9.1_Fixed (14)\app\07_screen_2_create_1784684385.png
[2026-07-22 06:39:45] [10d] Not on Share yet. Clicking 'Next'...
[2026-07-22 06:39:45] [*] Clicking 'Next'...
[2026-07-22 06:39:47] [✓] 'Next' clicked!
[2026-07-22 06:39:47] [⏳] Waiting 5s for screen transition...
[2026-07-22 06:39:53] [📸] C:\Users\Asus\Downloads\New Dev\FB_Empire_AutoBot_V9.1_Fixed (14)\app\07_after_next_2_1784684392.png
[2026-07-22 06:39:55] [10c] Transition 3: On 'create' screen
[2026-07-22 06:39:56] [📸] C:\Users\Asus\Downloads\New Dev\FB_Empire_AutoBot_V9.1_Fixed (14)\app\07_screen_3_create_1784684395.png
[2026-07-22 06:39:56] [10d] Not on Share yet. Clicking 'Next'...
[2026-07-22 06:39:56] [*] Clicking 'Next'...
[2026-07-22 06:39:58] [✓] 'Next' clicked!
[2026-07-22 06:39:58] [⏳] Waiting 5s for screen transition...
[2026-07-22 06:40:04] [📸] C:\Users\Asus\Downloads\New Dev\FB_Empire_AutoBot_V9.1_Fixed (14)\app\07_after_next_3_1784684403.png
[2026-07-22 06:40:06] [10c] Transition 4: On 'unknown' screen
[2026-07-22 06:40:06] [10d] Not on Share yet. Clicking 'Next'...
[2026-07-22 06:40:06] [-] FATAL: InvalidSessionIdException: Message: invalid session id
Stacktrace:
	chromedriver!GetHandleVerifier [0x7ff7bc7c3ff5+5ba375]
	chromedriver!GetHandleVerifier [0x7ff7bc21f0a0+15420]
	chromedriver!(No symbol) [0x7ff7bbd55976]
	chrom
[2026-07-22 06:40:11] [*] Browser closed.
[2026-07-22 06:46:25] ==================================================
[2026-07-22 06:46:25] UPLOAD BOT | PAGE: Paradise 777 Slots
[2026-07-22 06:46:25] ==================================================
[2026-07-22 06:46:25] [PRE] ChromeDriver: C:\Users\Asus\Downloads\New Dev\FB_Empire_AutoBot_V9.1_Fixed (14)\app\chromedriver.exe
[2026-07-22 06:46:25] [PRE] Killing Chrome...
[2026-07-22 06:46:28] [PRE] Done.
[2026-07-22 06:46:28] [1/10] User Data: C:\ChromeBot
[2026-07-22 06:46:28] [1/10] Profile : Default
[2026-07-22 06:46:28] [1/10] Page    : Paradise 777 Slots
[2026-07-22 06:46:28] [1/10] Video   : C:\Users\Asus\Downloads\New Dev\FB_Empire_AutoBot_V9.1_Fixed (14)\app\downloads\Paradise 777 Slots\edited_videos\[EDITED]_FastLane Jackpot.mp4
[2026-07-22 06:46:28] [2/10] Launching Chrome...
[2026-07-22 06:46:29] [3/10] ✅ Chrome launched!
[2026-07-22 06:46:29] [4/10] WARM-UP: 15s...
[2026-07-22 06:46:55] [4/10] WARM-UP done.
[2026-07-22 06:46:55] [5/10] Opening Business Suite...
[2026-07-22 06:47:10] [5/10] Landed: https://business.facebook.com/latest/home?asset_id=104857458997914&business_id=884449073586608&ir_qe_exposed=1
[2026-07-22 06:47:10] [📸] C:\Users\Asus\Downloads\New Dev\FB_Empire_AutoBot_V9.1_Fixed (14)\app\01_home_1784684830.png
[2026-07-22 06:47:10] [6/10] Clicking 'Create Post'...
[2026-07-22 06:47:13] [✓] Create Post clicked!
[2026-07-22 06:47:20] [📸] C:\Users\Asus\Downloads\New Dev\FB_Empire_AutoBot_V9.1_Fixed (14)\app\03_composer_1784684840.png
[2026-07-22 06:47:20] [7/10] Composer opened.
[2026-07-22 06:47:20] [8/10] Attaching video via OS dialog...
[2026-07-22 06:47:20] [8a] Video path: C:\Users\Asus\Downloads\New Dev\FB_Empire_AutoBot_V9.1_Fixed (14)\app\downloads\Paradise 777 Slots\edited_videos\[EDITED]_FastLane Jackpot.mp4
[2026-07-22 06:47:20] [8b] Finding 'Add photo/video' button...
[2026-07-22 06:47:20] [8b] Total buttons: 19
[2026-07-22 06:47:20] [✓] Found button!
[2026-07-22 06:47:21] [8c] Clicking button (opens OS dialog)...
[2026-07-22 06:47:22] [✓] Button clicked!
[2026-07-22 06:47:22] [8d] Waiting 3s for OS dialog...
[2026-07-22 06:47:25] [8e] Typing file path in OS dialog...
[2026-07-22 06:47:26] [✓] ✅ Path pasted + Enter pressed!
[2026-07-22 06:47:31] [✓] ✅ File selected in dialog!
[2026-07-22 06:47:31] [8/10] Video attached. Waiting 5s...
[2026-07-22 06:47:37] [📸] C:\Users\Asus\Downloads\New Dev\FB_Empire_AutoBot_V9.1_Fixed (14)\app\05_after_attach_1784684856.png
[2026-07-22 06:47:37] [9/10] Filling caption...
[2026-07-22 06:47:37] [9a] Finding caption box...
[2026-07-22 06:47:41] [✓] Caption typed!
[2026-07-22 06:47:45] [📸] C:\Users\Asus\Downloads\New Dev\FB_Empire_AutoBot_V9.1_Fixed (14)\app\06_after_caption_1784684865.png
[2026-07-22 06:47:45] [10/10] Schedule: 'NOW'
[2026-07-22 06:47:45] [10/10] Handling composer state...
[2026-07-22 06:47:45] [10a] Closing popups...
[2026-07-22 06:47:48] [10b] Waiting for video upload complete...
[2026-07-22 06:47:54] [✓] 0m 5s | 'Share' ENABLED!
[2026-07-22 06:47:54] [✓] ✅ Upload complete! (0m 5s)
[2026-07-22 06:47:59] 
[10c] ═══ Transition 1 ═══
[10c] Current screen: 'create'
[2026-07-22 06:48:00] [📸] C:\Users\Asus\Downloads\New Dev\FB_Empire_AutoBot_V9.1_Fixed (14)\app\07_screen_1_create_1784684879.png
[2026-07-22 06:48:00] [10d] On 'create' screen. Need to click 'Next'...
[2026-07-22 06:48:00] [10e] Clicking 'Next' on 'create' screen...
[2026-07-22 06:48:00] [*] Clicking 'Next'...
[2026-07-22 06:48:02] [✓] 'Next' clicked!
[2026-07-22 06:48:02] [⏳] Waiting for screen change from 'create'...
[2026-07-22 06:48:09] [⏳] 6s... still on 'create' (waiting)
[2026-07-22 06:48:15] [⏳] 12s... still on 'create' (waiting)
[2026-07-22 06:48:21] [⏳] 18s... still on 'create' (waiting)
[2026-07-22 06:48:28] [⏳] 25s... still on 'create' (waiting)
[2026-07-22 06:48:34] [⏳] 31s... still on 'create' (waiting)
[2026-07-22 06:48:34] [!] Screen change timeout after 30s. Still on: 'create'
[2026-07-22 06:48:34] [!] Screen did NOT change after Next click!
    Still on: 'create'
    Trying again in 5s...
[2026-07-22 06:48:42] 
[10c] ═══ Transition 2 ═══
[10c] Current screen: 'edit'
[2026-07-22 06:48:42] [📸] C:\Users\Asus\Downloads\New Dev\FB_Empire_AutoBot_V9.1_Fixed (14)\app\07_screen_2_edit_1784684922.png
[2026-07-22 06:48:42] [10d] On 'edit' screen. Need to click 'Next'...
[2026-07-22 06:48:42] [10e] Clicking 'Next' on 'edit' screen...
[2026-07-22 06:48:42] [*] Clicking 'Next'...
[2026-07-22 06:48:46] [✓] 'Next' clicked!
[2026-07-22 06:48:46] [⏳] Waiting for screen change from 'edit'...
[2026-07-22 06:48:48] [✓] Screen changed after 2s: 'edit' → 'share'
[2026-07-22 06:48:48] [✓] ✅ Successfully moved to 'share' screen!
[2026-07-22 06:48:52] 
[10c] ═══ Transition 3 ═══
[10c] Current screen: 'share'
[2026-07-22 06:48:53] [📸] C:\Users\Asus\Downloads\New Dev\FB_Empire_AutoBot_V9.1_Fixed (14)\app\07_screen_3_share_1784684932.png
[2026-07-22 06:48:53] [10d] ✅ On SHARE screen! Preparing to click 'Share'...
[2026-07-22 06:48:58] [*] Clicking 'Share'...
[2026-07-22 06:49:00] [✓] 'Share' clicked!
[2026-07-22 06:49:00] [✓] ✅✅ 'Share' CLICKED!
[2026-07-22 06:49:00] [⏳] Share clicked! Waiting 5s for publish to start...
[2026-07-22 06:49:05] [📸] C:\Users\Asus\Downloads\New Dev\FB_Empire_AutoBot_V9.1_Fixed (14)\app\08_after_share_1784684945.png
[2026-07-22 06:49:05] [⏳] Waiting 5s more for FB to process...
[2026-07-22 06:49:11] [📸] C:\Users\Asus\Downloads\New Dev\FB_Empire_AutoBot_V9.1_Fixed (14)\app\09_final_1784684950.png
[2026-07-22 06:49:11] [✓] ✅✅ POST PUBLISHED SUCCESSFULLY!
[2026-07-22 06:49:11] [*] Closing browser in 3 seconds...
[2026-07-22 06:49:19] [*] Browser closed.
[2026-07-22 06:55:57] ==================================================
[2026-07-22 06:55:57] UPLOAD BOT | PAGE: Paradise 777 Slots
[2026-07-22 06:55:57] ==================================================
[2026-07-22 06:55:57] [PRE] ChromeDriver: C:\Users\Asus\Downloads\New Dev\FB_Empire_AutoBot_V9.1_Fixed (14)\app\chromedriver.exe
[2026-07-22 06:55:57] [PRE] Killing Chrome...
[2026-07-22 06:56:00] [PRE] Done.
[2026-07-22 06:56:00] [1/10] User Data: C:\ChromeBot
[2026-07-22 06:56:00] [1/10] Profile : Default
[2026-07-22 06:56:00] [1/10] Page    : Paradise 777 Slots
[2026-07-22 06:56:00] [1/10] Video   : C:\Users\Asus\Downloads\New Dev\FB_Empire_AutoBot_V9.1_Fixed (14)\app\downloads\Paradise 777 Slots\edited_videos\[EDITED]_FastLane Jackpot.mp4
[2026-07-22 06:56:00] [2/10] Launching Chrome...
[2026-07-22 06:56:02] [3/10] ✅ Chrome launched!
[2026-07-22 06:56:02] [4/10] WARM-UP: 34s...
[2026-07-22 06:56:45] [4/10] WARM-UP done.
[2026-07-22 06:56:45] [5/10] Opening Business Suite...
[2026-07-22 06:56:58] [5/10] Landed: https://business.facebook.com/latest/home?asset_id=104857458997914&business_id=884449073586608&ir_qe_exposed=1
[2026-07-22 06:56:58] [📸] C:\Users\Asus\Downloads\New Dev\FB_Empire_AutoBot_V9.1_Fixed (14)\app\01_home_1784685418.png
[2026-07-22 06:56:58] [6/10] Clicking 'Create Post'...
[2026-07-22 06:57:01] [✓] Create Post clicked!
[2026-07-22 06:57:08] [📸] C:\Users\Asus\Downloads\New Dev\FB_Empire_AutoBot_V9.1_Fixed (14)\app\03_composer_1784685428.png
[2026-07-22 06:57:08] [7/10] Composer opened.
[2026-07-22 06:57:08] [8/10] Attaching video via OS dialog...
[2026-07-22 06:57:08] [8a] Video path: C:\Users\Asus\Downloads\New Dev\FB_Empire_AutoBot_V9.1_Fixed (14)\app\downloads\Paradise 777 Slots\edited_videos\[EDITED]_FastLane Jackpot.mp4
[2026-07-22 06:57:08] [8b] Finding 'Add photo/video' button...
[2026-07-22 06:57:08] [8b] Total buttons: 19
[2026-07-22 06:57:08] [✓] Found button!
[2026-07-22 06:57:09] [8c] Clicking button (opens OS dialog)...
[2026-07-22 06:57:10] [✓] Button clicked!
[2026-07-22 06:57:10] [8d] Waiting 3s for OS dialog...
[2026-07-22 06:57:13] [8e] Typing file path in OS dialog...
[2026-07-22 06:57:15] [✓] ✅ Path pasted + Enter pressed!
[2026-07-22 06:57:20] [✓] ✅ File selected in dialog!
[2026-07-22 06:57:20] [8/10] Video attached. Waiting 5s...
[2026-07-22 06:57:25] [📸] C:\Users\Asus\Downloads\New Dev\FB_Empire_AutoBot_V9.1_Fixed (14)\app\05_after_attach_1784685445.png
[2026-07-22 06:57:25] [9/10] Filling caption...
[2026-07-22 06:57:25] [9a] Finding caption box...
[2026-07-22 06:57:31] [✓] Caption typed!
[2026-07-22 06:57:35] [📸] C:\Users\Asus\Downloads\New Dev\FB_Empire_AutoBot_V9.1_Fixed (14)\app\06_after_caption_1784685455.png
[2026-07-22 06:57:35] [10/10] Schedule: 'NOW'
[2026-07-22 06:57:35] [10/10] Handling composer state...
[2026-07-22 06:57:35] [10a] Closing popups...
[2026-07-22 06:57:38] [10b] Waiting for video upload complete...
[2026-07-22 06:57:43] [✓] 0m 5s | 'Share' ENABLED!
[2026-07-22 06:57:43] [✓] ✅ Upload complete! (0m 5s)
[2026-07-22 06:57:49] 
[10c] ═══ Transition 1 ═══
[10c] Current screen: 'create' (attempt #1)
[2026-07-22 06:57:49] [📸] C:\Users\Asus\Downloads\New Dev\FB_Empire_AutoBot_V9.1_Fixed (14)\app\07_screen_1_create_1784685469.png
[2026-07-22 06:57:49] [10d] On 'create' screen. Need to click 'Next'...
[2026-07-22 06:57:49] [10e] Attempting SMART Next click...
[2026-07-22 06:57:49] [*] Finding SMART Next button...
[2026-07-22 06:57:49] [*] Found 1 'Next' button(s)
[2026-07-22 06:57:49] [*] Next candidate: pos=(1294, 605), size=63x36, score=45
[2026-07-22 06:57:49] [✓] Best Next: pos=(1294, 605)
[2026-07-22 06:57:51] [✓] Smart Next clicked!
[2026-07-22 06:57:51] [⏳] Waiting for screen change from 'create'...
[2026-07-22 06:57:53] [✓] Screen changed after 2s: 'create' → 'edit'
[2026-07-22 06:57:53] [✓] ✅ Moved to 'edit' screen!
[2026-07-22 06:57:58] 
[10c] ═══ Transition 2 ═══
[10c] Current screen: 'edit' (attempt #1)
[2026-07-22 06:57:58] [📸] C:\Users\Asus\Downloads\New Dev\FB_Empire_AutoBot_V9.1_Fixed (14)\app\07_screen_2_edit_1784685478.png
[2026-07-22 06:57:58] [10d] On 'edit' screen. Need to click 'Next'...
[2026-07-22 06:57:58] [10e] Attempting SMART Next click...
[2026-07-22 06:57:58] [*] Finding SMART Next button...
[2026-07-22 06:57:58] [*] Found 1 'Next' button(s)
[2026-07-22 06:57:58] [*] Next candidate: pos=(1294, 605), size=63x36, score=45
[2026-07-22 06:57:58] [✓] Best Next: pos=(1294, 605)
[2026-07-22 06:58:00] [✓] Smart Next clicked!
[2026-07-22 06:58:00] [⏳] Waiting for screen change from 'edit'...
[2026-07-22 06:58:02] [✓] Screen changed after 2s: 'edit' → 'share'
[2026-07-22 06:58:02] [✓] ✅ Moved to 'share' screen!
[2026-07-22 06:58:06] 
[10c] ═══ Transition 3 ═══
[10c] Current screen: 'share' (attempt #1)
[2026-07-22 06:58:07] [📸] C:\Users\Asus\Downloads\New Dev\FB_Empire_AutoBot_V9.1_Fixed (14)\app\07_screen_3_share_1784685486.png
[2026-07-22 06:58:07] [10d] ✅ On SHARE screen!
[2026-07-22 06:58:13] [*] Clicking 'Share'...
[2026-07-22 06:58:15] [✓] 'Share' clicked!
[2026-07-22 06:58:15] [✓] ✅✅ 'Share' CLICKED!
[2026-07-22 06:58:15] [⏳] Share clicked! Waiting 5s for publish to start...
[2026-07-22 06:58:20] [📸] C:\Users\Asus\Downloads\New Dev\FB_Empire_AutoBot_V9.1_Fixed (14)\app\08_after_share_1784685500.png
[2026-07-22 06:58:20] [⏳] Waiting 5s more for FB to process...
[2026-07-22 06:58:25] [📸] C:\Users\Asus\Downloads\New Dev\FB_Empire_AutoBot_V9.1_Fixed (14)\app\09_final_1784685505.png
[2026-07-22 06:58:25] [✓] ✅✅ POST PUBLISHED SUCCESSFULLY!
[2026-07-22 06:58:25] [*] Closing browser in 3 seconds...
[2026-07-22 06:58:34] [*] Browser closed.
[2026-07-22 07:07:56] ==================================================
[2026-07-22 07:07:56] UPLOAD BOT | PAGE: Paradise 777 Slots
[2026-07-22 07:07:56] ==================================================
[2026-07-22 07:07:56] [PRE] ChromeDriver: C:\Users\Asus\Downloads\New Dev\FB_Empire_AutoBot_V9.1_Fixed (14)\app\chromedriver.exe
[2026-07-22 07:07:56] [PRE] Killing Chrome...
[2026-07-22 07:07:59] [PRE] Done.
[2026-07-22 07:07:59] [1/10] User Data: C:\ChromeBot
[2026-07-22 07:07:59] [1/10] Profile : Default
[2026-07-22 07:07:59] [1/10] Page    : Paradise 777 Slots
[2026-07-22 07:07:59] [1/10] Video   : C:\Users\Asus\Downloads\New Dev\FB_Empire_AutoBot_V9.1_Fixed (14)\app\downloads\Paradise 777 Slots\edited_videos\[EDITED]_FastLane Jackpot.mp4
[2026-07-22 07:07:59] [2/10] Launching Chrome...
[2026-07-22 07:08:00] [3/10] ✅ Chrome launched!
[2026-07-22 07:08:00] [4/10] WARM-UP: 29s...
[2026-07-22 07:08:45] [4/10] WARM-UP done.
[2026-07-22 07:08:45] [5/10] Opening Business Suite...
[2026-07-22 07:08:57] [5/10] Landed: https://business.facebook.com/latest/home?asset_id=104857458997914&business_id=884449073586608&ir_qe_exposed=1
[2026-07-22 07:08:57] [📸] C:\Users\Asus\Downloads\New Dev\FB_Empire_AutoBot_V9.1_Fixed (14)\app\01_home_1784686137.png
[2026-07-22 07:08:57] [6/10] Clicking 'Create Post'...
[2026-07-22 07:09:00] [✓] Create Post clicked!
[2026-07-22 07:09:07] [📸] C:\Users\Asus\Downloads\New Dev\FB_Empire_AutoBot_V9.1_Fixed (14)\app\03_composer_1784686147.png
[2026-07-22 07:09:07] [7/10] Composer opened.
[2026-07-22 07:09:07] [8/10] Attaching video via OS dialog...
[2026-07-22 07:09:07] [8a] Video path: C:\Users\Asus\Downloads\New Dev\FB_Empire_AutoBot_V9.1_Fixed (14)\app\downloads\Paradise 777 Slots\edited_videos\[EDITED]_FastLane Jackpot.mp4
[2026-07-22 07:09:07] [8b] Finding 'Add photo/video' button...
[2026-07-22 07:09:07] [8b] Total buttons: 19
[2026-07-22 07:09:07] [✓] Found button!
[2026-07-22 07:09:08] [8c] Clicking button (opens OS dialog)...
[2026-07-22 07:09:09] [✓] Button clicked!
[2026-07-22 07:09:09] [8d] Waiting 3s for OS dialog...
[2026-07-22 07:09:12] [8e] Typing file path in OS dialog...
[2026-07-22 07:09:14] [✓] ✅ Path pasted + Enter pressed!
[2026-07-22 07:09:19] [✓] ✅ File selected in dialog!
[2026-07-22 07:09:19] [8/10] Video attached. Waiting 5s...
[2026-07-22 07:09:24] [📸] C:\Users\Asus\Downloads\New Dev\FB_Empire_AutoBot_V9.1_Fixed (14)\app\05_after_attach_1784686164.png
[2026-07-22 07:09:24] [9/10] Filling caption...
[2026-07-22 07:09:24] [9a] Finding caption box...
[2026-07-22 07:09:29] [✓] Caption typed!
[2026-07-22 07:09:33] [📸] C:\Users\Asus\Downloads\New Dev\FB_Empire_AutoBot_V9.1_Fixed (14)\app\06_after_caption_1784686173.png
[2026-07-22 07:09:33] [10/10] Schedule: 'NOW'
[2026-07-22 07:09:33] [10/10] Handling composer state...
[2026-07-22 07:09:33] [10a] Closing popups...
[2026-07-22 07:09:36] [10b] Waiting for video upload complete...
[2026-07-22 07:09:42] [✓] 0m 5s | 'Share' ENABLED!
[2026-07-22 07:09:42] [✓] ✅ Upload complete! (0m 5s)
[2026-07-22 07:09:47] 
[10c] ═══ Transition 1 ═══
[10c] Current screen: 'create' (attempt #1)
[2026-07-22 07:09:47] [📸] C:\Users\Asus\Downloads\New Dev\FB_Empire_AutoBot_V9.1_Fixed (14)\app\07_screen_1_create_1784686187.png
[2026-07-22 07:09:47] [10d] On 'create' screen. Need to click 'Next'...
[2026-07-22 07:09:48] [10e] Clicking SMART 'Next' (bottom-right)...
[2026-07-22 07:09:48] [*] Finding SMART 'Next' button...
[2026-07-22 07:09:48] [*] Found 1 'Next' button(s)
[2026-07-22 07:09:48] [*] 'Next' candidate: pos=(1294, 605), size=63x36, score=95
[2026-07-22 07:09:48] [✓] BEST 'Next': pos=(1294, 605) score=95
[2026-07-22 07:09:49] [✓] 'Next' clicked via ActionChains!
[2026-07-22 07:09:49] [⏳] Waiting for screen change from 'create'...
[2026-07-22 07:09:51] [✓] Screen changed after 2s: 'create' → 'edit'
[2026-07-22 07:09:51] [✓] ✅ Moved to 'edit' screen!
[2026-07-22 07:09:56] 
[10c] ═══ Transition 2 ═══
[10c] Current screen: 'edit' (attempt #1)
[2026-07-22 07:09:56] [📸] C:\Users\Asus\Downloads\New Dev\FB_Empire_AutoBot_V9.1_Fixed (14)\app\07_screen_2_edit_1784686196.png
[2026-07-22 07:09:56] [10d] On 'edit' screen. Need to click 'Next'...
[2026-07-22 07:09:56] [10e] Clicking SMART 'Next' (bottom-right)...
[2026-07-22 07:09:56] [*] Finding SMART 'Next' button...
[2026-07-22 07:09:56] [*] Found 1 'Next' button(s)
[2026-07-22 07:09:56] [*] 'Next' candidate: pos=(1294, 605), size=63x36, score=95
[2026-07-22 07:09:56] [✓] BEST 'Next': pos=(1294, 605) score=95
[2026-07-22 07:09:58] [✓] 'Next' clicked via ActionChains!
[2026-07-22 07:09:58] [⏳] Waiting for screen change from 'edit'...
[2026-07-22 07:10:00] [✓] Screen changed after 2s: 'edit' → 'share'
[2026-07-22 07:10:00] [✓] ✅ Moved to 'share' screen!
[2026-07-22 07:10:05] 
[10c] ═══ Transition 3 ═══
[10c] Current screen: 'share' (attempt #1)
[2026-07-22 07:10:05] [📸] C:\Users\Asus\Downloads\New Dev\FB_Empire_AutoBot_V9.1_Fixed (14)\app\07_screen_3_share_1784686205.png
[2026-07-22 07:10:05] [10d] ✅ On SHARE screen!
[2026-07-22 07:10:12] [10e] Clicking SMART 'Share' (bottom-right)...
[2026-07-22 07:10:12] [*] Finding SMART 'Share' button...
[2026-07-22 07:10:12] [*] Found 2 'Share' button(s)
[2026-07-22 07:10:12] [*] 'Share' candidate: pos=(290, 78), size=84x36, score=-120
[2026-07-22 07:10:12] [*] 'Share' candidate: pos=(1291, 605), size=69x36, score=95
[2026-07-22 07:10:12] [✓] BEST 'Share': pos=(1291, 605) score=95
[2026-07-22 07:10:13] [✓] 'Share' clicked via ActionChains!
[2026-07-22 07:10:13] [✓] ✅✅ 'Share' CLICKED!
[2026-07-22 07:10:13] [⏳] Share clicked! Waiting 5s for publish to start...
[2026-07-22 07:10:18] [📸] C:\Users\Asus\Downloads\New Dev\FB_Empire_AutoBot_V9.1_Fixed (14)\app\08_after_share_1784686218.png
[2026-07-22 07:10:18] [✓] ✅ 'Publishing your post' detected!
[2026-07-22 07:10:18] [⏳] Waiting 5s more for FB to process...
[2026-07-22 07:10:24] [📸] C:\Users\Asus\Downloads\New Dev\FB_Empire_AutoBot_V9.1_Fixed (14)\app\09_final_1784686223.png
[2026-07-22 07:10:24] [✓] ✅✅ POST PUBLISHED SUCCESSFULLY!
[2026-07-22 07:10:24] [*] Closing browser in 3 seconds...
[2026-07-22 07:10:32] [*] Browser closed.
[2026-07-22 07:18:13] ==================================================
[2026-07-22 07:18:13] UPLOAD BOT | PAGE: Paradise 777 Slots
[2026-07-22 07:18:13] ==================================================
[2026-07-22 07:18:13] [PRE] ChromeDriver: C:\Users\Asus\Downloads\New Dev\FB_Empire_AutoBot_V9.1_Fixed (14)\app\chromedriver.exe
[2026-07-22 07:18:13] [PRE] Killing Chrome...
[2026-07-22 07:18:17] [PRE] Done.
[2026-07-22 07:18:17] [1/10] User Data: C:\ChromeBot
[2026-07-22 07:18:17] [1/10] Profile : Default
[2026-07-22 07:18:17] [1/10] Page    : Paradise 777 Slots
[2026-07-22 07:18:17] [1/10] Video   : C:\Users\Asus\Downloads\New Dev\FB_Empire_AutoBot_V9.1_Fixed (14)\app\downloads\Paradise 777 Slots\edited_videos\[EDITED]_FastLane Jackpot.mp4
[2026-07-22 07:18:17] [2/10] Launching Chrome...
[2026-07-22 07:18:18] [3/10] ✅ Chrome launched!
[2026-07-22 07:18:18] [4/10] WARM-UP: 21s...
[2026-07-22 07:18:50] [4/10] WARM-UP done.
[2026-07-22 07:18:50] [5/10] Opening Business Suite...
[2026-07-22 07:19:02] [5/10] Landed: https://business.facebook.com/latest/home?asset_id=104857458997914&business_id=884449073586608&ir_qe_exposed=1
[2026-07-22 07:19:02] [📸] C:\Users\Asus\Downloads\New Dev\FB_Empire_AutoBot_V9.1_Fixed (14)\app\01_home_1784686742.png
[2026-07-22 07:19:02] [6/10] Clicking 'Create Post'...
[2026-07-22 07:19:05] [✓] Create Post clicked!
[2026-07-22 07:19:12] [📸] C:\Users\Asus\Downloads\New Dev\FB_Empire_AutoBot_V9.1_Fixed (14)\app\03_composer_1784686752.png
[2026-07-22 07:19:12] [7/10] Composer opened.
[2026-07-22 07:19:12] [8/10] Attaching video via OS dialog...
[2026-07-22 07:19:12] [8a] Video path: C:\Users\Asus\Downloads\New Dev\FB_Empire_AutoBot_V9.1_Fixed (14)\app\downloads\Paradise 777 Slots\edited_videos\[EDITED]_FastLane Jackpot.mp4
[2026-07-22 07:19:12] [8b] Finding 'Add photo/video' button...
[2026-07-22 07:19:12] [8b] Total buttons: 19
[2026-07-22 07:19:12] [✓] Found button!
[2026-07-22 07:19:13] [8c] Clicking button (opens OS dialog)...
[2026-07-22 07:19:14] [✓] Button clicked!
[2026-07-22 07:19:14] [8d] Waiting 3s for OS dialog...
[2026-07-22 07:19:17] [8e] Typing file path in OS dialog...
[2026-07-22 07:19:19] [✓] ✅ Path pasted + Enter pressed!
[2026-07-22 07:19:24] [✓] ✅ File selected in dialog!
[2026-07-22 07:19:24] [8/10] Video attached. Waiting 5s...
[2026-07-22 07:19:29] [📸] C:\Users\Asus\Downloads\New Dev\FB_Empire_AutoBot_V9.1_Fixed (14)\app\05_after_attach_1784686769.png
[2026-07-22 07:19:29] [9/10] Filling caption...
[2026-07-22 07:19:29] [9a] Finding caption box...
[2026-07-22 07:19:35] [✓] Caption typed!
[2026-07-22 07:19:39] [📸] C:\Users\Asus\Downloads\New Dev\FB_Empire_AutoBot_V9.1_Fixed (14)\app\06_after_caption_1784686779.png
[2026-07-22 07:19:39] [10/10] Schedule: 'NOW'
[2026-07-22 07:19:39] [10/10] Handling composer state...
[2026-07-22 07:19:39] [10a] Closing popups...
[2026-07-22 07:19:41] [10b] Waiting for video upload complete...
[2026-07-22 07:19:47] [✓] 0m 5s | 'Share' ENABLED!
[2026-07-22 07:19:47] [✓] ✅ Upload complete! (0m 5s)
[2026-07-22 07:19:53] 
[10c] ═══ Transition 1 ═══
[10c] Current screen: 'create' (attempt #1)
[2026-07-22 07:19:53] [📸] C:\Users\Asus\Downloads\New Dev\FB_Empire_AutoBot_V9.1_Fixed (14)\app\07_screen_1_create_1784686793.png
[2026-07-22 07:19:53] [10d] On 'create' screen. Need to click 'Next'...
[2026-07-22 07:19:53] [10e] Clicking SMART 'Next' (bottom-right)...
[2026-07-22 07:19:53] [*] Finding SMART 'Next' button...
[2026-07-22 07:19:53] [*] Found 1 'Next' button(s)
[2026-07-22 07:19:53] [*] 'Next' candidate: pos=(1294, 605), size=63x36, score=95
[2026-07-22 07:19:53] [✓] BEST 'Next': pos=(1294, 605) score=95
[2026-07-22 07:19:55] [✓] 'Next' clicked!
[2026-07-22 07:19:55] [⏳] Waiting for screen change from 'create'...
[2026-07-22 07:19:57] [✓] Screen changed after 2s: 'create' → 'edit'
[2026-07-22 07:19:57] [✓] ✅ Moved to 'edit' screen!
[2026-07-22 07:20:02] 
[10c] ═══ Transition 2 ═══
[10c] Current screen: 'edit' (attempt #1)
[2026-07-22 07:20:02] [📸] C:\Users\Asus\Downloads\New Dev\FB_Empire_AutoBot_V9.1_Fixed (14)\app\07_screen_2_edit_1784686802.png
[2026-07-22 07:20:02] [10d] On 'edit' screen. Need to click 'Next'...
[2026-07-22 07:20:02] [10e] Clicking SMART 'Next' (bottom-right)...
[2026-07-22 07:20:02] [*] Finding SMART 'Next' button...
[2026-07-22 07:20:02] [*] Found 1 'Next' button(s)
[2026-07-22 07:20:02] [*] 'Next' candidate: pos=(1294, 605), size=63x36, score=95
[2026-07-22 07:20:02] [✓] BEST 'Next': pos=(1294, 605) score=95
[2026-07-22 07:20:03] [✓] 'Next' clicked!
[2026-07-22 07:20:03] [⏳] Waiting for screen change from 'edit'...
[2026-07-22 07:20:06] [✓] Screen changed after 2s: 'edit' → 'share'
[2026-07-22 07:20:06] [✓] ✅ Moved to 'share' screen!
[2026-07-22 07:20:10] 
[10c] ═══ Transition 3 ═══
[10c] Current screen: 'share' (attempt #1)
[2026-07-22 07:20:10] [📸] C:\Users\Asus\Downloads\New Dev\FB_Empire_AutoBot_V9.1_Fixed (14)\app\07_screen_3_share_1784686810.png
[2026-07-22 07:20:10] [10d] ✅ On SHARE screen!
[2026-07-22 07:20:17] [10e] Clicking SMART 'Share' (bottom-right)...
[2026-07-22 07:20:17] [*] Finding SMART 'Share' button...
[2026-07-22 07:20:17] [*] Found 2 'Share' button(s)
[2026-07-22 07:20:17] [*] 'Share' candidate: pos=(290, 78), size=84x36, score=-120
[2026-07-22 07:20:17] [*] 'Share' candidate: pos=(1291, 605), size=69x36, score=95
[2026-07-22 07:20:17] [✓] BEST 'Share': pos=(1291, 605) score=95
[2026-07-22 07:20:19] [✓] 'Share' clicked!
[2026-07-22 07:20:19] [✓] ✅✅ 'Share' CLICKED!
[2026-07-22 07:20:21] [📸] C:\Users\Asus\Downloads\New Dev\FB_Empire_AutoBot_V9.1_Fixed (14)\app\08_after_share_click_1784686821.png
[2026-07-22 07:20:21] [⏳] Now actively verifying publish...
[2026-07-22 07:20:21] [⏳] Verifying publish status...
[2026-07-22 07:20:21] [⏳] Initial 3s wait...
[2026-07-22 07:20:30] [⏳] 6s | PUBLISHING... (Publishing text, This may take a moment, Progress bar)
[2026-07-22 07:20:36] [⏳] 12s | PUBLISHING... (Publishing text, This may take a moment, Progress bar)
[2026-07-22 07:20:42] [⏳] 18s | PUBLISHING... (Publishing text, This may take a moment, Progress bar)
[2026-07-22 07:20:49] [⏳] 24s | PUBLISHING... (Publishing text, This may take a moment, Progress bar)
[2026-07-22 07:20:55] [⏳] 30s | PUBLISHING... (Publishing text, This may take a moment, Progress bar)
[2026-07-22 07:21:01] [⏳] 37s | PUBLISHING... (Publishing text, This may take a moment, Progress bar)
[2026-07-22 07:21:07] [⏳] 43s | PUBLISHING... (Publishing text, This may take a moment, Progress bar)
[2026-07-22 07:21:13] [⏳] 49s | PUBLISHING... (Publishing text, This may take a moment, Progress bar)
[2026-07-22 07:21:19] [⏳] 55s | PUBLISHING... (Publishing text, This may take a moment, Progress bar)
[2026-07-22 07:21:25] [⏳] 61s | PUBLISHING... (Progress bar)
[2026-07-22 07:21:28] [⏳] 63s | No overlay detected (1/3 stable)
[2026-07-22 07:21:32] [✓] ✅ Overlay disappeared! Publish complete after 67s
[2026-07-22 07:21:32] [📸] C:\Users\Asus\Downloads\New Dev\FB_Empire_AutoBot_V9.1_Fixed (14)\app\09_publish_complete_1784686892.png
[2026-07-22 07:21:32] [✓] ✅✅ POST PUBLISHED SUCCESSFULLY!
[2026-07-22 07:21:32] [*] Closing browser in 3 seconds...
[2026-07-22 07:21:40] [*] Browser closed.
[2026-07-22 07:27:09] ==================================================
[2026-07-22 07:27:09] UPLOAD BOT | PAGE: Paradise 777 Slots
[2026-07-22 07:27:09] ==================================================
[2026-07-22 07:27:09] [PRE] ChromeDriver: C:\Users\Asus\Downloads\New Dev\FB_Empire_AutoBot_V9.1_Fixed (14)\app\chromedriver.exe
[2026-07-22 07:27:09] [PRE] Killing Chrome...
[2026-07-22 07:27:12] [PRE] Done.
[2026-07-22 07:27:12] [1/10] User Data: C:\ChromeBot
[2026-07-22 07:27:12] [1/10] Profile : Default
[2026-07-22 07:27:12] [1/10] Page    : Paradise 777 Slots
[2026-07-22 07:27:12] [1/10] Video   : C:\Users\Asus\Downloads\New Dev\FB_Empire_AutoBot_V9.1_Fixed (14)\app\downloads\Paradise 777 Slots\edited_videos\[EDITED]_FastLane Jackpot.mp4
[2026-07-22 07:27:12] [2/10] Launching Chrome...
[2026-07-22 07:27:13] [3/10] ✅ Chrome launched!
[2026-07-22 07:27:13] [4/10] WARM-UP: 38s...
[2026-07-22 07:28:00] [4/10] WARM-UP done.
[2026-07-22 07:28:00] [5/10] Opening Business Suite...
[2026-07-22 07:28:11] [5/10] Landed: https://business.facebook.com/latest/home?asset_id=104857458997914&business_id=884449073586608&ir_qe_exposed=1
[2026-07-22 07:28:11] [📸] C:\Users\Asus\Downloads\New Dev\FB_Empire_AutoBot_V9.1_Fixed (14)\app\01_home_1784687291.png
[2026-07-22 07:28:11] [6/10] Clicking 'Create Post'...
[2026-07-22 07:28:14] [✓] Create Post clicked!
[2026-07-22 07:28:21] [📸] C:\Users\Asus\Downloads\New Dev\FB_Empire_AutoBot_V9.1_Fixed (14)\app\03_composer_1784687301.png
[2026-07-22 07:28:21] [7/10] Composer opened.
[2026-07-22 07:28:21] [8/10] Attaching video via OS dialog...
[2026-07-22 07:28:21] [8a] Video path: C:\Users\Asus\Downloads\New Dev\FB_Empire_AutoBot_V9.1_Fixed (14)\app\downloads\Paradise 777 Slots\edited_videos\[EDITED]_FastLane Jackpot.mp4
[2026-07-22 07:28:21] [8b] Finding 'Add photo/video' button...
[2026-07-22 07:28:21] [8b] Total buttons: 19
[2026-07-22 07:28:22] [✓] Found button!
[2026-07-22 07:28:23] [8c] Clicking button (opens OS dialog)...
[2026-07-22 07:28:23] [✓] Button clicked!
[2026-07-22 07:28:23] [8d] Waiting 3s for OS dialog...
[2026-07-22 07:28:26] [8e] Typing file path in OS dialog...
[2026-07-22 07:28:28] [✓] ✅ Path pasted + Enter pressed!
[2026-07-22 07:28:33] [✓] ✅ File selected in dialog!
[2026-07-22 07:28:33] [8/10] Video attached. Waiting 5s...
[2026-07-22 07:28:38] [📸] C:\Users\Asus\Downloads\New Dev\FB_Empire_AutoBot_V9.1_Fixed (14)\app\05_after_attach_1784687318.png
[2026-07-22 07:28:38] [9/10] Filling caption...
[2026-07-22 07:28:38] [9a] Finding caption box...
[2026-07-22 07:28:43] [✓] Caption typed!
[2026-07-22 07:28:47] [📸] C:\Users\Asus\Downloads\New Dev\FB_Empire_AutoBot_V9.1_Fixed (14)\app\06_after_caption_1784687327.png
[2026-07-22 07:28:47] [10/10] Schedule: 'NOW'
[2026-07-22 07:28:47] [10/10] Handling composer state...
[2026-07-22 07:28:47] [10a] Closing popups...
[2026-07-22 07:28:50] [10b] Waiting for video upload complete...
[2026-07-22 07:28:55] [✓] 0m 5s | 'Share' ENABLED!
[2026-07-22 07:28:55] [✓] ✅ Upload complete! (0m 5s)
[2026-07-22 07:29:01] 
[10c] ═══ Transition 1 ═══
[10c] Current screen: 'create' (attempt #1)
[2026-07-22 07:29:01] [📸] C:\Users\Asus\Downloads\New Dev\FB_Empire_AutoBot_V9.1_Fixed (14)\app\07_screen_1_create_1784687341.png
[2026-07-22 07:29:01] [10d] On 'create' screen. Need to click 'Next'...
[2026-07-22 07:29:01] [10e] Clicking SMART 'Next' (bottom-right)...
[2026-07-22 07:29:01] [*] Finding SMART 'Next' button...
[2026-07-22 07:29:01] [*] Found 1 'Next' button(s)
[2026-07-22 07:29:01] [*] 'Next' candidate: pos=(1294, 605), size=63x36, score=95
[2026-07-22 07:29:01] [✓] BEST 'Next': pos=(1294, 605) score=95
[2026-07-22 07:29:03] [✓] 'Next' clicked!
[2026-07-22 07:29:03] [⏳] Waiting for screen change from 'create'...
[2026-07-22 07:29:05] [✓] Screen changed after 2s: 'create' → 'edit'
[2026-07-22 07:29:05] [✓] ✅ Moved to 'edit' screen!
[2026-07-22 07:29:10] 
[10c] ═══ Transition 2 ═══
[10c] Current screen: 'edit' (attempt #1)
[2026-07-22 07:29:10] [📸] C:\Users\Asus\Downloads\New Dev\FB_Empire_AutoBot_V9.1_Fixed (14)\app\07_screen_2_edit_1784687350.png
[2026-07-22 07:29:10] [10d] On 'edit' screen. Need to click 'Next'...
[2026-07-22 07:29:10] [10e] Clicking SMART 'Next' (bottom-right)...
[2026-07-22 07:29:10] [*] Finding SMART 'Next' button...
[2026-07-22 07:29:10] [*] Found 1 'Next' button(s)
[2026-07-22 07:29:10] [*] 'Next' candidate: pos=(1294, 605), size=63x36, score=95
[2026-07-22 07:29:10] [✓] BEST 'Next': pos=(1294, 605) score=95
[2026-07-22 07:29:12] [✓] 'Next' clicked!
[2026-07-22 07:29:12] [⏳] Waiting for screen change from 'edit'...
[2026-07-22 07:29:14] [✓] Screen changed after 2s: 'edit' → 'share'
[2026-07-22 07:29:14] [✓] ✅ Moved to 'share' screen!
[2026-07-22 07:29:18] 
[10c] ═══ Transition 3 ═══
[10c] Current screen: 'share' (attempt #1)
[2026-07-22 07:29:19] [📸] C:\Users\Asus\Downloads\New Dev\FB_Empire_AutoBot_V9.1_Fixed (14)\app\07_screen_3_share_1784687358.png
[2026-07-22 07:29:19] [10d] ✅ On SHARE screen!
[2026-07-22 07:29:25] [10e] Clicking SMART 'Share' (bottom-right)...
[2026-07-22 07:29:25] [*] Finding SMART 'Share' button...
[2026-07-22 07:29:25] [*] Found 2 'Share' button(s)
[2026-07-22 07:29:25] [*] 'Share' candidate: pos=(290, 78), size=84x36, score=-120
[2026-07-22 07:29:25] [*] 'Share' candidate: pos=(1291, 605), size=69x36, score=95
[2026-07-22 07:29:25] [✓] BEST 'Share': pos=(1291, 605) score=95
[2026-07-22 07:29:27] [✓] 'Share' clicked!
[2026-07-22 07:29:27] [✓] ✅✅ 'Share' CLICKED!
[2026-07-22 07:29:29] [📸] C:\Users\Asus\Downloads\New Dev\FB_Empire_AutoBot_V9.1_Fixed (14)\app\08_after_share_click_1784687369.png
[2026-07-22 07:29:29] [⏳] Now actively verifying publish...
[2026-07-22 07:29:29] [⏳] Verifying publish status...
[2026-07-22 07:29:29] [⏳] Initial 3s wait...
[2026-07-22 07:29:38] [⏳] 6s | PUBLISHING... (Publishing, Take a moment, Spinner)
[2026-07-22 07:29:44] [⏳] 12s | PUBLISHING... (Publishing, Take a moment, Spinner)
[2026-07-22 07:29:51] [⏳] 18s | PUBLISHING... (Publishing, Take a moment, Spinner)
[2026-07-22 07:29:57] [⏳] 24s | PUBLISHING... (Publishing, Take a moment, Spinner)
[2026-07-22 07:30:03] [⏳] 30s | PUBLISHING... (Publishing, Take a moment, Spinner)
[2026-07-22 07:30:09] [⏳] 36s | PUBLISHING... (Publishing, Take a moment, Spinner)
[2026-07-22 07:30:13] [⏳] 41s | PUBLISHING... (Publishing, Take a moment, Spinner)
[2026-07-22 07:30:19] [⏳] 47s | PUBLISHING... (Publishing, Take a moment, Spinner)
[2026-07-22 07:30:26] [⏳] 53s | PUBLISHING... (Publishing, Take a moment, Spinner)
[2026-07-22 07:30:32] [⏳] 59s | PUBLISHING... (Publishing, Take a moment, Spinner)
[2026-07-22 07:30:38] [⏳] 65s | PUBLISHING... (Publishing, Take a moment, Spinner)
[2026-07-22 07:30:44] [⏳] 71s | PUBLISHING... (Publishing, Take a moment, Spinner)
[2026-07-22 07:30:48] [⏳] 76s | PUBLISHING... (Publishing, Take a moment, Spinner)
[2026-07-22 07:30:54] [⏳] 82s | PUBLISHING... (Publishing, Take a moment, Spinner)
[2026-07-22 07:31:01] [⏳] 88s | PUBLISHING... (Publishing, Take a moment, Spinner)
[2026-07-22 07:31:07] [⏳] 94s | PUBLISHING... (Publishing, Take a moment, Spinner)
[2026-07-22 07:31:13] [⏳] 100s | PUBLISHING... (Publishing, Take a moment, Spinner)
[2026-07-22 07:31:19] [⏳] 106s | PUBLISHING... (Publishing, Take a moment, Spinner)
[2026-07-22 07:31:23] [⏳] 111s | PUBLISHING... (Publishing, Take a moment, Spinner)
[2026-07-22 07:31:29] [⏳] 117s | PUBLISHING... (Publishing, Take a moment, Spinner)
[2026-07-22 07:31:36] [⏳] 123s | PUBLISHING... (Publishing, Take a moment, Spinner)
[2026-07-22 07:31:42] [⏳] 129s | PUBLISHING... (Publishing, Take a moment, Spinner)
[2026-07-22 07:31:46] [!] Check error: Message: invalid session id: session deleted as the browser has closed the connection
from disconnected: not connected to DevTools
  (Session info: chrome=150.0.7871.130)
Stacktrace:
	chromedriver!GetHandleVerifier [0x7ff7bc7c3ff5+5ba375]
	chromedriver!GetHandleVerifier [0x7ff7bc21f0a0+15420]
	chromedriver!(No symbol) [0x7ff7bbd55b8d]
	chromedriver!(No symbol) [0x7ff7bbd41362]
	chromedriver!(No symbol) [0x7ff7bbd672b6]
	chromedriver!(No symbol) [0x7ff7bbde0f90]
	chromedriver!(No symbol) [0x7ff7bbdfe172]
	chromedriver!(No symbol) [0x7ff7bbda30cc]
	chromedriver!(No symbol) [0x7ff7bbda3fe3]
	chromedriver!GetHandleVerifier [0x7ff7bc7f0d81+5e7101]
	chromedriver!GetHandleVerifier [0x7ff7bc7eb0ea+5e146a]
	chromedriver!GetHandleVerifier [0x7ff7bc810a15+606d95]
	chromedriver!GetHandleVerifier [0x7ff7bc23ca1e+32d9e]
	chromedriver!GetHandleVerifier [0x7ff7bc24520c+3b58c]
	chromedriver!GetHandleVerifier [0x7ff7bc2292b4+1f634]
	chromedriver!GetHandleVerifier [0x7ff7bc229444+1f7c4]
	chromedriver!GetHandleVerifier [0x7ff7bc20bf67+22e7]
	KERNEL32!BaseThreadInitThunk [0x7ff86f0ee957+17]
	ntdll!RtlUserThreadStart [0x7ff86f68ad6c+2c]

[2026-07-23 01:02:29] ==================================================
[2026-07-23 01:02:29] UPLOAD BOT | PAGE: Paradise 777 Slots
[2026-07-23 01:02:29] ==================================================
[2026-07-23 01:02:29] [PRE] ChromeDriver: C:\Users\Asus\Downloads\New Dev\FB_Empire_AutoBot_V9.1_Fixed (14)\app\chromedriver.exe
[2026-07-23 01:02:29] [PRE] Killing Chrome...
[2026-07-23 01:02:32] [PRE] Done.
[2026-07-23 01:02:32] [1/10] User Data: C:\ChromeBot
[2026-07-23 01:02:32] [1/10] Profile : Default
[2026-07-23 01:02:32] [1/10] Page    : Paradise 777 Slots
[2026-07-23 01:02:32] [1/10] Video   : C:\Users\Asus\Downloads\New Dev\FB_Empire_AutoBot_V9.1_Fixed (14)\app\downloads\Paradise 777 Slots\edited_videos\[EDITED]_g88kBhiN4pY_Different Resolution Comparison!.mp4
[2026-07-23 01:02:32] [2/10] Launching Chrome...
[2026-07-23 01:02:34] [3/10] ✅ Chrome launched!
[2026-07-23 01:02:34] [4/10] WARM-UP: 20s...
[2026-07-23 01:03:10] [4/10] WARM-UP done.
[2026-07-23 01:03:10] [5/10] Opening Business Suite...
[2026-07-23 01:03:26] [5/10] Landed: https://business.facebook.com/latest/home?asset_id=104857458997914&business_id=884449073586608&ir_qe_exposed=1
[2026-07-23 01:03:26] [📸] C:\Users\Asus\Downloads\New Dev\FB_Empire_AutoBot_V9.1_Fixed (14)\app\01_home_1784750606.png
[2026-07-23 01:03:26] [6/10] Clicking 'Create Post'...
[2026-07-23 01:03:29] [✓] Create Post clicked!
[2026-07-23 01:03:36] [📸] C:\Users\Asus\Downloads\New Dev\FB_Empire_AutoBot_V9.1_Fixed (14)\app\03_composer_1784750616.png
[2026-07-23 01:03:36] [7/10] Composer opened.
[2026-07-23 01:03:36] [8/10] Attaching video via OS dialog...
[2026-07-23 01:03:36] [8a] Video path: C:\Users\Asus\Downloads\New Dev\FB_Empire_AutoBot_V9.1_Fixed (14)\app\downloads\Paradise 777 Slots\edited_videos\[EDITED]_g88kBhiN4pY_Different Resolution Comparison!.mp4
[2026-07-23 01:03:36] [8b] Finding 'Add photo/video' button...
[2026-07-23 01:03:36] [8b] Total buttons: 19
[2026-07-23 01:03:36] [✓] Found button!
[2026-07-23 01:03:37] [8c] Clicking button (opens OS dialog)...
[2026-07-23 01:03:38] [✓] Button clicked!
[2026-07-23 01:03:38] [8d] Waiting 3s for OS dialog...
[2026-07-23 01:03:41] [8e] Typing file path in OS dialog...
[2026-07-23 01:03:43] [✓] ✅ Path pasted + Enter pressed!
[2026-07-23 01:03:48] [✓] ✅ File selected in dialog!
[2026-07-23 01:03:48] [8/10] Video attached. Waiting 5s...
[2026-07-23 01:03:54] [📸] C:\Users\Asus\Downloads\New Dev\FB_Empire_AutoBot_V9.1_Fixed (14)\app\05_after_attach_1784750633.png
[2026-07-23 01:03:54] [9/10] Filling caption...
[2026-07-23 01:03:54] [9a] Finding caption box...
[2026-07-23 01:04:05] [✓] Caption typed!
[2026-07-23 01:04:11] [📸] C:\Users\Asus\Downloads\New Dev\FB_Empire_AutoBot_V9.1_Fixed (14)\app\06_after_caption_1784750650.png
[2026-07-23 01:04:11] [10/10] Schedule: 'NOW'
[2026-07-23 01:04:11] [10/10] Handling composer state...
[2026-07-23 01:04:11] [10a] Closing popups...
[2026-07-23 01:04:14] [10b] Waiting for video upload complete...
[2026-07-23 01:04:20] [✓] 0m 5s | 'Share' ENABLED!
[2026-07-23 01:04:20] [✓] ✅ Upload complete! (0m 5s)
[2026-07-23 01:04:26] 
[10c] ═══ Transition 1 ═══
[10c] Current screen: 'create' (attempt #1)
[2026-07-23 01:04:27] [📸] C:\Users\Asus\Downloads\New Dev\FB_Empire_AutoBot_V9.1_Fixed (14)\app\07_screen_1_create_1784750666.png
[2026-07-23 01:04:27] [10d] On 'create' screen. Need to click 'Next'...
[2026-07-23 01:04:27] [10e] Clicking SMART 'Next' (bottom-right)...
[2026-07-23 01:04:27] [*] Finding SMART 'Next' button...
[2026-07-23 01:04:27] [*] Found 1 'Next' button(s)
[2026-07-23 01:04:27] [*] 'Next' candidate: pos=(1294, 605), size=63x36, score=95
[2026-07-23 01:04:27] [✓] BEST 'Next': pos=(1294, 605) score=95
[2026-07-23 01:04:29] [✓] 'Next' clicked!
[2026-07-23 01:04:29] [⏳] Waiting for screen change from 'create'...
[2026-07-23 01:04:32] [✓] Screen changed after 2s: 'create' → 'edit'
[2026-07-23 01:04:32] [✓] ✅ Moved to 'edit' screen!
[2026-07-23 01:04:37] 
[10c] ═══ Transition 2 ═══
[10c] Current screen: 'edit' (attempt #1)
[2026-07-23 01:04:37] [📸] C:\Users\Asus\Downloads\New Dev\FB_Empire_AutoBot_V9.1_Fixed (14)\app\07_screen_2_edit_1784750677.png
[2026-07-23 01:04:37] [10d] On 'edit' screen. Need to click 'Next'...
[2026-07-23 01:04:37] [10e] Clicking SMART 'Next' (bottom-right)...
[2026-07-23 01:04:37] [*] Finding SMART 'Next' button...
[2026-07-23 01:04:37] [*] Found 1 'Next' button(s)
[2026-07-23 01:04:37] [*] 'Next' candidate: pos=(1294, 605), size=63x36, score=95
[2026-07-23 01:04:37] [✓] BEST 'Next': pos=(1294, 605) score=95
[2026-07-23 01:04:40] [✓] 'Next' clicked!
[2026-07-23 01:04:40] [⏳] Waiting for screen change from 'edit'...
[2026-07-23 01:04:43] [✓] Screen changed after 2s: 'edit' → 'share'
[2026-07-23 01:04:43] [✓] ✅ Moved to 'share' screen!
[2026-07-23 01:04:48] 
[10c] ═══ Transition 3 ═══
[10c] Current screen: 'share' (attempt #1)
[2026-07-23 01:04:48] [📸] C:\Users\Asus\Downloads\New Dev\FB_Empire_AutoBot_V9.1_Fixed (14)\app\07_screen_3_share_1784750688.png
[2026-07-23 01:04:48] [10d] ✅ On SHARE screen!
[2026-07-23 01:04:55] [10e] Clicking SMART 'Share' (bottom-right)...
[2026-07-23 01:04:55] [*] Finding SMART 'Share' button...
[2026-07-23 01:04:55] [*] Found 2 'Share' button(s)
[2026-07-23 01:04:55] [*] 'Share' candidate: pos=(290, 78), size=84x36, score=-120
[2026-07-23 01:04:55] [*] 'Share' candidate: pos=(1291, 605), size=69x36, score=95
[2026-07-23 01:04:55] [✓] BEST 'Share': pos=(1291, 605) score=95
[2026-07-23 01:04:57] [✓] 'Share' clicked!
[2026-07-23 01:04:57] [✓] ✅✅ 'Share' CLICKED!
[2026-07-23 01:04:59] [📸] C:\Users\Asus\Downloads\New Dev\FB_Empire_AutoBot_V9.1_Fixed (14)\app\08_after_share_click_1784750699.png
[2026-07-23 01:04:59] [⏳] Now actively verifying publish...
[2026-07-23 01:04:59] [⏳] Verifying publish status...
[2026-07-23 01:04:59] [⏳] Initial 3s wait...
[2026-07-23 01:05:09] [⏳] 6s | PUBLISHING... (Publishing, Take a moment, Spinner)
[2026-07-23 01:05:15] [⏳] 12s | PUBLISHING... (Publishing, Take a moment, Spinner)
[2026-07-23 01:05:20] [⏳] 17s | PUBLISHING... (Publishing, Take a moment, Spinner)
[2026-07-23 01:05:26] [⏳] 23s | PUBLISHING... (Publishing, Take a moment, Spinner)
[2026-07-23 01:05:32] [⏳] 29s | PUBLISHING... (Publishing, Take a moment, Spinner)
[2026-07-23 01:05:37] [⏳] 34s | PUBLISHING... (Publishing, Take a moment, Spinner)
[2026-07-23 01:05:43] [⏳] 40s | PUBLISHING... (Publishing, Take a moment, Spinner)
[2026-07-23 01:05:45] [!] Check error: Message: no such window: target window already closed
from unknown error: web view not found
  (Session info: chrome=150.0.7871.130)
Stacktrace:
	chromedriver!GetHandleVerifier [0x7ff6f8cf3ff5+5ba375]
	chromedriver!GetHandleVerifier [0x7ff6f874f0a0+15420]
	chromedriver!(No symbol) [0x7ff6f8285b8d]
	chromedriver!(No symbol) [0x7ff6f825c9e2]
	chromedriver!(No symbol) [0x7ff6f8310d36]
	chromedriver!(No symbol) [0x7ff6f832e172]
	chromedriver!(No symbol) [0x7ff6f82d30cc]
	chromedriver!(No symbol) [0x7ff6f82d3fe3]
	chromedriver!GetHandleVerifier [0x7ff6f8d20d81+5e7101]
	chromedriver!GetHandleVerifier [0x7ff6f8d1b0ea+5e146a]
	chromedriver!GetHandleVerifier [0x7ff6f8d40a15+606d95]
	chromedriver!GetHandleVerifier [0x7ff6f876ca1e+32d9e]
	chromedriver!GetHandleVerifier [0x7ff6f877520c+3b58c]
	chromedriver!GetHandleVerifier [0x7ff6f87592b4+1f634]
	chromedriver!GetHandleVerifier [0x7ff6f8759444+1f7c4]
	chromedriver!GetHandleVerifier [0x7ff6f873bf67+22e7]
	KERNEL32!BaseThreadInitThunk [0x7ff86f0ee957+17]
	ntdll!RtlUserThreadStart [0x7ff86f68ad6c+2c]

[2026-07-23 01:05:47] [!] Check error: Message: no such window: target window already closed
from unknown error: web view not found
  (Session info: chrome=150.0.7871.130)
Stacktrace:
	chromedriver!GetHandleVerifier [0x7ff6f8cf3ff5+5ba375]
	chromedriver!GetHandleVerifier [0x7ff6f874f0a0+15420]
	chromedriver!(No symbol) [0x7ff6f8285b8d]
	chromedriver!(No symbol) [0x7ff6f825c9e2]
	chromedriver!(No symbol) [0x7ff6f8310d36]
	chromedriver!(No symbol) [0x7ff6f832e172]
	chromedriver!(No symbol) [0x7ff6f82d30cc]
	chromedriver!(No symbol) [0x7ff6f82d3fe3]
	chromedriver!GetHandleVerifier [0x7ff6f8d20d81+5e7101]
	chromedriver!GetHandleVerifier [0x7ff6f8d1b0ea+5e146a]
	chromedriver!GetHandleVerifier [0x7ff6f8d40a15+606d95]
	chromedriver!GetHandleVerifier [0x7ff6f876ca1e+32d9e]
	chromedriver!GetHandleVerifier [0x7ff6f877520c+3b58c]
	chromedriver!GetHandleVerifier [0x7ff6f87592b4+1f634]
	chromedriver!GetHandleVerifier [0x7ff6f8759444+1f7c4]
	chromedriver!GetHandleVerifier [0x7ff6f873bf67+22e7]
	KERNEL32!BaseThreadInitThunk [0x7ff86f0ee957+17]
	ntdll!RtlUserThreadStart [0x7ff86f68ad6c+2c]

[2026-07-23 01:05:49] [!] Check error: Message: no such window: target window already closed
from unknown error: web view not found
  (Session info: chrome=150.0.7871.130)
Stacktrace:
	chromedriver!GetHandleVerifier [0x7ff6f8cf3ff5+5ba375]
	chromedriver!GetHandleVerifier [0x7ff6f874f0a0+15420]
	chromedriver!(No symbol) [0x7ff6f8285b8d]
	chromedriver!(No symbol) [0x7ff6f825c9e2]
	chromedriver!(No symbol) [0x7ff6f8310d36]
	chromedriver!(No symbol) [0x7ff6f832e172]
	chromedriver!(No symbol) [0x7ff6f82d30cc]
	chromedriver!(No symbol) [0x7ff6f82d3fe3]
	chromedriver!GetHandleVerifier [0x7ff6f8d20d81+5e7101]
	chromedriver!GetHandleVerifier [0x7ff6f8d1b0ea+5e146a]
	chromedriver!GetHandleVerifier [0x7ff6f8d40a15+606d95]
	chromedriver!GetHandleVerifier [0x7ff6f876ca1e+32d9e]
	chromedriver!GetHandleVerifier [0x7ff6f877520c+3b58c]
	chromedriver!GetHandleVerifier [0x7ff6f87592b4+1f634]
	chromedriver!GetHandleVerifier [0x7ff6f8759444+1f7c4]
	chromedriver!GetHandleVerifier [0x7ff6f873bf67+22e7]
	KERNEL32!BaseThreadInitThunk [0x7ff86f0ee957+17]
	ntdll!RtlUserThreadStart [0x7ff86f68ad6c+2c]

[2026-07-23 01:05:51] [!] Check error: Message: no such window: target window already closed
from unknown error: web view not found
  (Session info: chrome=150.0.7871.130)
Stacktrace:
	chromedriver!GetHandleVerifier [0x7ff6f8cf3ff5+5ba375]
	chromedriver!GetHandleVerifier [0x7ff6f874f0a0+15420]
	chromedriver!(No symbol) [0x7ff6f8285b8d]
	chromedriver!(No symbol) [0x7ff6f825c9e2]
	chromedriver!(No symbol) [0x7ff6f8310d36]
	chromedriver!(No symbol) [0x7ff6f832e172]
	chromedriver!(No symbol) [0x7ff6f82d30cc]
	chromedriver!(No symbol) [0x7ff6f82d3fe3]
	chromedriver!GetHandleVerifier [0x7ff6f8d20d81+5e7101]
	chromedriver!GetHandleVerifier [0x7ff6f8d1b0ea+5e146a]
	chromedriver!GetHandleVerifier [0x7ff6f8d40a15+606d95]
	chromedriver!GetHandleVerifier [0x7ff6f876ca1e+32d9e]
	chromedriver!GetHandleVerifier [0x7ff6f877520c+3b58c]
	chromedriver!GetHandleVerifier [0x7ff6f87592b4+1f634]
	chromedriver!GetHandleVerifier [0x7ff6f8759444+1f7c4]
	chromedriver!GetHandleVerifier [0x7ff6f873bf67+22e7]
	KERNEL32!BaseThreadInitThunk [0x7ff86f0ee957+17]
	ntdll!RtlUserThreadStart [0x7ff86f68ad6c+2c]

[2026-07-23 01:05:53] [!] Check error: Message: no such window: target window already closed
from unknown error: web view not found
  (Session info: chrome=150.0.7871.130)
Stacktrace:
	chromedriver!GetHandleVerifier [0x7ff6f8cf3ff5+5ba375]
	chromedriver!GetHandleVerifier [0x7ff6f874f0a0+15420]
	chromedriver!(No symbol) [0x7ff6f8285b8d]
	chromedriver!(No symbol) [0x7ff6f825c9e2]
	chromedriver!(No symbol) [0x7ff6f8310d36]
	chromedriver!(No symbol) [0x7ff6f832e172]
	chromedriver!(No symbol) [0x7ff6f82d30cc]
	chromedriver!(No symbol) [0x7ff6f82d3fe3]
	chromedriver!GetHandleVerifier [0x7ff6f8d20d81+5e7101]
	chromedriver!GetHandleVerifier [0x7ff6f8d1b0ea+5e146a]
	chromedriver!GetHandleVerifier [0x7ff6f8d40a15+606d95]
	chromedriver!GetHandleVerifier [0x7ff6f876ca1e+32d9e]
	chromedriver!GetHandleVerifier [0x7ff6f877520c+3b58c]
	chromedriver!GetHandleVerifier [0x7ff6f87592b4+1f634]
	chromedriver!GetHandleVerifier [0x7ff6f8759444+1f7c4]
	chromedriver!GetHandleVerifier [0x7ff6f873bf67+22e7]
	KERNEL32!BaseThreadInitThunk [0x7ff86f0ee957+17]
	ntdll!RtlUserThreadStart [0x7ff86f68ad6c+2c]

[2026-07-23 01:05:55] [!] Check error: Message: no such window: target window already closed
from unknown error: web view not found
  (Session info: chrome=150.0.7871.130)
Stacktrace:
	chromedriver!GetHandleVerifier [0x7ff6f8cf3ff5+5ba375]
	chromedriver!GetHandleVerifier [0x7ff6f874f0a0+15420]
	chromedriver!(No symbol) [0x7ff6f8285b8d]
	chromedriver!(No symbol) [0x7ff6f825c9e2]
	chromedriver!(No symbol) [0x7ff6f8310d36]
	chromedriver!(No symbol) [0x7ff6f832e172]
	chromedriver!(No symbol) [0x7ff6f82d30cc]
	chromedriver!(No symbol) [0x7ff6f82d3fe3]
	chromedriver!GetHandleVerifier [0x7ff6f8d20d81+5e7101]
	chromedriver!GetHandleVerifier [0x7ff6f8d1b0ea+5e146a]
	chromedriver!GetHandleVerifier [0x7ff6f8d40a15+606d95]
	chromedriver!GetHandleVerifier [0x7ff6f876ca1e+32d9e]
	chromedriver!GetHandleVerifier [0x7ff6f877520c+3b58c]
	chromedriver!GetHandleVerifier [0x7ff6f87592b4+1f634]
	chromedriver!GetHandleVerifier [0x7ff6f8759444+1f7c4]
	chromedriver!GetHandleVerifier [0x7ff6f873bf67+22e7]
	KERNEL32!BaseThreadInitThunk [0x7ff86f0ee957+17]
	ntdll!RtlUserThreadStart [0x7ff86f68ad6c+2c]

[2026-07-23 01:05:57] [!] Check error: Message: no such window: target window already closed
from unknown error: web view not found
  (Session info: chrome=150.0.7871.130)
Stacktrace:
	chromedriver!GetHandleVerifier [0x7ff6f8cf3ff5+5ba375]
	chromedriver!GetHandleVerifier [0x7ff6f874f0a0+15420]
	chromedriver!(No symbol) [0x7ff6f8285b8d]
	chromedriver!(No symbol) [0x7ff6f825c9e2]
	chromedriver!(No symbol) [0x7ff6f8310d36]
	chromedriver!(No symbol) [0x7ff6f832e172]
	chromedriver!(No symbol) [0x7ff6f82d30cc]
	chromedriver!(No symbol) [0x7ff6f82d3fe3]
	chromedriver!GetHandleVerifier [0x7ff6f8d20d81+5e7101]
	chromedriver!GetHandleVerifier [0x7ff6f8d1b0ea+5e146a]
	chromedriver!GetHandleVerifier [0x7ff6f8d40a15+606d95]
	chromedriver!GetHandleVerifier [0x7ff6f876ca1e+32d9e]
	chromedriver!GetHandleVerifier [0x7ff6f877520c+3b58c]
	chromedriver!GetHandleVerifier [0x7ff6f87592b4+1f634]
	chromedriver!GetHandleVerifier [0x7ff6f8759444+1f7c4]
	chromedriver!GetHandleVerifier [0x7ff6f873bf67+22e7]
	KERNEL32!BaseThreadInitThunk [0x7ff86f0ee957+17]
	ntdll!RtlUserThreadStart [0x7ff86f68ad6c+2c]

[2026-07-23 01:05:59] [!] Check error: Message: no such window: target window already closed
from unknown error: web view not found
  (Session info: chrome=150.0.7871.130)
Stacktrace:
	chromedriver!GetHandleVerifier [0x7ff6f8cf3ff5+5ba375]
	chromedriver!GetHandleVerifier [0x7ff6f874f0a0+15420]
	chromedriver!(No symbol) [0x7ff6f8285b8d]
	chromedriver!(No symbol) [0x7ff6f825c9e2]
	chromedriver!(No symbol) [0x7ff6f8310d36]
	chromedriver!(No symbol) [0x7ff6f832e172]
	chromedriver!(No symbol) [0x7ff6f82d30cc]
	chromedriver!(No symbol) [0x7ff6f82d3fe3]
	chromedriver!GetHandleVerifier [0x7ff6f8d20d81+5e7101]
	chromedriver!GetHandleVerifier [0x7ff6f8d1b0ea+5e146a]
	chromedriver!GetHandleVerifier [0x7ff6f8d40a15+606d95]
	chromedriver!GetHandleVerifier [0x7ff6f876ca1e+32d9e]
	chromedriver!GetHandleVerifier [0x7ff6f877520c+3b58c]
	chromedriver!GetHandleVerifier [0x7ff6f87592b4+1f634]
	chromedriver!GetHandleVerifier [0x7ff6f8759444+1f7c4]
	chromedriver!GetHandleVerifier [0x7ff6f873bf67+22e7]
	KERNEL32!BaseThreadInitThunk [0x7ff86f0ee957+17]
	ntdll!RtlUserThreadStart [0x7ff86f68ad6c+2c]

[2026-07-23 01:06:01] [!] Check error: Message: no such window: target window already closed
from unknown error: web view not found
  (Session info: chrome=150.0.7871.130)
Stacktrace:
	chromedriver!GetHandleVerifier [0x7ff6f8cf3ff5+5ba375]
	chromedriver!GetHandleVerifier [0x7ff6f874f0a0+15420]
	chromedriver!(No symbol) [0x7ff6f8285b8d]
	chromedriver!(No symbol) [0x7ff6f825c9e2]
	chromedriver!(No symbol) [0x7ff6f8310d36]
	chromedriver!(No symbol) [0x7ff6f832e172]
	chromedriver!(No symbol) [0x7ff6f82d30cc]
	chromedriver!(No symbol) [0x7ff6f82d3fe3]
	chromedriver!GetHandleVerifier [0x7ff6f8d20d81+5e7101]
	chromedriver!GetHandleVerifier [0x7ff6f8d1b0ea+5e146a]
	chromedriver!GetHandleVerifier [0x7ff6f8d40a15+606d95]
	chromedriver!GetHandleVerifier [0x7ff6f876ca1e+32d9e]
	chromedriver!GetHandleVerifier [0x7ff6f877520c+3b58c]
	chromedriver!GetHandleVerifier [0x7ff6f87592b4+1f634]
	chromedriver!GetHandleVerifier [0x7ff6f8759444+1f7c4]
	chromedriver!GetHandleVerifier [0x7ff6f873bf67+22e7]
	KERNEL32!BaseThreadInitThunk [0x7ff86f0ee957+17]
	ntdll!RtlUserThreadStart [0x7ff86f68ad6c+2c]

[2026-07-23 01:06:03] [!] Check error: Message: no such window: target window already closed
from unknown error: web view not found
  (Session info: chrome=150.0.7871.130)
Stacktrace:
	chromedriver!GetHandleVerifier [0x7ff6f8cf3ff5+5ba375]
	chromedriver!GetHandleVerifier [0x7ff6f874f0a0+15420]
	chromedriver!(No symbol) [0x7ff6f8285b8d]
	chromedriver!(No symbol) [0x7ff6f825c9e2]
	chromedriver!(No symbol) [0x7ff6f8310d36]
	chromedriver!(No symbol) [0x7ff6f832e172]
	chromedriver!(No symbol) [0x7ff6f82d30cc]
	chromedriver!(No symbol) [0x7ff6f82d3fe3]
	chromedriver!GetHandleVerifier [0x7ff6f8d20d81+5e7101]
	chromedriver!GetHandleVerifier [0x7ff6f8d1b0ea+5e146a]
	chromedriver!GetHandleVerifier [0x7ff6f8d40a15+606d95]
	chromedriver!GetHandleVerifier [0x7ff6f876ca1e+32d9e]
	chromedriver!GetHandleVerifier [0x7ff6f877520c+3b58c]
	chromedriver!GetHandleVerifier [0x7ff6f87592b4+1f634]
	chromedriver!GetHandleVerifier [0x7ff6f8759444+1f7c4]
	chromedriver!GetHandleVerifier [0x7ff6f873bf67+22e7]
	KERNEL32!BaseThreadInitThunk [0x7ff86f0ee957+17]
	ntdll!RtlUserThreadStart [0x7ff86f68ad6c+2c]

[2026-07-23 01:06:05] [!] Check error: Message: no such window: target window already closed
from unknown error: web view not found
  (Session info: chrome=150.0.7871.130)
Stacktrace:
	chromedriver!GetHandleVerifier [0x7ff6f8cf3ff5+5ba375]
	chromedriver!GetHandleVerifier [0x7ff6f874f0a0+15420]
	chromedriver!(No symbol) [0x7ff6f8285b8d]
	chromedriver!(No symbol) [0x7ff6f825c9e2]
	chromedriver!(No symbol) [0x7ff6f8310d36]
	chromedriver!(No symbol) [0x7ff6f832e172]
	chromedriver!(No symbol) [0x7ff6f82d30cc]
	chromedriver!(No symbol) [0x7ff6f82d3fe3]
	chromedriver!GetHandleVerifier [0x7ff6f8d20d81+5e7101]
	chromedriver!GetHandleVerifier [0x7ff6f8d1b0ea+5e146a]
	chromedriver!GetHandleVerifier [0x7ff6f8d40a15+606d95]
	chromedriver!GetHandleVerifier [0x7ff6f876ca1e+32d9e]
	chromedriver!GetHandleVerifier [0x7ff6f877520c+3b58c]
	chromedriver!GetHandleVerifier [0x7ff6f87592b4+1f634]
	chromedriver!GetHandleVerifier [0x7ff6f8759444+1f7c4]
	chromedriver!GetHandleVerifier [0x7ff6f873bf67+22e7]
	KERNEL32!BaseThreadInitThunk [0x7ff86f0ee957+17]
	ntdll!RtlUserThreadStart [0x7ff86f68ad6c+2c]

[2026-07-23 01:06:07] [!] Check error: Message: no such window: target window already closed
from unknown error: web view not found
  (Session info: chrome=150.0.7871.130)
Stacktrace:
	chromedriver!GetHandleVerifier [0x7ff6f8cf3ff5+5ba375]
	chromedriver!GetHandleVerifier [0x7ff6f874f0a0+15420]
	chromedriver!(No symbol) [0x7ff6f8285b8d]
	chromedriver!(No symbol) [0x7ff6f825c9e2]
	chromedriver!(No symbol) [0x7ff6f8310d36]
	chromedriver!(No symbol) [0x7ff6f832e172]
	chromedriver!(No symbol) [0x7ff6f82d30cc]
	chromedriver!(No symbol) [0x7ff6f82d3fe3]
	chromedriver!GetHandleVerifier [0x7ff6f8d20d81+5e7101]
	chromedriver!GetHandleVerifier [0x7ff6f8d1b0ea+5e146a]
	chromedriver!GetHandleVerifier [0x7ff6f8d40a15+606d95]
	chromedriver!GetHandleVerifier [0x7ff6f876ca1e+32d9e]
	chromedriver!GetHandleVerifier [0x7ff6f877520c+3b58c]
	chromedriver!GetHandleVerifier [0x7ff6f87592b4+1f634]
	chromedriver!GetHandleVerifier [0x7ff6f8759444+1f7c4]
	chromedriver!GetHandleVerifier [0x7ff6f873bf67+22e7]
	KERNEL32!BaseThreadInitThunk [0x7ff86f0ee957+17]
	ntdll!RtlUserThreadStart [0x7ff86f68ad6c+2c]

[2026-07-23 01:06:09] [!] Check error: Message: no such window: target window already closed
from unknown error: web view not found
  (Session info: chrome=150.0.7871.130)
Stacktrace:
	chromedriver!GetHandleVerifier [0x7ff6f8cf3ff5+5ba375]
	chromedriver!GetHandleVerifier [0x7ff6f874f0a0+15420]
	chromedriver!(No symbol) [0x7ff6f8285b8d]
	chromedriver!(No symbol) [0x7ff6f825c9e2]
	chromedriver!(No symbol) [0x7ff6f8310d36]
	chromedriver!(No symbol) [0x7ff6f832e172]
	chromedriver!(No symbol) [0x7ff6f82d30cc]
	chromedriver!(No symbol) [0x7ff6f82d3fe3]
	chromedriver!GetHandleVerifier [0x7ff6f8d20d81+5e7101]
	chromedriver!GetHandleVerifier [0x7ff6f8d1b0ea+5e146a]
	chromedriver!GetHandleVerifier [0x7ff6f8d40a15+606d95]
	chromedriver!GetHandleVerifier [0x7ff6f876ca1e+32d9e]
	chromedriver!GetHandleVerifier [0x7ff6f877520c+3b58c]
	chromedriver!GetHandleVerifier [0x7ff6f87592b4+1f634]
	chromedriver!GetHandleVerifier [0x7ff6f8759444+1f7c4]
	chromedriver!GetHandleVerifier [0x7ff6f873bf67+22e7]
	KERNEL32!BaseThreadInitThunk [0x7ff86f0ee957+17]
	ntdll!RtlUserThreadStart [0x7ff86f68ad6c+2c]

[2026-07-23 01:06:11] [!] Check error: Message: no such window: target window already closed
from unknown error: web view not found
  (Session info: chrome=150.0.7871.130)
Stacktrace:
	chromedriver!GetHandleVerifier [0x7ff6f8cf3ff5+5ba375]
	chromedriver!GetHandleVerifier [0x7ff6f874f0a0+15420]
	chromedriver!(No symbol) [0x7ff6f8285b8d]
	chromedriver!(No symbol) [0x7ff6f825c9e2]
	chromedriver!(No symbol) [0x7ff6f8310d36]
	chromedriver!(No symbol) [0x7ff6f832e172]
	chromedriver!(No symbol) [0x7ff6f82d30cc]
	chromedriver!(No symbol) [0x7ff6f82d3fe3]
	chromedriver!GetHandleVerifier [0x7ff6f8d20d81+5e7101]
	chromedriver!GetHandleVerifier [0x7ff6f8d1b0ea+5e146a]
	chromedriver!GetHandleVerifier [0x7ff6f8d40a15+606d95]
	chromedriver!GetHandleVerifier [0x7ff6f876ca1e+32d9e]
	chromedriver!GetHandleVerifier [0x7ff6f877520c+3b58c]
	chromedriver!GetHandleVerifier [0x7ff6f87592b4+1f634]
	chromedriver!GetHandleVerifier [0x7ff6f8759444+1f7c4]
	chromedriver!GetHandleVerifier [0x7ff6f873bf67+22e7]
	KERNEL32!BaseThreadInitThunk [0x7ff86f0ee957+17]
	ntdll!RtlUserThreadStart [0x7ff86f68ad6c+2c]

[2026-07-23 01:06:13] [!] Check error: Message: no such window: target window already closed
from unknown error: web view not found
  (Session info: chrome=150.0.7871.130)
Stacktrace:
	chromedriver!GetHandleVerifier [0x7ff6f8cf3ff5+5ba375]
	chromedriver!GetHandleVerifier [0x7ff6f874f0a0+15420]
	chromedriver!(No symbol) [0x7ff6f8285b8d]
	chromedriver!(No symbol) [0x7ff6f825c9e2]
	chromedriver!(No symbol) [0x7ff6f8310d36]
	chromedriver!(No symbol) [0x7ff6f832e172]
	chromedriver!(No symbol) [0x7ff6f82d30cc]
	chromedriver!(No symbol) [0x7ff6f82d3fe3]
	chromedriver!GetHandleVerifier [0x7ff6f8d20d81+5e7101]
	chromedriver!GetHandleVerifier [0x7ff6f8d1b0ea+5e146a]
	chromedriver!GetHandleVerifier [0x7ff6f8d40a15+606d95]
	chromedriver!GetHandleVerifier [0x7ff6f876ca1e+32d9e]
	chromedriver!GetHandleVerifier [0x7ff6f877520c+3b58c]
	chromedriver!GetHandleVerifier [0x7ff6f87592b4+1f634]
	chromedriver!GetHandleVerifier [0x7ff6f8759444+1f7c4]
	chromedriver!GetHandleVerifier [0x7ff6f873bf67+22e7]
	KERNEL32!BaseThreadInitThunk [0x7ff86f0ee957+17]
	ntdll!RtlUserThreadStart [0x7ff86f68ad6c+2c]

[2026-07-23 01:06:15] [!] Check error: Message: no such window: target window already closed
from unknown error: web view not found
  (Session info: chrome=150.0.7871.130)
Stacktrace:
	chromedriver!GetHandleVerifier [0x7ff6f8cf3ff5+5ba375]
	chromedriver!GetHandleVerifier [0x7ff6f874f0a0+15420]
	chromedriver!(No symbol) [0x7ff6f8285b8d]
	chromedriver!(No symbol) [0x7ff6f825c9e2]
	chromedriver!(No symbol) [0x7ff6f8310d36]
	chromedriver!(No symbol) [0x7ff6f832e172]
	chromedriver!(No symbol) [0x7ff6f82d30cc]
	chromedriver!(No symbol) [0x7ff6f82d3fe3]
	chromedriver!GetHandleVerifier [0x7ff6f8d20d81+5e7101]
	chromedriver!GetHandleVerifier [0x7ff6f8d1b0ea+5e146a]
	chromedriver!GetHandleVerifier [0x7ff6f8d40a15+606d95]
	chromedriver!GetHandleVerifier [0x7ff6f876ca1e+32d9e]
	chromedriver!GetHandleVerifier [0x7ff6f877520c+3b58c]
	chromedriver!GetHandleVerifier [0x7ff6f87592b4+1f634]
	chromedriver!GetHandleVerifier [0x7ff6f8759444+1f7c4]
	chromedriver!GetHandleVerifier [0x7ff6f873bf67+22e7]
	KERNEL32!BaseThreadInitThunk [0x7ff86f0ee957+17]
	ntdll!RtlUserThreadStart [0x7ff86f68ad6c+2c]

[2026-07-23 01:06:17] [!] Check error: Message: no such window: target window already closed
from unknown error: web view not found
  (Session info: chrome=150.0.7871.130)
Stacktrace:
	chromedriver!GetHandleVerifier [0x7ff6f8cf3ff5+5ba375]
	chromedriver!GetHandleVerifier [0x7ff6f874f0a0+15420]
	chromedriver!(No symbol) [0x7ff6f8285b8d]
	chromedriver!(No symbol) [0x7ff6f825c9e2]
	chromedriver!(No symbol) [0x7ff6f8310d36]
	chromedriver!(No symbol) [0x7ff6f832e172]
	chromedriver!(No symbol) [0x7ff6f82d30cc]
	chromedriver!(No symbol) [0x7ff6f82d3fe3]
	chromedriver!GetHandleVerifier [0x7ff6f8d20d81+5e7101]
	chromedriver!GetHandleVerifier [0x7ff6f8d1b0ea+5e146a]
	chromedriver!GetHandleVerifier [0x7ff6f8d40a15+606d95]
	chromedriver!GetHandleVerifier [0x7ff6f876ca1e+32d9e]
	chromedriver!GetHandleVerifier [0x7ff6f877520c+3b58c]
	chromedriver!GetHandleVerifier [0x7ff6f87592b4+1f634]
	chromedriver!GetHandleVerifier [0x7ff6f8759444+1f7c4]
	chromedriver!GetHandleVerifier [0x7ff6f873bf67+22e7]
	KERNEL32!BaseThreadInitThunk [0x7ff86f0ee957+17]
	ntdll!RtlUserThreadStart [0x7ff86f68ad6c+2c]

[2026-07-23 01:06:19] [!] Check error: Message: no such window: target window already closed
from unknown error: web view not found
  (Session info: chrome=150.0.7871.130)
Stacktrace:
	chromedriver!GetHandleVerifier [0x7ff6f8cf3ff5+5ba375]
	chromedriver!GetHandleVerifier [0x7ff6f874f0a0+15420]
	chromedriver!(No symbol) [0x7ff6f8285b8d]
	chromedriver!(No symbol) [0x7ff6f825c9e2]
	chromedriver!(No symbol) [0x7ff6f8310d36]
	chromedriver!(No symbol) [0x7ff6f832e172]
	chromedriver!(No symbol) [0x7ff6f82d30cc]
	chromedriver!(No symbol) [0x7ff6f82d3fe3]
	chromedriver!GetHandleVerifier [0x7ff6f8d20d81+5e7101]
	chromedriver!GetHandleVerifier [0x7ff6f8d1b0ea+5e146a]
	chromedriver!GetHandleVerifier [0x7ff6f8d40a15+606d95]
	chromedriver!GetHandleVerifier [0x7ff6f876ca1e+32d9e]
	chromedriver!GetHandleVerifier [0x7ff6f877520c+3b58c]
	chromedriver!GetHandleVerifier [0x7ff6f87592b4+1f634]
	chromedriver!GetHandleVerifier [0x7ff6f8759444+1f7c4]
	chromedriver!GetHandleVerifier [0x7ff6f873bf67+22e7]
	KERNEL32!BaseThreadInitThunk [0x7ff86f0ee957+17]
	ntdll!RtlUserThreadStart [0x7ff86f68ad6c+2c]

[2026-07-23 01:06:21] [!] Check error: Message: no such window: target window already closed
from unknown error: web view not found
  (Session info: chrome=150.0.7871.130)
Stacktrace:
	chromedriver!GetHandleVerifier [0x7ff6f8cf3ff5+5ba375]
	chromedriver!GetHandleVerifier [0x7ff6f874f0a0+15420]
	chromedriver!(No symbol) [0x7ff6f8285b8d]
	chromedriver!(No symbol) [0x7ff6f825c9e2]
	chromedriver!(No symbol) [0x7ff6f8310d36]
	chromedriver!(No symbol) [0x7ff6f832e172]
	chromedriver!(No symbol) [0x7ff6f82d30cc]
	chromedriver!(No symbol) [0x7ff6f82d3fe3]
	chromedriver!GetHandleVerifier [0x7ff6f8d20d81+5e7101]
	chromedriver!GetHandleVerifier [0x7ff6f8d1b0ea+5e146a]
	chromedriver!GetHandleVerifier [0x7ff6f8d40a15+606d95]
	chromedriver!GetHandleVerifier [0x7ff6f876ca1e+32d9e]
	chromedriver!GetHandleVerifier [0x7ff6f877520c+3b58c]
	chromedriver!GetHandleVerifier [0x7ff6f87592b4+1f634]
	chromedriver!GetHandleVerifier [0x7ff6f8759444+1f7c4]
	chromedriver!GetHandleVerifier [0x7ff6f873bf67+22e7]
	KERNEL32!BaseThreadInitThunk [0x7ff86f0ee957+17]
	ntdll!RtlUserThreadStart [0x7ff86f68ad6c+2c]

[2026-07-23 01:06:23] [!] Check error: Message: no such window: target window already closed
from unknown error: web view not found
  (Session info: chrome=150.0.7871.130)
Stacktrace:
	chromedriver!GetHandleVerifier [0x7ff6f8cf3ff5+5ba375]
	chromedriver!GetHandleVerifier [0x7ff6f874f0a0+15420]
	chromedriver!(No symbol) [0x7ff6f8285b8d]
	chromedriver!(No symbol) [0x7ff6f825c9e2]
	chromedriver!(No symbol) [0x7ff6f8310d36]
	chromedriver!(No symbol) [0x7ff6f832e172]
	chromedriver!(No symbol) [0x7ff6f82d30cc]
	chromedriver!(No symbol) [0x7ff6f82d3fe3]
	chromedriver!GetHandleVerifier [0x7ff6f8d20d81+5e7101]
	chromedriver!GetHandleVerifier [0x7ff6f8d1b0ea+5e146a]
	chromedriver!GetHandleVerifier [0x7ff6f8d40a15+606d95]
	chromedriver!GetHandleVerifier [0x7ff6f876ca1e+32d9e]
	chromedriver!GetHandleVerifier [0x7ff6f877520c+3b58c]
	chromedriver!GetHandleVerifier [0x7ff6f87592b4+1f634]
	chromedriver!GetHandleVerifier [0x7ff6f8759444+1f7c4]
	chromedriver!GetHandleVerifier [0x7ff6f873bf67+22e7]
	KERNEL32!BaseThreadInitThunk [0x7ff86f0ee957+17]
	ntdll!RtlUserThreadStart [0x7ff86f68ad6c+2c]

[2026-07-23 01:06:25] [!] Check error: Message: no such window: target window already closed
from unknown error: web view not found
  (Session info: chrome=150.0.7871.130)
Stacktrace:
	chromedriver!GetHandleVerifier [0x7ff6f8cf3ff5+5ba375]
	chromedriver!GetHandleVerifier [0x7ff6f874f0a0+15420]
	chromedriver!(No symbol) [0x7ff6f8285b8d]
	chromedriver!(No symbol) [0x7ff6f825c9e2]
	chromedriver!(No symbol) [0x7ff6f8310d36]
	chromedriver!(No symbol) [0x7ff6f832e172]
	chromedriver!(No symbol) [0x7ff6f82d30cc]
	chromedriver!(No symbol) [0x7ff6f82d3fe3]
	chromedriver!GetHandleVerifier [0x7ff6f8d20d81+5e7101]
	chromedriver!GetHandleVerifier [0x7ff6f8d1b0ea+5e146a]
	chromedriver!GetHandleVerifier [0x7ff6f8d40a15+606d95]
	chromedriver!GetHandleVerifier [0x7ff6f876ca1e+32d9e]
	chromedriver!GetHandleVerifier [0x7ff6f877520c+3b58c]
	chromedriver!GetHandleVerifier [0x7ff6f87592b4+1f634]
	chromedriver!GetHandleVerifier [0x7ff6f8759444+1f7c4]
	chromedriver!GetHandleVerifier [0x7ff6f873bf67+22e7]
	KERNEL32!BaseThreadInitThunk [0x7ff86f0ee957+17]
	ntdll!RtlUserThreadStart [0x7ff86f68ad6c+2c]

[2026-07-23 01:06:27] [!] Check error: Message: no such window: target window already closed
from unknown error: web view not found
  (Session info: chrome=150.0.7871.130)
Stacktrace:
	chromedriver!GetHandleVerifier [0x7ff6f8cf3ff5+5ba375]
	chromedriver!GetHandleVerifier [0x7ff6f874f0a0+15420]
	chromedriver!(No symbol) [0x7ff6f8285b8d]
	chromedriver!(No symbol) [0x7ff6f825c9e2]
	chromedriver!(No symbol) [0x7ff6f8310d36]
	chromedriver!(No symbol) [0x7ff6f832e172]
	chromedriver!(No symbol) [0x7ff6f82d30cc]
	chromedriver!(No symbol) [0x7ff6f82d3fe3]
	chromedriver!GetHandleVerifier [0x7ff6f8d20d81+5e7101]
	chromedriver!GetHandleVerifier [0x7ff6f8d1b0ea+5e146a]
	chromedriver!GetHandleVerifier [0x7ff6f8d40a15+606d95]
	chromedriver!GetHandleVerifier [0x7ff6f876ca1e+32d9e]
	chromedriver!GetHandleVerifier [0x7ff6f877520c+3b58c]
	chromedriver!GetHandleVerifier [0x7ff6f87592b4+1f634]
	chromedriver!GetHandleVerifier [0x7ff6f8759444+1f7c4]
	chromedriver!GetHandleVerifier [0x7ff6f873bf67+22e7]
	KERNEL32!BaseThreadInitThunk [0x7ff86f0ee957+17]
	ntdll!RtlUserThreadStart [0x7ff86f68ad6c+2c]

[2026-07-23 01:06:29] [!] Check error: Message: no such window: target window already closed
from unknown error: web view not found
  (Session info: chrome=150.0.7871.130)
Stacktrace:
	chromedriver!GetHandleVerifier [0x7ff6f8cf3ff5+5ba375]
	chromedriver!GetHandleVerifier [0x7ff6f874f0a0+15420]
	chromedriver!(No symbol) [0x7ff6f8285b8d]
	chromedriver!(No symbol) [0x7ff6f825c9e2]
	chromedriver!(No symbol) [0x7ff6f8310d36]
	chromedriver!(No symbol) [0x7ff6f832e172]
	chromedriver!(No symbol) [0x7ff6f82d30cc]
	chromedriver!(No symbol) [0x7ff6f82d3fe3]
	chromedriver!GetHandleVerifier [0x7ff6f8d20d81+5e7101]
	chromedriver!GetHandleVerifier [0x7ff6f8d1b0ea+5e146a]
	chromedriver!GetHandleVerifier [0x7ff6f8d40a15+606d95]
	chromedriver!GetHandleVerifier [0x7ff6f876ca1e+32d9e]
	chromedriver!GetHandleVerifier [0x7ff6f877520c+3b58c]
	chromedriver!GetHandleVerifier [0x7ff6f87592b4+1f634]
	chromedriver!GetHandleVerifier [0x7ff6f8759444+1f7c4]
	chromedriver!GetHandleVerifier [0x7ff6f873bf67+22e7]
	KERNEL32!BaseThreadInitThunk [0x7ff86f0ee957+17]
	ntdll!RtlUserThreadStart [0x7ff86f68ad6c+2c]

[2026-07-23 01:06:31] [!] Check error: Message: no such window: target window already closed
from unknown error: web view not found
  (Session info: chrome=150.0.7871.130)
Stacktrace:
	chromedriver!GetHandleVerifier [0x7ff6f8cf3ff5+5ba375]
	chromedriver!GetHandleVerifier [0x7ff6f874f0a0+15420]
	chromedriver!(No symbol) [0x7ff6f8285b8d]
	chromedriver!(No symbol) [0x7ff6f825c9e2]
	chromedriver!(No symbol) [0x7ff6f8310d36]
	chromedriver!(No symbol) [0x7ff6f832e172]
	chromedriver!(No symbol) [0x7ff6f82d30cc]
	chromedriver!(No symbol) [0x7ff6f82d3fe3]
	chromedriver!GetHandleVerifier [0x7ff6f8d20d81+5e7101]
	chromedriver!GetHandleVerifier [0x7ff6f8d1b0ea+5e146a]
	chromedriver!GetHandleVerifier [0x7ff6f8d40a15+606d95]
	chromedriver!GetHandleVerifier [0x7ff6f876ca1e+32d9e]
	chromedriver!GetHandleVerifier [0x7ff6f877520c+3b58c]
	chromedriver!GetHandleVerifier [0x7ff6f87592b4+1f634]
	chromedriver!GetHandleVerifier [0x7ff6f8759444+1f7c4]
	chromedriver!GetHandleVerifier [0x7ff6f873bf67+22e7]
	KERNEL32!BaseThreadInitThunk [0x7ff86f0ee957+17]
	ntdll!RtlUserThreadStart [0x7ff86f68ad6c+2c]

[2026-07-23 01:06:33] [!] Check error: Message: no such window: target window already closed
from unknown error: web view not found
  (Session info: chrome=150.0.7871.130)
Stacktrace:
	chromedriver!GetHandleVerifier [0x7ff6f8cf3ff5+5ba375]
	chromedriver!GetHandleVerifier [0x7ff6f874f0a0+15420]
	chromedriver!(No symbol) [0x7ff6f8285b8d]
	chromedriver!(No symbol) [0x7ff6f825c9e2]
	chromedriver!(No symbol) [0x7ff6f8310d36]
	chromedriver!(No symbol) [0x7ff6f832e172]
	chromedriver!(No symbol) [0x7ff6f82d30cc]
	chromedriver!(No symbol) [0x7ff6f82d3fe3]
	chromedriver!GetHandleVerifier [0x7ff6f8d20d81+5e7101]
	chromedriver!GetHandleVerifier [0x7ff6f8d1b0ea+5e146a]
	chromedriver!GetHandleVerifier [0x7ff6f8d40a15+606d95]
	chromedriver!GetHandleVerifier [0x7ff6f876ca1e+32d9e]
	chromedriver!GetHandleVerifier [0x7ff6f877520c+3b58c]
	chromedriver!GetHandleVerifier [0x7ff6f87592b4+1f634]
	chromedriver!GetHandleVerifier [0x7ff6f8759444+1f7c4]
	chromedriver!GetHandleVerifier [0x7ff6f873bf67+22e7]
	KERNEL32!BaseThreadInitThunk [0x7ff86f0ee957+17]
	ntdll!RtlUserThreadStart [0x7ff86f68ad6c+2c]

[2026-07-23 01:06:35] [!] Check error: Message: no such window: target window already closed
from unknown error: web view not found
  (Session info: chrome=150.0.7871.130)
Stacktrace:
	chromedriver!GetHandleVerifier [0x7ff6f8cf3ff5+5ba375]
	chromedriver!GetHandleVerifier [0x7ff6f874f0a0+15420]
	chromedriver!(No symbol) [0x7ff6f8285b8d]
	chromedriver!(No symbol) [0x7ff6f825c9e2]
	chromedriver!(No symbol) [0x7ff6f8310d36]
	chromedriver!(No symbol) [0x7ff6f832e172]
	chromedriver!(No symbol) [0x7ff6f82d30cc]
	chromedriver!(No symbol) [0x7ff6f82d3fe3]
	chromedriver!GetHandleVerifier [0x7ff6f8d20d81+5e7101]
	chromedriver!GetHandleVerifier [0x7ff6f8d1b0ea+5e146a]
	chromedriver!GetHandleVerifier [0x7ff6f8d40a15+606d95]
	chromedriver!GetHandleVerifier [0x7ff6f876ca1e+32d9e]
	chromedriver!GetHandleVerifier [0x7ff6f877520c+3b58c]
	chromedriver!GetHandleVerifier [0x7ff6f87592b4+1f634]
	chromedriver!GetHandleVerifier [0x7ff6f8759444+1f7c4]
	chromedriver!GetHandleVerifier [0x7ff6f873bf67+22e7]
	KERNEL32!BaseThreadInitThunk [0x7ff86f0ee957+17]
	ntdll!RtlUserThreadStart [0x7ff86f68ad6c+2c]

[2026-07-23 01:06:37] [!] Check error: Message: no such window: target window already closed
from unknown error: web view not found
  (Session info: chrome=150.0.7871.130)
Stacktrace:
	chromedriver!GetHandleVerifier [0x7ff6f8cf3ff5+5ba375]
	chromedriver!GetHandleVerifier [0x7ff6f874f0a0+15420]
	chromedriver!(No symbol) [0x7ff6f8285b8d]
	chromedriver!(No symbol) [0x7ff6f825c9e2]
	chromedriver!(No symbol) [0x7ff6f8310d36]
	chromedriver!(No symbol) [0x7ff6f832e172]
	chromedriver!(No symbol) [0x7ff6f82d30cc]
	chromedriver!(No symbol) [0x7ff6f82d3fe3]
	chromedriver!GetHandleVerifier [0x7ff6f8d20d81+5e7101]
	chromedriver!GetHandleVerifier [0x7ff6f8d1b0ea+5e146a]
	chromedriver!GetHandleVerifier [0x7ff6f8d40a15+606d95]
	chromedriver!GetHandleVerifier [0x7ff6f876ca1e+32d9e]
	chromedriver!GetHandleVerifier [0x7ff6f877520c+3b58c]
	chromedriver!GetHandleVerifier [0x7ff6f87592b4+1f634]
	chromedriver!GetHandleVerifier [0x7ff6f8759444+1f7c4]
	chromedriver!GetHandleVerifier [0x7ff6f873bf67+22e7]
	KERNEL32!BaseThreadInitThunk [0x7ff86f0ee957+17]
	ntdll!RtlUserThreadStart [0x7ff86f68ad6c+2c]

[2026-07-23 01:06:39] [!] Check error: Message: no such window: target window already closed
from unknown error: web view not found
  (Session info: chrome=150.0.7871.130)
Stacktrace:
	chromedriver!GetHandleVerifier [0x7ff6f8cf3ff5+5ba375]
	chromedriver!GetHandleVerifier [0x7ff6f874f0a0+15420]
	chromedriver!(No symbol) [0x7ff6f8285b8d]
	chromedriver!(No symbol) [0x7ff6f825c9e2]
	chromedriver!(No symbol) [0x7ff6f8310d36]
	chromedriver!(No symbol) [0x7ff6f832e172]
	chromedriver!(No symbol) [0x7ff6f82d30cc]
	chromedriver!(No symbol) [0x7ff6f82d3fe3]
	chromedriver!GetHandleVerifier [0x7ff6f8d20d81+5e7101]
	chromedriver!GetHandleVerifier [0x7ff6f8d1b0ea+5e146a]
	chromedriver!GetHandleVerifier [0x7ff6f8d40a15+606d95]
	chromedriver!GetHandleVerifier [0x7ff6f876ca1e+32d9e]
	chromedriver!GetHandleVerifier [0x7ff6f877520c+3b58c]
	chromedriver!GetHandleVerifier [0x7ff6f87592b4+1f634]
	chromedriver!GetHandleVerifier [0x7ff6f8759444+1f7c4]
	chromedriver!GetHandleVerifier [0x7ff6f873bf67+22e7]
	KERNEL32!BaseThreadInitThunk [0x7ff86f0ee957+17]
	ntdll!RtlUserThreadStart [0x7ff86f68ad6c+2c]

[2026-07-23 01:06:41] [!] Check error: Message: no such window: target window already closed
from unknown error: web view not found
  (Session info: chrome=150.0.7871.130)
Stacktrace:
	chromedriver!GetHandleVerifier [0x7ff6f8cf3ff5+5ba375]
	chromedriver!GetHandleVerifier [0x7ff6f874f0a0+15420]
	chromedriver!(No symbol) [0x7ff6f8285b8d]
	chromedriver!(No symbol) [0x7ff6f825c9e2]
	chromedriver!(No symbol) [0x7ff6f8310d36]
	chromedriver!(No symbol) [0x7ff6f832e172]
	chromedriver!(No symbol) [0x7ff6f82d30cc]
	chromedriver!(No symbol) [0x7ff6f82d3fe3]
	chromedriver!GetHandleVerifier [0x7ff6f8d20d81+5e7101]
	chromedriver!GetHandleVerifier [0x7ff6f8d1b0ea+5e146a]
	chromedriver!GetHandleVerifier [0x7ff6f8d40a15+606d95]
	chromedriver!GetHandleVerifier [0x7ff6f876ca1e+32d9e]
	chromedriver!GetHandleVerifier [0x7ff6f877520c+3b58c]
	chromedriver!GetHandleVerifier [0x7ff6f87592b4+1f634]
	chromedriver!GetHandleVerifier [0x7ff6f8759444+1f7c4]
	chromedriver!GetHandleVerifier [0x7ff6f873bf67+22e7]
	KERNEL32!BaseThreadInitThunk [0x7ff86f0ee957+17]
	ntdll!RtlUserThreadStart [0x7ff86f68ad6c+2c]

[2026-07-23 01:06:43] [!] Check error: Message: no such window: target window already closed
from unknown error: web view not found
  (Session info: chrome=150.0.7871.130)
Stacktrace:
	chromedriver!GetHandleVerifier [0x7ff6f8cf3ff5+5ba375]
	chromedriver!GetHandleVerifier [0x7ff6f874f0a0+15420]
	chromedriver!(No symbol) [0x7ff6f8285b8d]
	chromedriver!(No symbol) [0x7ff6f825c9e2]
	chromedriver!(No symbol) [0x7ff6f8310d36]
	chromedriver!(No symbol) [0x7ff6f832e172]
	chromedriver!(No symbol) [0x7ff6f82d30cc]
	chromedriver!(No symbol) [0x7ff6f82d3fe3]
	chromedriver!GetHandleVerifier [0x7ff6f8d20d81+5e7101]
	chromedriver!GetHandleVerifier [0x7ff6f8d1b0ea+5e146a]
	chromedriver!GetHandleVerifier [0x7ff6f8d40a15+606d95]
	chromedriver!GetHandleVerifier [0x7ff6f876ca1e+32d9e]
	chromedriver!GetHandleVerifier [0x7ff6f877520c+3b58c]
	chromedriver!GetHandleVerifier [0x7ff6f87592b4+1f634]
	chromedriver!GetHandleVerifier [0x7ff6f8759444+1f7c4]
	chromedriver!GetHandleVerifier [0x7ff6f873bf67+22e7]
	KERNEL32!BaseThreadInitThunk [0x7ff86f0ee957+17]
	ntdll!RtlUserThreadStart [0x7ff86f68ad6c+2c]

[2026-07-23 01:06:45] [!] Check error: Message: no such window: target window already closed
from unknown error: web view not found
  (Session info: chrome=150.0.7871.130)
Stacktrace:
	chromedriver!GetHandleVerifier [0x7ff6f8cf3ff5+5ba375]
	chromedriver!GetHandleVerifier [0x7ff6f874f0a0+15420]
	chromedriver!(No symbol) [0x7ff6f8285b8d]
	chromedriver!(No symbol) [0x7ff6f825c9e2]
	chromedriver!(No symbol) [0x7ff6f8310d36]
	chromedriver!(No symbol) [0x7ff6f832e172]
	chromedriver!(No symbol) [0x7ff6f82d30cc]
	chromedriver!(No symbol) [0x7ff6f82d3fe3]
	chromedriver!GetHandleVerifier [0x7ff6f8d20d81+5e7101]
	chromedriver!GetHandleVerifier [0x7ff6f8d1b0ea+5e146a]
	chromedriver!GetHandleVerifier [0x7ff6f8d40a15+606d95]
	chromedriver!GetHandleVerifier [0x7ff6f876ca1e+32d9e]
	chromedriver!GetHandleVerifier [0x7ff6f877520c+3b58c]
	chromedriver!GetHandleVerifier [0x7ff6f87592b4+1f634]
	chromedriver!GetHandleVerifier [0x7ff6f8759444+1f7c4]
	chromedriver!GetHandleVerifier [0x7ff6f873bf67+22e7]
	KERNEL32!BaseThreadInitThunk [0x7ff86f0ee957+17]
	ntdll!RtlUserThreadStart [0x7ff86f68ad6c+2c]

[2026-07-23 01:06:47] [!] Check error: Message: no such window: target window already closed
from unknown error: web view not found
  (Session info: chrome=150.0.7871.130)
Stacktrace:
	chromedriver!GetHandleVerifier [0x7ff6f8cf3ff5+5ba375]
	chromedriver!GetHandleVerifier [0x7ff6f874f0a0+15420]
	chromedriver!(No symbol) [0x7ff6f8285b8d]
	chromedriver!(No symbol) [0x7ff6f825c9e2]
	chromedriver!(No symbol) [0x7ff6f8310d36]
	chromedriver!(No symbol) [0x7ff6f832e172]
	chromedriver!(No symbol) [0x7ff6f82d30cc]
	chromedriver!(No symbol) [0x7ff6f82d3fe3]
	chromedriver!GetHandleVerifier [0x7ff6f8d20d81+5e7101]
	chromedriver!GetHandleVerifier [0x7ff6f8d1b0ea+5e146a]
	chromedriver!GetHandleVerifier [0x7ff6f8d40a15+606d95]
	chromedriver!GetHandleVerifier [0x7ff6f876ca1e+32d9e]
	chromedriver!GetHandleVerifier [0x7ff6f877520c+3b58c]
	chromedriver!GetHandleVerifier [0x7ff6f87592b4+1f634]
	chromedriver!GetHandleVerifier [0x7ff6f8759444+1f7c4]
	chromedriver!GetHandleVerifier [0x7ff6f873bf67+22e7]
	KERNEL32!BaseThreadInitThunk [0x7ff86f0ee957+17]
	ntdll!RtlUserThreadStart [0x7ff86f68ad6c+2c]

[2026-07-23 01:06:49] [!] Check error: Message: no such window: target window already closed
from unknown error: web view not found
  (Session info: chrome=150.0.7871.130)
Stacktrace:
	chromedriver!GetHandleVerifier [0x7ff6f8cf3ff5+5ba375]
	chromedriver!GetHandleVerifier [0x7ff6f874f0a0+15420]
	chromedriver!(No symbol) [0x7ff6f8285b8d]
	chromedriver!(No symbol) [0x7ff6f825c9e2]
	chromedriver!(No symbol) [0x7ff6f8310d36]
	chromedriver!(No symbol) [0x7ff6f832e172]
	chromedriver!(No symbol) [0x7ff6f82d30cc]
	chromedriver!(No symbol) [0x7ff6f82d3fe3]
	chromedriver!GetHandleVerifier [0x7ff6f8d20d81+5e7101]
	chromedriver!GetHandleVerifier [0x7ff6f8d1b0ea+5e146a]
	chromedriver!GetHandleVerifier [0x7ff6f8d40a15+606d95]
	chromedriver!GetHandleVerifier [0x7ff6f876ca1e+32d9e]
	chromedriver!GetHandleVerifier [0x7ff6f877520c+3b58c]
	chromedriver!GetHandleVerifier [0x7ff6f87592b4+1f634]
	chromedriver!GetHandleVerifier [0x7ff6f8759444+1f7c4]
	chromedriver!GetHandleVerifier [0x7ff6f873bf67+22e7]
	KERNEL32!BaseThreadInitThunk [0x7ff86f0ee957+17]
	ntdll!RtlUserThreadStart [0x7ff86f68ad6c+2c]

[2026-07-23 01:06:51] [!] Check error: Message: no such window: target window already closed
from unknown error: web view not found
  (Session info: chrome=150.0.7871.130)
Stacktrace:
	chromedriver!GetHandleVerifier [0x7ff6f8cf3ff5+5ba375]
	chromedriver!GetHandleVerifier [0x7ff6f874f0a0+15420]
	chromedriver!(No symbol) [0x7ff6f8285b8d]
	chromedriver!(No symbol) [0x7ff6f825c9e2]
	chromedriver!(No symbol) [0x7ff6f8310d36]
	chromedriver!(No symbol) [0x7ff6f832e172]
	chromedriver!(No symbol) [0x7ff6f82d30cc]
	chromedriver!(No symbol) [0x7ff6f82d3fe3]
	chromedriver!GetHandleVerifier [0x7ff6f8d20d81+5e7101]
	chromedriver!GetHandleVerifier [0x7ff6f8d1b0ea+5e146a]
	chromedriver!GetHandleVerifier [0x7ff6f8d40a15+606d95]
	chromedriver!GetHandleVerifier [0x7ff6f876ca1e+32d9e]
	chromedriver!GetHandleVerifier [0x7ff6f877520c+3b58c]
	chromedriver!GetHandleVerifier [0x7ff6f87592b4+1f634]
	chromedriver!GetHandleVerifier [0x7ff6f8759444+1f7c4]
	chromedriver!GetHandleVerifier [0x7ff6f873bf67+22e7]
	KERNEL32!BaseThreadInitThunk [0x7ff86f0ee957+17]
	ntdll!RtlUserThreadStart [0x7ff86f68ad6c+2c]

[2026-07-23 01:06:53] [!] Check error: Message: no such window: target window already closed
from unknown error: web view not found
  (Session info: chrome=150.0.7871.130)
Stacktrace:
	chromedriver!GetHandleVerifier [0x7ff6f8cf3ff5+5ba375]
	chromedriver!GetHandleVerifier [0x7ff6f874f0a0+15420]
	chromedriver!(No symbol) [0x7ff6f8285b8d]
	chromedriver!(No symbol) [0x7ff6f825c9e2]
	chromedriver!(No symbol) [0x7ff6f8310d36]
	chromedriver!(No symbol) [0x7ff6f832e172]
	chromedriver!(No symbol) [0x7ff6f82d30cc]
	chromedriver!(No symbol) [0x7ff6f82d3fe3]
	chromedriver!GetHandleVerifier [0x7ff6f8d20d81+5e7101]
	chromedriver!GetHandleVerifier [0x7ff6f8d1b0ea+5e146a]
	chromedriver!GetHandleVerifier [0x7ff6f8d40a15+606d95]
	chromedriver!GetHandleVerifier [0x7ff6f876ca1e+32d9e]
	chromedriver!GetHandleVerifier [0x7ff6f877520c+3b58c]
	chromedriver!GetHandleVerifier [0x7ff6f87592b4+1f634]
	chromedriver!GetHandleVerifier [0x7ff6f8759444+1f7c4]
	chromedriver!GetHandleVerifier [0x7ff6f873bf67+22e7]
	KERNEL32!BaseThreadInitThunk [0x7ff86f0ee957+17]
	ntdll!RtlUserThreadStart [0x7ff86f68ad6c+2c]

[2026-07-23 01:06:55] [!] Check error: Message: no such window: target window already closed
from unknown error: web view not found
  (Session info: chrome=150.0.7871.130)
Stacktrace:
	chromedriver!GetHandleVerifier [0x7ff6f8cf3ff5+5ba375]
	chromedriver!GetHandleVerifier [0x7ff6f874f0a0+15420]
	chromedriver!(No symbol) [0x7ff6f8285b8d]
	chromedriver!(No symbol) [0x7ff6f825c9e2]
	chromedriver!(No symbol) [0x7ff6f8310d36]
	chromedriver!(No symbol) [0x7ff6f832e172]
	chromedriver!(No symbol) [0x7ff6f82d30cc]
	chromedriver!(No symbol) [0x7ff6f82d3fe3]
	chromedriver!GetHandleVerifier [0x7ff6f8d20d81+5e7101]
	chromedriver!GetHandleVerifier [0x7ff6f8d1b0ea+5e146a]
	chromedriver!GetHandleVerifier [0x7ff6f8d40a15+606d95]
	chromedriver!GetHandleVerifier [0x7ff6f876ca1e+32d9e]
	chromedriver!GetHandleVerifier [0x7ff6f877520c+3b58c]
	chromedriver!GetHandleVerifier [0x7ff6f87592b4+1f634]
	chromedriver!GetHandleVerifier [0x7ff6f8759444+1f7c4]
	chromedriver!GetHandleVerifier [0x7ff6f873bf67+22e7]
	KERNEL32!BaseThreadInitThunk [0x7ff86f0ee957+17]
	ntdll!RtlUserThreadStart [0x7ff86f68ad6c+2c]

[2026-07-23 01:06:57] [!] Check error: Message: no such window: target window already closed
from unknown error: web view not found
  (Session info: chrome=150.0.7871.130)
Stacktrace:
	chromedriver!GetHandleVerifier [0x7ff6f8cf3ff5+5ba375]
	chromedriver!GetHandleVerifier [0x7ff6f874f0a0+15420]
	chromedriver!(No symbol) [0x7ff6f8285b8d]
	chromedriver!(No symbol) [0x7ff6f825c9e2]
	chromedriver!(No symbol) [0x7ff6f8310d36]
	chromedriver!(No symbol) [0x7ff6f832e172]
	chromedriver!(No symbol) [0x7ff6f82d30cc]
	chromedriver!(No symbol) [0x7ff6f82d3fe3]
	chromedriver!GetHandleVerifier [0x7ff6f8d20d81+5e7101]
	chromedriver!GetHandleVerifier [0x7ff6f8d1b0ea+5e146a]
	chromedriver!GetHandleVerifier [0x7ff6f8d40a15+606d95]
	chromedriver!GetHandleVerifier [0x7ff6f876ca1e+32d9e]
	chromedriver!GetHandleVerifier [0x7ff6f877520c+3b58c]
	chromedriver!GetHandleVerifier [0x7ff6f87592b4+1f634]
	chromedriver!GetHandleVerifier [0x7ff6f8759444+1f7c4]
	chromedriver!GetHandleVerifier [0x7ff6f873bf67+22e7]
	KERNEL32!BaseThreadInitThunk [0x7ff86f0ee957+17]
	ntdll!RtlUserThreadStart [0x7ff86f68ad6c+2c]

[2026-07-23 01:06:59] [!] Check error: Message: no such window: target window already closed
from unknown error: web view not found
  (Session info: chrome=150.0.7871.130)
Stacktrace:
	chromedriver!GetHandleVerifier [0x7ff6f8cf3ff5+5ba375]
	chromedriver!GetHandleVerifier [0x7ff6f874f0a0+15420]
	chromedriver!(No symbol) [0x7ff6f8285b8d]
	chromedriver!(No symbol) [0x7ff6f825c9e2]
	chromedriver!(No symbol) [0x7ff6f8310d36]
	chromedriver!(No symbol) [0x7ff6f832e172]
	chromedriver!(No symbol) [0x7ff6f82d30cc]
	chromedriver!(No symbol) [0x7ff6f82d3fe3]
	chromedriver!GetHandleVerifier [0x7ff6f8d20d81+5e7101]
	chromedriver!GetHandleVerifier [0x7ff6f8d1b0ea+5e146a]
	chromedriver!GetHandleVerifier [0x7ff6f8d40a15+606d95]
	chromedriver!GetHandleVerifier [0x7ff6f876ca1e+32d9e]
	chromedriver!GetHandleVerifier [0x7ff6f877520c+3b58c]
	chromedriver!GetHandleVerifier [0x7ff6f87592b4+1f634]
	chromedriver!GetHandleVerifier [0x7ff6f8759444+1f7c4]
	chromedriver!GetHandleVerifier [0x7ff6f873bf67+22e7]
	KERNEL32!BaseThreadInitThunk [0x7ff86f0ee957+17]
	ntdll!RtlUserThreadStart [0x7ff86f68ad6c+2c]

[2026-07-23 01:07:01] [!] Check error: Message: no such window: target window already closed
from unknown error: web view not found
  (Session info: chrome=150.0.7871.130)
Stacktrace:
	chromedriver!GetHandleVerifier [0x7ff6f8cf3ff5+5ba375]
	chromedriver!GetHandleVerifier [0x7ff6f874f0a0+15420]
	chromedriver!(No symbol) [0x7ff6f8285b8d]
	chromedriver!(No symbol) [0x7ff6f825c9e2]
	chromedriver!(No symbol) [0x7ff6f8310d36]
	chromedriver!(No symbol) [0x7ff6f832e172]
	chromedriver!(No symbol) [0x7ff6f82d30cc]
	chromedriver!(No symbol) [0x7ff6f82d3fe3]
	chromedriver!GetHandleVerifier [0x7ff6f8d20d81+5e7101]
	chromedriver!GetHandleVerifier [0x7ff6f8d1b0ea+5e146a]
	chromedriver!GetHandleVerifier [0x7ff6f8d40a15+606d95]
	chromedriver!GetHandleVerifier [0x7ff6f876ca1e+32d9e]
	chromedriver!GetHandleVerifier [0x7ff6f877520c+3b58c]
	chromedriver!GetHandleVerifier [0x7ff6f87592b4+1f634]
	chromedriver!GetHandleVerifier [0x7ff6f8759444+1f7c4]
	chromedriver!GetHandleVerifier [0x7ff6f873bf67+22e7]
	KERNEL32!BaseThreadInitThunk [0x7ff86f0ee957+17]
	ntdll!RtlUserThreadStart [0x7ff86f68ad6c+2c]

[2026-07-23 01:07:03] [!] Check error: Message: no such window: target window already closed
from unknown error: web view not found
  (Session info: chrome=150.0.7871.130)
Stacktrace:
	chromedriver!GetHandleVerifier [0x7ff6f8cf3ff5+5ba375]
	chromedriver!GetHandleVerifier [0x7ff6f874f0a0+15420]
	chromedriver!(No symbol) [0x7ff6f8285b8d]
	chromedriver!(No symbol) [0x7ff6f825c9e2]
	chromedriver!(No symbol) [0x7ff6f8310d36]
	chromedriver!(No symbol) [0x7ff6f832e172]
	chromedriver!(No symbol) [0x7ff6f82d30cc]
	chromedriver!(No symbol) [0x7ff6f82d3fe3]
	chromedriver!GetHandleVerifier [0x7ff6f8d20d81+5e7101]
	chromedriver!GetHandleVerifier [0x7ff6f8d1b0ea+5e146a]
	chromedriver!GetHandleVerifier [0x7ff6f8d40a15+606d95]
	chromedriver!GetHandleVerifier [0x7ff6f876ca1e+32d9e]
	chromedriver!GetHandleVerifier [0x7ff6f877520c+3b58c]
	chromedriver!GetHandleVerifier [0x7ff6f87592b4+1f634]
	chromedriver!GetHandleVerifier [0x7ff6f8759444+1f7c4]
	chromedriver!GetHandleVerifier [0x7ff6f873bf67+22e7]
	KERNEL32!BaseThreadInitThunk [0x7ff86f0ee957+17]
	ntdll!RtlUserThreadStart [0x7ff86f68ad6c+2c]

[2026-07-23 01:07:05] [!] Check error: Message: no such window: target window already closed
from unknown error: web view not found
  (Session info: chrome=150.0.7871.130)
Stacktrace:
	chromedriver!GetHandleVerifier [0x7ff6f8cf3ff5+5ba375]
	chromedriver!GetHandleVerifier [0x7ff6f874f0a0+15420]
	chromedriver!(No symbol) [0x7ff6f8285b8d]
	chromedriver!(No symbol) [0x7ff6f825c9e2]
	chromedriver!(No symbol) [0x7ff6f8310d36]
	chromedriver!(No symbol) [0x7ff6f832e172]
	chromedriver!(No symbol) [0x7ff6f82d30cc]
	chromedriver!(No symbol) [0x7ff6f82d3fe3]
	chromedriver!GetHandleVerifier [0x7ff6f8d20d81+5e7101]
	chromedriver!GetHandleVerifier [0x7ff6f8d1b0ea+5e146a]
	chromedriver!GetHandleVerifier [0x7ff6f8d40a15+606d95]
	chromedriver!GetHandleVerifier [0x7ff6f876ca1e+32d9e]
	chromedriver!GetHandleVerifier [0x7ff6f877520c+3b58c]
	chromedriver!GetHandleVerifier [0x7ff6f87592b4+1f634]
	chromedriver!GetHandleVerifier [0x7ff6f8759444+1f7c4]
	chromedriver!GetHandleVerifier [0x7ff6f873bf67+22e7]
	KERNEL32!BaseThreadInitThunk [0x7ff86f0ee957+17]
	ntdll!RtlUserThreadStart [0x7ff86f68ad6c+2c]

[2026-07-23 01:07:07] [!] Check error: Message: no such window: target window already closed
from unknown error: web view not found
  (Session info: chrome=150.0.7871.130)
Stacktrace:
	chromedriver!GetHandleVerifier [0x7ff6f8cf3ff5+5ba375]
	chromedriver!GetHandleVerifier [0x7ff6f874f0a0+15420]
	chromedriver!(No symbol) [0x7ff6f8285b8d]
	chromedriver!(No symbol) [0x7ff6f825c9e2]
	chromedriver!(No symbol) [0x7ff6f8310d36]
	chromedriver!(No symbol) [0x7ff6f832e172]
	chromedriver!(No symbol) [0x7ff6f82d30cc]
	chromedriver!(No symbol) [0x7ff6f82d3fe3]
	chromedriver!GetHandleVerifier [0x7ff6f8d20d81+5e7101]
	chromedriver!GetHandleVerifier [0x7ff6f8d1b0ea+5e146a]
	chromedriver!GetHandleVerifier [0x7ff6f8d40a15+606d95]
	chromedriver!GetHandleVerifier [0x7ff6f876ca1e+32d9e]
	chromedriver!GetHandleVerifier [0x7ff6f877520c+3b58c]
	chromedriver!GetHandleVerifier [0x7ff6f87592b4+1f634]
	chromedriver!GetHandleVerifier [0x7ff6f8759444+1f7c4]
	chromedriver!GetHandleVerifier [0x7ff6f873bf67+22e7]
	KERNEL32!BaseThreadInitThunk [0x7ff86f0ee957+17]
	ntdll!RtlUserThreadStart [0x7ff86f68ad6c+2c]

[2026-07-23 01:07:09] [!] Check error: Message: no such window: target window already closed
from unknown error: web view not found
  (Session info: chrome=150.0.7871.130)
Stacktrace:
	chromedriver!GetHandleVerifier [0x7ff6f8cf3ff5+5ba375]
	chromedriver!GetHandleVerifier [0x7ff6f874f0a0+15420]
	chromedriver!(No symbol) [0x7ff6f8285b8d]
	chromedriver!(No symbol) [0x7ff6f825c9e2]
	chromedriver!(No symbol) [0x7ff6f8310d36]
	chromedriver!(No symbol) [0x7ff6f832e172]
	chromedriver!(No symbol) [0x7ff6f82d30cc]
	chromedriver!(No symbol) [0x7ff6f82d3fe3]
	chromedriver!GetHandleVerifier [0x7ff6f8d20d81+5e7101]
	chromedriver!GetHandleVerifier [0x7ff6f8d1b0ea+5e146a]
	chromedriver!GetHandleVerifier [0x7ff6f8d40a15+606d95]
	chromedriver!GetHandleVerifier [0x7ff6f876ca1e+32d9e]
	chromedriver!GetHandleVerifier [0x7ff6f877520c+3b58c]
	chromedriver!GetHandleVerifier [0x7ff6f87592b4+1f634]
	chromedriver!GetHandleVerifier [0x7ff6f8759444+1f7c4]
	chromedriver!GetHandleVerifier [0x7ff6f873bf67+22e7]
	KERNEL32!BaseThreadInitThunk [0x7ff86f0ee957+17]
	ntdll!RtlUserThreadStart [0x7ff86f68ad6c+2c]

[2026-07-23 01:07:11] [!] Check error: Message: no such window: target window already closed
from unknown error: web view not found
  (Session info: chrome=150.0.7871.130)
Stacktrace:
	chromedriver!GetHandleVerifier [0x7ff6f8cf3ff5+5ba375]
	chromedriver!GetHandleVerifier [0x7ff6f874f0a0+15420]
	chromedriver!(No symbol) [0x7ff6f8285b8d]
	chromedriver!(No symbol) [0x7ff6f825c9e2]
	chromedriver!(No symbol) [0x7ff6f8310d36]
	chromedriver!(No symbol) [0x7ff6f832e172]
	chromedriver!(No symbol) [0x7ff6f82d30cc]
	chromedriver!(No symbol) [0x7ff6f82d3fe3]
	chromedriver!GetHandleVerifier [0x7ff6f8d20d81+5e7101]
	chromedriver!GetHandleVerifier [0x7ff6f8d1b0ea+5e146a]
	chromedriver!GetHandleVerifier [0x7ff6f8d40a15+606d95]
	chromedriver!GetHandleVerifier [0x7ff6f876ca1e+32d9e]
	chromedriver!GetHandleVerifier [0x7ff6f877520c+3b58c]
	chromedriver!GetHandleVerifier [0x7ff6f87592b4+1f634]
	chromedriver!GetHandleVerifier [0x7ff6f8759444+1f7c4]
	chromedriver!GetHandleVerifier [0x7ff6f873bf67+22e7]
	KERNEL32!BaseThreadInitThunk [0x7ff86f0ee957+17]
	ntdll!RtlUserThreadStart [0x7ff86f68ad6c+2c]

[2026-07-23 01:07:13] [!] Check error: Message: no such window: target window already closed
from unknown error: web view not found
  (Session info: chrome=150.0.7871.130)
Stacktrace:
	chromedriver!GetHandleVerifier [0x7ff6f8cf3ff5+5ba375]
	chromedriver!GetHandleVerifier [0x7ff6f874f0a0+15420]
	chromedriver!(No symbol) [0x7ff6f8285b8d]
	chromedriver!(No symbol) [0x7ff6f825c9e2]
	chromedriver!(No symbol) [0x7ff6f8310d36]
	chromedriver!(No symbol) [0x7ff6f832e172]
	chromedriver!(No symbol) [0x7ff6f82d30cc]
	chromedriver!(No symbol) [0x7ff6f82d3fe3]
	chromedriver!GetHandleVerifier [0x7ff6f8d20d81+5e7101]
	chromedriver!GetHandleVerifier [0x7ff6f8d1b0ea+5e146a]
	chromedriver!GetHandleVerifier [0x7ff6f8d40a15+606d95]
	chromedriver!GetHandleVerifier [0x7ff6f876ca1e+32d9e]
	chromedriver!GetHandleVerifier [0x7ff6f877520c+3b58c]
	chromedriver!GetHandleVerifier [0x7ff6f87592b4+1f634]
	chromedriver!GetHandleVerifier [0x7ff6f8759444+1f7c4]
	chromedriver!GetHandleVerifier [0x7ff6f873bf67+22e7]
	KERNEL32!BaseThreadInitThunk [0x7ff86f0ee957+17]
	ntdll!RtlUserThreadStart [0x7ff86f68ad6c+2c]

[2026-07-23 01:07:15] [!] Check error: Message: no such window: target window already closed
from unknown error: web view not found
  (Session info: chrome=150.0.7871.130)
Stacktrace:
	chromedriver!GetHandleVerifier [0x7ff6f8cf3ff5+5ba375]
	chromedriver!GetHandleVerifier [0x7ff6f874f0a0+15420]
	chromedriver!(No symbol) [0x7ff6f8285b8d]
	chromedriver!(No symbol) [0x7ff6f825c9e2]
	chromedriver!(No symbol) [0x7ff6f8310d36]
	chromedriver!(No symbol) [0x7ff6f832e172]
	chromedriver!(No symbol) [0x7ff6f82d30cc]
	chromedriver!(No symbol) [0x7ff6f82d3fe3]
	chromedriver!GetHandleVerifier [0x7ff6f8d20d81+5e7101]
	chromedriver!GetHandleVerifier [0x7ff6f8d1b0ea+5e146a]
	chromedriver!GetHandleVerifier [0x7ff6f8d40a15+606d95]
	chromedriver!GetHandleVerifier [0x7ff6f876ca1e+32d9e]
	chromedriver!GetHandleVerifier [0x7ff6f877520c+3b58c]
	chromedriver!GetHandleVerifier [0x7ff6f87592b4+1f634]
	chromedriver!GetHandleVerifier [0x7ff6f8759444+1f7c4]
	chromedriver!GetHandleVerifier [0x7ff6f873bf67+22e7]
	KERNEL32!BaseThreadInitThunk [0x7ff86f0ee957+17]
	ntdll!RtlUserThreadStart [0x7ff86f68ad6c+2c]

[2026-07-23 01:07:17] [!] Check error: Message: no such window: target window already closed
from unknown error: web view not found
  (Session info: chrome=150.0.7871.130)
Stacktrace:
	chromedriver!GetHandleVerifier [0x7ff6f8cf3ff5+5ba375]
	chromedriver!GetHandleVerifier [0x7ff6f874f0a0+15420]
	chromedriver!(No symbol) [0x7ff6f8285b8d]
	chromedriver!(No symbol) [0x7ff6f825c9e2]
	chromedriver!(No symbol) [0x7ff6f8310d36]
	chromedriver!(No symbol) [0x7ff6f832e172]
	chromedriver!(No symbol) [0x7ff6f82d30cc]
	chromedriver!(No symbol) [0x7ff6f82d3fe3]
	chromedriver!GetHandleVerifier [0x7ff6f8d20d81+5e7101]
	chromedriver!GetHandleVerifier [0x7ff6f8d1b0ea+5e146a]
	chromedriver!GetHandleVerifier [0x7ff6f8d40a15+606d95]
	chromedriver!GetHandleVerifier [0x7ff6f876ca1e+32d9e]
	chromedriver!GetHandleVerifier [0x7ff6f877520c+3b58c]
	chromedriver!GetHandleVerifier [0x7ff6f87592b4+1f634]
	chromedriver!GetHandleVerifier [0x7ff6f8759444+1f7c4]
	chromedriver!GetHandleVerifier [0x7ff6f873bf67+22e7]
	KERNEL32!BaseThreadInitThunk [0x7ff86f0ee957+17]
	ntdll!RtlUserThreadStart [0x7ff86f68ad6c+2c]

[2026-07-23 01:07:19] [!] Check error: Message: no such window: target window already closed
from unknown error: web view not found
  (Session info: chrome=150.0.7871.130)
Stacktrace:
	chromedriver!GetHandleVerifier [0x7ff6f8cf3ff5+5ba375]
	chromedriver!GetHandleVerifier [0x7ff6f874f0a0+15420]
	chromedriver!(No symbol) [0x7ff6f8285b8d]
	chromedriver!(No symbol) [0x7ff6f825c9e2]
	chromedriver!(No symbol) [0x7ff6f8310d36]
	chromedriver!(No symbol) [0x7ff6f832e172]
	chromedriver!(No symbol) [0x7ff6f82d30cc]
	chromedriver!(No symbol) [0x7ff6f82d3fe3]
	chromedriver!GetHandleVerifier [0x7ff6f8d20d81+5e7101]
	chromedriver!GetHandleVerifier [0x7ff6f8d1b0ea+5e146a]
	chromedriver!GetHandleVerifier [0x7ff6f8d40a15+606d95]
	chromedriver!GetHandleVerifier [0x7ff6f876ca1e+32d9e]
	chromedriver!GetHandleVerifier [0x7ff6f877520c+3b58c]
	chromedriver!GetHandleVerifier [0x7ff6f87592b4+1f634]
	chromedriver!GetHandleVerifier [0x7ff6f8759444+1f7c4]
	chromedriver!GetHandleVerifier [0x7ff6f873bf67+22e7]
	KERNEL32!BaseThreadInitThunk [0x7ff86f0ee957+17]
	ntdll!RtlUserThreadStart [0x7ff86f68ad6c+2c]

[2026-07-23 01:07:21] [!] Check error: Message: no such window: target window already closed
from unknown error: web view not found
  (Session info: chrome=150.0.7871.130)
Stacktrace:
	chromedriver!GetHandleVerifier [0x7ff6f8cf3ff5+5ba375]
	chromedriver!GetHandleVerifier [0x7ff6f874f0a0+15420]
	chromedriver!(No symbol) [0x7ff6f8285b8d]
	chromedriver!(No symbol) [0x7ff6f825c9e2]
	chromedriver!(No symbol) [0x7ff6f8310d36]
	chromedriver!(No symbol) [0x7ff6f832e172]
	chromedriver!(No symbol) [0x7ff6f82d30cc]
	chromedriver!(No symbol) [0x7ff6f82d3fe3]
	chromedriver!GetHandleVerifier [0x7ff6f8d20d81+5e7101]
	chromedriver!GetHandleVerifier [0x7ff6f8d1b0ea+5e146a]
	chromedriver!GetHandleVerifier [0x7ff6f8d40a15+606d95]
	chromedriver!GetHandleVerifier [0x7ff6f876ca1e+32d9e]
	chromedriver!GetHandleVerifier [0x7ff6f877520c+3b58c]
	chromedriver!GetHandleVerifier [0x7ff6f87592b4+1f634]
	chromedriver!GetHandleVerifier [0x7ff6f8759444+1f7c4]
	chromedriver!GetHandleVerifier [0x7ff6f873bf67+22e7]
	KERNEL32!BaseThreadInitThunk [0x7ff86f0ee957+17]
	ntdll!RtlUserThreadStart [0x7ff86f68ad6c+2c]

[2026-07-23 01:07:23] [!] Check error: Message: no such window: target window already closed
from unknown error: web view not found
  (Session info: chrome=150.0.7871.130)
Stacktrace:
	chromedriver!GetHandleVerifier [0x7ff6f8cf3ff5+5ba375]
	chromedriver!GetHandleVerifier [0x7ff6f874f0a0+15420]
	chromedriver!(No symbol) [0x7ff6f8285b8d]
	chromedriver!(No symbol) [0x7ff6f825c9e2]
	chromedriver!(No symbol) [0x7ff6f8310d36]
	chromedriver!(No symbol) [0x7ff6f832e172]
	chromedriver!(No symbol) [0x7ff6f82d30cc]
	chromedriver!(No symbol) [0x7ff6f82d3fe3]
	chromedriver!GetHandleVerifier [0x7ff6f8d20d81+5e7101]
	chromedriver!GetHandleVerifier [0x7ff6f8d1b0ea+5e146a]
	chromedriver!GetHandleVerifier [0x7ff6f8d40a15+606d95]
	chromedriver!GetHandleVerifier [0x7ff6f876ca1e+32d9e]
	chromedriver!GetHandleVerifier [0x7ff6f877520c+3b58c]
	chromedriver!GetHandleVerifier [0x7ff6f87592b4+1f634]
	chromedriver!GetHandleVerifier [0x7ff6f8759444+1f7c4]
	chromedriver!GetHandleVerifier [0x7ff6f873bf67+22e7]
	KERNEL32!BaseThreadInitThunk [0x7ff86f0ee957+17]
	ntdll!RtlUserThreadStart [0x7ff86f68ad6c+2c]

[2026-07-23 01:07:25] [!] Check error: Message: no such window: target window already closed
from unknown error: web view not found
  (Session info: chrome=150.0.7871.130)
Stacktrace:
	chromedriver!GetHandleVerifier [0x7ff6f8cf3ff5+5ba375]
	chromedriver!GetHandleVerifier [0x7ff6f874f0a0+15420]
	chromedriver!(No symbol) [0x7ff6f8285b8d]
	chromedriver!(No symbol) [0x7ff6f825c9e2]
	chromedriver!(No symbol) [0x7ff6f8310d36]
	chromedriver!(No symbol) [0x7ff6f832e172]
	chromedriver!(No symbol) [0x7ff6f82d30cc]
	chromedriver!(No symbol) [0x7ff6f82d3fe3]
	chromedriver!GetHandleVerifier [0x7ff6f8d20d81+5e7101]
	chromedriver!GetHandleVerifier [0x7ff6f8d1b0ea+5e146a]
	chromedriver!GetHandleVerifier [0x7ff6f8d40a15+606d95]
	chromedriver!GetHandleVerifier [0x7ff6f876ca1e+32d9e]
	chromedriver!GetHandleVerifier [0x7ff6f877520c+3b58c]
	chromedriver!GetHandleVerifier [0x7ff6f87592b4+1f634]
	chromedriver!GetHandleVerifier [0x7ff6f8759444+1f7c4]
	chromedriver!GetHandleVerifier [0x7ff6f873bf67+22e7]
	KERNEL32!BaseThreadInitThunk [0x7ff86f0ee957+17]
	ntdll!RtlUserThreadStart [0x7ff86f68ad6c+2c]

[2026-07-23 01:07:27] [!] Check error: Message: no such window: target window already closed
from unknown error: web view not found
  (Session info: chrome=150.0.7871.130)
Stacktrace:
	chromedriver!GetHandleVerifier [0x7ff6f8cf3ff5+5ba375]
	chromedriver!GetHandleVerifier [0x7ff6f874f0a0+15420]
	chromedriver!(No symbol) [0x7ff6f8285b8d]
	chromedriver!(No symbol) [0x7ff6f825c9e2]
	chromedriver!(No symbol) [0x7ff6f8310d36]
	chromedriver!(No symbol) [0x7ff6f832e172]
	chromedriver!(No symbol) [0x7ff6f82d30cc]
	chromedriver!(No symbol) [0x7ff6f82d3fe3]
	chromedriver!GetHandleVerifier [0x7ff6f8d20d81+5e7101]
	chromedriver!GetHandleVerifier [0x7ff6f8d1b0ea+5e146a]
	chromedriver!GetHandleVerifier [0x7ff6f8d40a15+606d95]
	chromedriver!GetHandleVerifier [0x7ff6f876ca1e+32d9e]
	chromedriver!GetHandleVerifier [0x7ff6f877520c+3b58c]
	chromedriver!GetHandleVerifier [0x7ff6f87592b4+1f634]
	chromedriver!GetHandleVerifier [0x7ff6f8759444+1f7c4]
	chromedriver!GetHandleVerifier [0x7ff6f873bf67+22e7]
	KERNEL32!BaseThreadInitThunk [0x7ff86f0ee957+17]
	ntdll!RtlUserThreadStart [0x7ff86f68ad6c+2c]

[2026-07-23 01:07:29] [!] Check error: Message: no such window: target window already closed
from unknown error: web view not found
  (Session info: chrome=150.0.7871.130)
Stacktrace:
	chromedriver!GetHandleVerifier [0x7ff6f8cf3ff5+5ba375]
	chromedriver!GetHandleVerifier [0x7ff6f874f0a0+15420]
	chromedriver!(No symbol) [0x7ff6f8285b8d]
	chromedriver!(No symbol) [0x7ff6f825c9e2]
	chromedriver!(No symbol) [0x7ff6f8310d36]
	chromedriver!(No symbol) [0x7ff6f832e172]
	chromedriver!(No symbol) [0x7ff6f82d30cc]
	chromedriver!(No symbol) [0x7ff6f82d3fe3]
	chromedriver!GetHandleVerifier [0x7ff6f8d20d81+5e7101]
	chromedriver!GetHandleVerifier [0x7ff6f8d1b0ea+5e146a]
	chromedriver!GetHandleVerifier [0x7ff6f8d40a15+606d95]
	chromedriver!GetHandleVerifier [0x7ff6f876ca1e+32d9e]
	chromedriver!GetHandleVerifier [0x7ff6f877520c+3b58c]
	chromedriver!GetHandleVerifier [0x7ff6f87592b4+1f634]
	chromedriver!GetHandleVerifier [0x7ff6f8759444+1f7c4]
	chromedriver!GetHandleVerifier [0x7ff6f873bf67+22e7]
	KERNEL32!BaseThreadInitThunk [0x7ff86f0ee957+17]
	ntdll!RtlUserThreadStart [0x7ff86f68ad6c+2c]

[2026-07-23 01:07:31] [!] Check error: Message: no such window: target window already closed
from unknown error: web view not found
  (Session info: chrome=150.0.7871.130)
Stacktrace:
	chromedriver!GetHandleVerifier [0x7ff6f8cf3ff5+5ba375]
	chromedriver!GetHandleVerifier [0x7ff6f874f0a0+15420]
	chromedriver!(No symbol) [0x7ff6f8285b8d]
	chromedriver!(No symbol) [0x7ff6f825c9e2]
	chromedriver!(No symbol) [0x7ff6f8310d36]
	chromedriver!(No symbol) [0x7ff6f832e172]
	chromedriver!(No symbol) [0x7ff6f82d30cc]
	chromedriver!(No symbol) [0x7ff6f82d3fe3]
	chromedriver!GetHandleVerifier [0x7ff6f8d20d81+5e7101]
	chromedriver!GetHandleVerifier [0x7ff6f8d1b0ea+5e146a]
	chromedriver!GetHandleVerifier [0x7ff6f8d40a15+606d95]
	chromedriver!GetHandleVerifier [0x7ff6f876ca1e+32d9e]
	chromedriver!GetHandleVerifier [0x7ff6f877520c+3b58c]
	chromedriver!GetHandleVerifier [0x7ff6f87592b4+1f634]
	chromedriver!GetHandleVerifier [0x7ff6f8759444+1f7c4]
	chromedriver!GetHandleVerifier [0x7ff6f873bf67+22e7]
	KERNEL32!BaseThreadInitThunk [0x7ff86f0ee957+17]
	ntdll!RtlUserThreadStart [0x7ff86f68ad6c+2c]

[2026-07-23 01:07:33] [!] Check error: Message: no such window: target window already closed
from unknown error: web view not found
  (Session info: chrome=150.0.7871.130)
Stacktrace:
	chromedriver!GetHandleVerifier [0x7ff6f8cf3ff5+5ba375]
	chromedriver!GetHandleVerifier [0x7ff6f874f0a0+15420]
	chromedriver!(No symbol) [0x7ff6f8285b8d]
	chromedriver!(No symbol) [0x7ff6f825c9e2]
	chromedriver!(No symbol) [0x7ff6f8310d36]
	chromedriver!(No symbol) [0x7ff6f832e172]
	chromedriver!(No symbol) [0x7ff6f82d30cc]
	chromedriver!(No symbol) [0x7ff6f82d3fe3]
	chromedriver!GetHandleVerifier [0x7ff6f8d20d81+5e7101]
	chromedriver!GetHandleVerifier [0x7ff6f8d1b0ea+5e146a]
	chromedriver!GetHandleVerifier [0x7ff6f8d40a15+606d95]
	chromedriver!GetHandleVerifier [0x7ff6f876ca1e+32d9e]
	chromedriver!GetHandleVerifier [0x7ff6f877520c+3b58c]
	chromedriver!GetHandleVerifier [0x7ff6f87592b4+1f634]
	chromedriver!GetHandleVerifier [0x7ff6f8759444+1f7c4]
	chromedriver!GetHandleVerifier [0x7ff6f873bf67+22e7]
	KERNEL32!BaseThreadInitThunk [0x7ff86f0ee957+17]
	ntdll!RtlUserThreadStart [0x7ff86f68ad6c+2c]

[2026-07-23 01:07:35] [!] Check error: Message: no such window: target window already closed
from unknown error: web view not found
  (Session info: chrome=150.0.7871.130)
Stacktrace:
	chromedriver!GetHandleVerifier [0x7ff6f8cf3ff5+5ba375]
	chromedriver!GetHandleVerifier [0x7ff6f874f0a0+15420]
	chromedriver!(No symbol) [0x7ff6f8285b8d]
	chromedriver!(No symbol) [0x7ff6f825c9e2]
	chromedriver!(No symbol) [0x7ff6f8310d36]
	chromedriver!(No symbol) [0x7ff6f832e172]
	chromedriver!(No symbol) [0x7ff6f82d30cc]
	chromedriver!(No symbol) [0x7ff6f82d3fe3]
	chromedriver!GetHandleVerifier [0x7ff6f8d20d81+5e7101]
	chromedriver!GetHandleVerifier [0x7ff6f8d1b0ea+5e146a]
	chromedriver!GetHandleVerifier [0x7ff6f8d40a15+606d95]
	chromedriver!GetHandleVerifier [0x7ff6f876ca1e+32d9e]
	chromedriver!GetHandleVerifier [0x7ff6f877520c+3b58c]
	chromedriver!GetHandleVerifier [0x7ff6f87592b4+1f634]
	chromedriver!GetHandleVerifier [0x7ff6f8759444+1f7c4]
	chromedriver!GetHandleVerifier [0x7ff6f873bf67+22e7]
	KERNEL32!BaseThreadInitThunk [0x7ff86f0ee957+17]
	ntdll!RtlUserThreadStart [0x7ff86f68ad6c+2c]

[2026-07-23 01:07:38] [!] Check error: Message: no such window: target window already closed
from unknown error: web view not found
  (Session info: chrome=150.0.7871.130)
Stacktrace:
	chromedriver!GetHandleVerifier [0x7ff6f8cf3ff5+5ba375]
	chromedriver!GetHandleVerifier [0x7ff6f874f0a0+15420]
	chromedriver!(No symbol) [0x7ff6f8285b8d]
	chromedriver!(No symbol) [0x7ff6f825c9e2]
	chromedriver!(No symbol) [0x7ff6f8310d36]
	chromedriver!(No symbol) [0x7ff6f832e172]
	chromedriver!(No symbol) [0x7ff6f82d30cc]
	chromedriver!(No symbol) [0x7ff6f82d3fe3]
	chromedriver!GetHandleVerifier [0x7ff6f8d20d81+5e7101]
	chromedriver!GetHandleVerifier [0x7ff6f8d1b0ea+5e146a]
	chromedriver!GetHandleVerifier [0x7ff6f8d40a15+606d95]
	chromedriver!GetHandleVerifier [0x7ff6f876ca1e+32d9e]
	chromedriver!GetHandleVerifier [0x7ff6f877520c+3b58c]
	chromedriver!GetHandleVerifier [0x7ff6f87592b4+1f634]
	chromedriver!GetHandleVerifier [0x7ff6f8759444+1f7c4]
	chromedriver!GetHandleVerifier [0x7ff6f873bf67+22e7]
	KERNEL32!BaseThreadInitThunk [0x7ff86f0ee957+17]
	ntdll!RtlUserThreadStart [0x7ff86f68ad6c+2c]

[2026-07-23 01:07:40] [!] Check error: Message: no such window: target window already closed
from unknown error: web view not found
  (Session info: chrome=150.0.7871.130)
Stacktrace:
	chromedriver!GetHandleVerifier [0x7ff6f8cf3ff5+5ba375]
	chromedriver!GetHandleVerifier [0x7ff6f874f0a0+15420]
	chromedriver!(No symbol) [0x7ff6f8285b8d]
	chromedriver!(No symbol) [0x7ff6f825c9e2]
	chromedriver!(No symbol) [0x7ff6f8310d36]
	chromedriver!(No symbol) [0x7ff6f832e172]
	chromedriver!(No symbol) [0x7ff6f82d30cc]
	chromedriver!(No symbol) [0x7ff6f82d3fe3]
	chromedriver!GetHandleVerifier [0x7ff6f8d20d81+5e7101]
	chromedriver!GetHandleVerifier [0x7ff6f8d1b0ea+5e146a]
	chromedriver!GetHandleVerifier [0x7ff6f8d40a15+606d95]
	chromedriver!GetHandleVerifier [0x7ff6f876ca1e+32d9e]
	chromedriver!GetHandleVerifier [0x7ff6f877520c+3b58c]
	chromedriver!GetHandleVerifier [0x7ff6f87592b4+1f634]
	chromedriver!GetHandleVerifier [0x7ff6f8759444+1f7c4]
	chromedriver!GetHandleVerifier [0x7ff6f873bf67+22e7]
	KERNEL32!BaseThreadInitThunk [0x7ff86f0ee957+17]
	ntdll!RtlUserThreadStart [0x7ff86f68ad6c+2c]

[2026-07-23 01:07:42] [!] Check error: Message: no such window: target window already closed
from unknown error: web view not found
  (Session info: chrome=150.0.7871.130)
Stacktrace:
	chromedriver!GetHandleVerifier [0x7ff6f8cf3ff5+5ba375]
	chromedriver!GetHandleVerifier [0x7ff6f874f0a0+15420]
	chromedriver!(No symbol) [0x7ff6f8285b8d]
	chromedriver!(No symbol) [0x7ff6f825c9e2]
	chromedriver!(No symbol) [0x7ff6f8310d36]
	chromedriver!(No symbol) [0x7ff6f832e172]
	chromedriver!(No symbol) [0x7ff6f82d30cc]
	chromedriver!(No symbol) [0x7ff6f82d3fe3]
	chromedriver!GetHandleVerifier [0x7ff6f8d20d81+5e7101]
	chromedriver!GetHandleVerifier [0x7ff6f8d1b0ea+5e146a]
	chromedriver!GetHandleVerifier [0x7ff6f8d40a15+606d95]
	chromedriver!GetHandleVerifier [0x7ff6f876ca1e+32d9e]
	chromedriver!GetHandleVerifier [0x7ff6f877520c+3b58c]
	chromedriver!GetHandleVerifier [0x7ff6f87592b4+1f634]
	chromedriver!GetHandleVerifier [0x7ff6f8759444+1f7c4]
	chromedriver!GetHandleVerifier [0x7ff6f873bf67+22e7]
	KERNEL32!BaseThreadInitThunk [0x7ff86f0ee957+17]
	ntdll!RtlUserThreadStart [0x7ff86f68ad6c+2c]

[2026-07-23 01:07:44] [!] Check error: Message: no such window: target window already closed
from unknown error: web view not found
  (Session info: chrome=150.0.7871.130)
Stacktrace:
	chromedriver!GetHandleVerifier [0x7ff6f8cf3ff5+5ba375]
	chromedriver!GetHandleVerifier [0x7ff6f874f0a0+15420]
	chromedriver!(No symbol) [0x7ff6f8285b8d]
	chromedriver!(No symbol) [0x7ff6f825c9e2]
	chromedriver!(No symbol) [0x7ff6f8310d36]
	chromedriver!(No symbol) [0x7ff6f832e172]
	chromedriver!(No symbol) [0x7ff6f82d30cc]
	chromedriver!(No symbol) [0x7ff6f82d3fe3]
	chromedriver!GetHandleVerifier [0x7ff6f8d20d81+5e7101]
	chromedriver!GetHandleVerifier [0x7ff6f8d1b0ea+5e146a]
	chromedriver!GetHandleVerifier [0x7ff6f8d40a15+606d95]
	chromedriver!GetHandleVerifier [0x7ff6f876ca1e+32d9e]
	chromedriver!GetHandleVerifier [0x7ff6f877520c+3b58c]
	chromedriver!GetHandleVerifier [0x7ff6f87592b4+1f634]
	chromedriver!GetHandleVerifier [0x7ff6f8759444+1f7c4]
	chromedriver!GetHandleVerifier [0x7ff6f873bf67+22e7]
	KERNEL32!BaseThreadInitThunk [0x7ff86f0ee957+17]
	ntdll!RtlUserThreadStart [0x7ff86f68ad6c+2c]

[2026-07-23 01:07:46] [!] Check error: Message: no such window: target window already closed
from unknown error: web view not found
  (Session info: chrome=150.0.7871.130)
Stacktrace:
	chromedriver!GetHandleVerifier [0x7ff6f8cf3ff5+5ba375]
	chromedriver!GetHandleVerifier [0x7ff6f874f0a0+15420]
	chromedriver!(No symbol) [0x7ff6f8285b8d]
	chromedriver!(No symbol) [0x7ff6f825c9e2]
	chromedriver!(No symbol) [0x7ff6f8310d36]
	chromedriver!(No symbol) [0x7ff6f832e172]
	chromedriver!(No symbol) [0x7ff6f82d30cc]
	chromedriver!(No symbol) [0x7ff6f82d3fe3]
	chromedriver!GetHandleVerifier [0x7ff6f8d20d81+5e7101]
	chromedriver!GetHandleVerifier [0x7ff6f8d1b0ea+5e146a]
	chromedriver!GetHandleVerifier [0x7ff6f8d40a15+606d95]
	chromedriver!GetHandleVerifier [0x7ff6f876ca1e+32d9e]
	chromedriver!GetHandleVerifier [0x7ff6f877520c+3b58c]
	chromedriver!GetHandleVerifier [0x7ff6f87592b4+1f634]
	chromedriver!GetHandleVerifier [0x7ff6f8759444+1f7c4]
	chromedriver!GetHandleVerifier [0x7ff6f873bf67+22e7]
	KERNEL32!BaseThreadInitThunk [0x7ff86f0ee957+17]
	ntdll!RtlUserThreadStart [0x7ff86f68ad6c+2c]

[2026-07-23 01:07:48] [!] Check error: Message: no such window: target window already closed
from unknown error: web view not found
  (Session info: chrome=150.0.7871.130)
Stacktrace:
	chromedriver!GetHandleVerifier [0x7ff6f8cf3ff5+5ba375]
	chromedriver!GetHandleVerifier [0x7ff6f874f0a0+15420]
	chromedriver!(No symbol) [0x7ff6f8285b8d]
	chromedriver!(No symbol) [0x7ff6f825c9e2]
	chromedriver!(No symbol) [0x7ff6f8310d36]
	chromedriver!(No symbol) [0x7ff6f832e172]
	chromedriver!(No symbol) [0x7ff6f82d30cc]
	chromedriver!(No symbol) [0x7ff6f82d3fe3]
	chromedriver!GetHandleVerifier [0x7ff6f8d20d81+5e7101]
	chromedriver!GetHandleVerifier [0x7ff6f8d1b0ea+5e146a]
	chromedriver!GetHandleVerifier [0x7ff6f8d40a15+606d95]
	chromedriver!GetHandleVerifier [0x7ff6f876ca1e+32d9e]
	chromedriver!GetHandleVerifier [0x7ff6f877520c+3b58c]
	chromedriver!GetHandleVerifier [0x7ff6f87592b4+1f634]
	chromedriver!GetHandleVerifier [0x7ff6f8759444+1f7c4]
	chromedriver!GetHandleVerifier [0x7ff6f873bf67+22e7]
	KERNEL32!BaseThreadInitThunk [0x7ff86f0ee957+17]
	ntdll!RtlUserThreadStart [0x7ff86f68ad6c+2c]

[2026-07-23 01:07:50] [!] Check error: Message: no such window: target window already closed
from unknown error: web view not found
  (Session info: chrome=150.0.7871.130)
Stacktrace:
	chromedriver!GetHandleVerifier [0x7ff6f8cf3ff5+5ba375]
	chromedriver!GetHandleVerifier [0x7ff6f874f0a0+15420]
	chromedriver!(No symbol) [0x7ff6f8285b8d]
	chromedriver!(No symbol) [0x7ff6f825c9e2]
	chromedriver!(No symbol) [0x7ff6f8310d36]
	chromedriver!(No symbol) [0x7ff6f832e172]
	chromedriver!(No symbol) [0x7ff6f82d30cc]
	chromedriver!(No symbol) [0x7ff6f82d3fe3]
	chromedriver!GetHandleVerifier [0x7ff6f8d20d81+5e7101]
	chromedriver!GetHandleVerifier [0x7ff6f8d1b0ea+5e146a]
	chromedriver!GetHandleVerifier [0x7ff6f8d40a15+606d95]
	chromedriver!GetHandleVerifier [0x7ff6f876ca1e+32d9e]
	chromedriver!GetHandleVerifier [0x7ff6f877520c+3b58c]
	chromedriver!GetHandleVerifier [0x7ff6f87592b4+1f634]
	chromedriver!GetHandleVerifier [0x7ff6f8759444+1f7c4]
	chromedriver!GetHandleVerifier [0x7ff6f873bf67+22e7]
	KERNEL32!BaseThreadInitThunk [0x7ff86f0ee957+17]
	ntdll!RtlUserThreadStart [0x7ff86f68ad6c+2c]

[2026-07-23 01:07:52] [!] Check error: Message: no such window: target window already closed
from unknown error: web view not found
  (Session info: chrome=150.0.7871.130)
Stacktrace:
	chromedriver!GetHandleVerifier [0x7ff6f8cf3ff5+5ba375]
	chromedriver!GetHandleVerifier [0x7ff6f874f0a0+15420]
	chromedriver!(No symbol) [0x7ff6f8285b8d]
	chromedriver!(No symbol) [0x7ff6f825c9e2]
	chromedriver!(No symbol) [0x7ff6f8310d36]
	chromedriver!(No symbol) [0x7ff6f832e172]
	chromedriver!(No symbol) [0x7ff6f82d30cc]
	chromedriver!(No symbol) [0x7ff6f82d3fe3]
	chromedriver!GetHandleVerifier [0x7ff6f8d20d81+5e7101]
	chromedriver!GetHandleVerifier [0x7ff6f8d1b0ea+5e146a]
	chromedriver!GetHandleVerifier [0x7ff6f8d40a15+606d95]
	chromedriver!GetHandleVerifier [0x7ff6f876ca1e+32d9e]
	chromedriver!GetHandleVerifier [0x7ff6f877520c+3b58c]
	chromedriver!GetHandleVerifier [0x7ff6f87592b4+1f634]
	chromedriver!GetHandleVerifier [0x7ff6f8759444+1f7c4]
	chromedriver!GetHandleVerifier [0x7ff6f873bf67+22e7]
	KERNEL32!BaseThreadInitThunk [0x7ff86f0ee957+17]
	ntdll!RtlUserThreadStart [0x7ff86f68ad6c+2c]

[2026-07-23 01:07:54] [!] Check error: Message: no such window: target window already closed
from unknown error: web view not found
  (Session info: chrome=150.0.7871.130)
Stacktrace:
	chromedriver!GetHandleVerifier [0x7ff6f8cf3ff5+5ba375]
	chromedriver!GetHandleVerifier [0x7ff6f874f0a0+15420]
	chromedriver!(No symbol) [0x7ff6f8285b8d]
	chromedriver!(No symbol) [0x7ff6f825c9e2]
	chromedriver!(No symbol) [0x7ff6f8310d36]
	chromedriver!(No symbol) [0x7ff6f832e172]
	chromedriver!(No symbol) [0x7ff6f82d30cc]
	chromedriver!(No symbol) [0x7ff6f82d3fe3]
	chromedriver!GetHandleVerifier [0x7ff6f8d20d81+5e7101]
	chromedriver!GetHandleVerifier [0x7ff6f8d1b0ea+5e146a]
	chromedriver!GetHandleVerifier [0x7ff6f8d40a15+606d95]
	chromedriver!GetHandleVerifier [0x7ff6f876ca1e+32d9e]
	chromedriver!GetHandleVerifier [0x7ff6f877520c+3b58c]
	chromedriver!GetHandleVerifier [0x7ff6f87592b4+1f634]
	chromedriver!GetHandleVerifier [0x7ff6f8759444+1f7c4]
	chromedriver!GetHandleVerifier [0x7ff6f873bf67+22e7]
	KERNEL32!BaseThreadInitThunk [0x7ff86f0ee957+17]
	ntdll!RtlUserThreadStart [0x7ff86f68ad6c+2c]

[2026-07-23 01:07:56] [!] Check error: Message: no such window: target window already closed
from unknown error: web view not found
  (Session info: chrome=150.0.7871.130)
Stacktrace:
	chromedriver!GetHandleVerifier [0x7ff6f8cf3ff5+5ba375]
	chromedriver!GetHandleVerifier [0x7ff6f874f0a0+15420]
	chromedriver!(No symbol) [0x7ff6f8285b8d]
	chromedriver!(No symbol) [0x7ff6f825c9e2]
	chromedriver!(No symbol) [0x7ff6f8310d36]
	chromedriver!(No symbol) [0x7ff6f832e172]
	chromedriver!(No symbol) [0x7ff6f82d30cc]
	chromedriver!(No symbol) [0x7ff6f82d3fe3]
	chromedriver!GetHandleVerifier [0x7ff6f8d20d81+5e7101]
	chromedriver!GetHandleVerifier [0x7ff6f8d1b0ea+5e146a]
	chromedriver!GetHandleVerifier [0x7ff6f8d40a15+606d95]
	chromedriver!GetHandleVerifier [0x7ff6f876ca1e+32d9e]
	chromedriver!GetHandleVerifier [0x7ff6f877520c+3b58c]
	chromedriver!GetHandleVerifier [0x7ff6f87592b4+1f634]
	chromedriver!GetHandleVerifier [0x7ff6f8759444+1f7c4]
	chromedriver!GetHandleVerifier [0x7ff6f873bf67+22e7]
	KERNEL32!BaseThreadInitThunk [0x7ff86f0ee957+17]
	ntdll!RtlUserThreadStart [0x7ff86f68ad6c+2c]

[2026-07-23 01:07:58] [!] Check error: Message: no such window: target window already closed
from unknown error: web view not found
  (Session info: chrome=150.0.7871.130)
Stacktrace:
	chromedriver!GetHandleVerifier [0x7ff6f8cf3ff5+5ba375]
	chromedriver!GetHandleVerifier [0x7ff6f874f0a0+15420]
	chromedriver!(No symbol) [0x7ff6f8285b8d]
	chromedriver!(No symbol) [0x7ff6f825c9e2]
	chromedriver!(No symbol) [0x7ff6f8310d36]
	chromedriver!(No symbol) [0x7ff6f832e172]
	chromedriver!(No symbol) [0x7ff6f82d30cc]
	chromedriver!(No symbol) [0x7ff6f82d3fe3]
	chromedriver!GetHandleVerifier [0x7ff6f8d20d81+5e7101]
	chromedriver!GetHandleVerifier [0x7ff6f8d1b0ea+5e146a]
	chromedriver!GetHandleVerifier [0x7ff6f8d40a15+606d95]
	chromedriver!GetHandleVerifier [0x7ff6f876ca1e+32d9e]
	chromedriver!GetHandleVerifier [0x7ff6f877520c+3b58c]
	chromedriver!GetHandleVerifier [0x7ff6f87592b4+1f634]
	chromedriver!GetHandleVerifier [0x7ff6f8759444+1f7c4]
	chromedriver!GetHandleVerifier [0x7ff6f873bf67+22e7]
	KERNEL32!BaseThreadInitThunk [0x7ff86f0ee957+17]
	ntdll!RtlUserThreadStart [0x7ff86f68ad6c+2c]

[2026-07-23 01:08:00] [!] Check error: Message: no such window: target window already closed
from unknown error: web view not found
  (Session info: chrome=150.0.7871.130)
Stacktrace:
	chromedriver!GetHandleVerifier [0x7ff6f8cf3ff5+5ba375]
	chromedriver!GetHandleVerifier [0x7ff6f874f0a0+15420]
	chromedriver!(No symbol) [0x7ff6f8285b8d]
	chromedriver!(No symbol) [0x7ff6f825c9e2]
	chromedriver!(No symbol) [0x7ff6f8310d36]
	chromedriver!(No symbol) [0x7ff6f832e172]
	chromedriver!(No symbol) [0x7ff6f82d30cc]
	chromedriver!(No symbol) [0x7ff6f82d3fe3]
	chromedriver!GetHandleVerifier [0x7ff6f8d20d81+5e7101]
	chromedriver!GetHandleVerifier [0x7ff6f8d1b0ea+5e146a]
	chromedriver!GetHandleVerifier [0x7ff6f8d40a15+606d95]
	chromedriver!GetHandleVerifier [0x7ff6f876ca1e+32d9e]
	chromedriver!GetHandleVerifier [0x7ff6f877520c+3b58c]
	chromedriver!GetHandleVerifier [0x7ff6f87592b4+1f634]
	chromedriver!GetHandleVerifier [0x7ff6f8759444+1f7c4]
	chromedriver!GetHandleVerifier [0x7ff6f873bf67+22e7]
	KERNEL32!BaseThreadInitThunk [0x7ff86f0ee957+17]
	ntdll!RtlUserThreadStart [0x7ff86f68ad6c+2c]

[2026-07-23 01:08:02] [!] Check error: Message: no such window: target window already closed
from unknown error: web view not found
  (Session info: chrome=150.0.7871.130)
Stacktrace:
	chromedriver!GetHandleVerifier [0x7ff6f8cf3ff5+5ba375]
	chromedriver!GetHandleVerifier [0x7ff6f874f0a0+15420]
	chromedriver!(No symbol) [0x7ff6f8285b8d]
	chromedriver!(No symbol) [0x7ff6f825c9e2]
	chromedriver!(No symbol) [0x7ff6f8310d36]
	chromedriver!(No symbol) [0x7ff6f832e172]
	chromedriver!(No symbol) [0x7ff6f82d30cc]
	chromedriver!(No symbol) [0x7ff6f82d3fe3]
	chromedriver!GetHandleVerifier [0x7ff6f8d20d81+5e7101]
	chromedriver!GetHandleVerifier [0x7ff6f8d1b0ea+5e146a]
	chromedriver!GetHandleVerifier [0x7ff6f8d40a15+606d95]
	chromedriver!GetHandleVerifier [0x7ff6f876ca1e+32d9e]
	chromedriver!GetHandleVerifier [0x7ff6f877520c+3b58c]
	chromedriver!GetHandleVerifier [0x7ff6f87592b4+1f634]
	chromedriver!GetHandleVerifier [0x7ff6f8759444+1f7c4]
	chromedriver!GetHandleVerifier [0x7ff6f873bf67+22e7]
	KERNEL32!BaseThreadInitThunk [0x7ff86f0ee957+17]
	ntdll!RtlUserThreadStart [0x7ff86f68ad6c+2c]

[2026-07-23 01:08:04] [!] Check error: Message: no such window: target window already closed
from unknown error: web view not found
  (Session info: chrome=150.0.7871.130)
Stacktrace:
	chromedriver!GetHandleVerifier [0x7ff6f8cf3ff5+5ba375]
	chromedriver!GetHandleVerifier [0x7ff6f874f0a0+15420]
	chromedriver!(No symbol) [0x7ff6f8285b8d]
	chromedriver!(No symbol) [0x7ff6f825c9e2]
	chromedriver!(No symbol) [0x7ff6f8310d36]
	chromedriver!(No symbol) [0x7ff6f832e172]
	chromedriver!(No symbol) [0x7ff6f82d30cc]
	chromedriver!(No symbol) [0x7ff6f82d3fe3]
	chromedriver!GetHandleVerifier [0x7ff6f8d20d81+5e7101]
	chromedriver!GetHandleVerifier [0x7ff6f8d1b0ea+5e146a]
	chromedriver!GetHandleVerifier [0x7ff6f8d40a15+606d95]
	chromedriver!GetHandleVerifier [0x7ff6f876ca1e+32d9e]
	chromedriver!GetHandleVerifier [0x7ff6f877520c+3b58c]
	chromedriver!GetHandleVerifier [0x7ff6f87592b4+1f634]
	chromedriver!GetHandleVerifier [0x7ff6f8759444+1f7c4]
	chromedriver!GetHandleVerifier [0x7ff6f873bf67+22e7]
	KERNEL32!BaseThreadInitThunk [0x7ff86f0ee957+17]
	ntdll!RtlUserThreadStart [0x7ff86f68ad6c+2c]

[2026-07-23 01:08:06] [!] Check error: Message: no such window: target window already closed
from unknown error: web view not found
  (Session info: chrome=150.0.7871.130)
Stacktrace:
	chromedriver!GetHandleVerifier [0x7ff6f8cf3ff5+5ba375]
	chromedriver!GetHandleVerifier [0x7ff6f874f0a0+15420]
	chromedriver!(No symbol) [0x7ff6f8285b8d]
	chromedriver!(No symbol) [0x7ff6f825c9e2]
	chromedriver!(No symbol) [0x7ff6f8310d36]
	chromedriver!(No symbol) [0x7ff6f832e172]
	chromedriver!(No symbol) [0x7ff6f82d30cc]
	chromedriver!(No symbol) [0x7ff6f82d3fe3]
	chromedriver!GetHandleVerifier [0x7ff6f8d20d81+5e7101]
	chromedriver!GetHandleVerifier [0x7ff6f8d1b0ea+5e146a]
	chromedriver!GetHandleVerifier [0x7ff6f8d40a15+606d95]
	chromedriver!GetHandleVerifier [0x7ff6f876ca1e+32d9e]
	chromedriver!GetHandleVerifier [0x7ff6f877520c+3b58c]
	chromedriver!GetHandleVerifier [0x7ff6f87592b4+1f634]
	chromedriver!GetHandleVerifier [0x7ff6f8759444+1f7c4]
	chromedriver!GetHandleVerifier [0x7ff6f873bf67+22e7]
	KERNEL32!BaseThreadInitThunk [0x7ff86f0ee957+17]
	ntdll!RtlUserThreadStart [0x7ff86f68ad6c+2c]

[2026-07-23 01:08:08] [!] Check error: Message: no such window: target window already closed
from unknown error: web view not found
  (Session info: chrome=150.0.7871.130)
Stacktrace:
	chromedriver!GetHandleVerifier [0x7ff6f8cf3ff5+5ba375]
	chromedriver!GetHandleVerifier [0x7ff6f874f0a0+15420]
	chromedriver!(No symbol) [0x7ff6f8285b8d]
	chromedriver!(No symbol) [0x7ff6f825c9e2]
	chromedriver!(No symbol) [0x7ff6f8310d36]
	chromedriver!(No symbol) [0x7ff6f832e172]
	chromedriver!(No symbol) [0x7ff6f82d30cc]
	chromedriver!(No symbol) [0x7ff6f82d3fe3]
	chromedriver!GetHandleVerifier [0x7ff6f8d20d81+5e7101]
	chromedriver!GetHandleVerifier [0x7ff6f8d1b0ea+5e146a]
	chromedriver!GetHandleVerifier [0x7ff6f8d40a15+606d95]
	chromedriver!GetHandleVerifier [0x7ff6f876ca1e+32d9e]
	chromedriver!GetHandleVerifier [0x7ff6f877520c+3b58c]
	chromedriver!GetHandleVerifier [0x7ff6f87592b4+1f634]
	chromedriver!GetHandleVerifier [0x7ff6f8759444+1f7c4]
	chromedriver!GetHandleVerifier [0x7ff6f873bf67+22e7]
	KERNEL32!BaseThreadInitThunk [0x7ff86f0ee957+17]
	ntdll!RtlUserThreadStart [0x7ff86f68ad6c+2c]

[2026-07-23 01:08:10] [!] Check error: Message: no such window: target window already closed
from unknown error: web view not found
  (Session info: chrome=150.0.7871.130)
Stacktrace:
	chromedriver!GetHandleVerifier [0x7ff6f8cf3ff5+5ba375]
	chromedriver!GetHandleVerifier [0x7ff6f874f0a0+15420]
	chromedriver!(No symbol) [0x7ff6f8285b8d]
	chromedriver!(No symbol) [0x7ff6f825c9e2]
	chromedriver!(No symbol) [0x7ff6f8310d36]
	chromedriver!(No symbol) [0x7ff6f832e172]
	chromedriver!(No symbol) [0x7ff6f82d30cc]
	chromedriver!(No symbol) [0x7ff6f82d3fe3]
	chromedriver!GetHandleVerifier [0x7ff6f8d20d81+5e7101]
	chromedriver!GetHandleVerifier [0x7ff6f8d1b0ea+5e146a]
	chromedriver!GetHandleVerifier [0x7ff6f8d40a15+606d95]
	chromedriver!GetHandleVerifier [0x7ff6f876ca1e+32d9e]
	chromedriver!GetHandleVerifier [0x7ff6f877520c+3b58c]
	chromedriver!GetHandleVerifier [0x7ff6f87592b4+1f634]
	chromedriver!GetHandleVerifier [0x7ff6f8759444+1f7c4]
	chromedriver!GetHandleVerifier [0x7ff6f873bf67+22e7]
	KERNEL32!BaseThreadInitThunk [0x7ff86f0ee957+17]
	ntdll!RtlUserThreadStart [0x7ff86f68ad6c+2c]

[2026-07-23 01:08:12] [!] Check error: Message: no such window: target window already closed
from unknown error: web view not found
  (Session info: chrome=150.0.7871.130)
Stacktrace:
	chromedriver!GetHandleVerifier [0x7ff6f8cf3ff5+5ba375]
	chromedriver!GetHandleVerifier [0x7ff6f874f0a0+15420]
	chromedriver!(No symbol) [0x7ff6f8285b8d]
	chromedriver!(No symbol) [0x7ff6f825c9e2]
	chromedriver!(No symbol) [0x7ff6f8310d36]
	chromedriver!(No symbol) [0x7ff6f832e172]
	chromedriver!(No symbol) [0x7ff6f82d30cc]
	chromedriver!(No symbol) [0x7ff6f82d3fe3]
	chromedriver!GetHandleVerifier [0x7ff6f8d20d81+5e7101]
	chromedriver!GetHandleVerifier [0x7ff6f8d1b0ea+5e146a]
	chromedriver!GetHandleVerifier [0x7ff6f8d40a15+606d95]
	chromedriver!GetHandleVerifier [0x7ff6f876ca1e+32d9e]
	chromedriver!GetHandleVerifier [0x7ff6f877520c+3b58c]
	chromedriver!GetHandleVerifier [0x7ff6f87592b4+1f634]
	chromedriver!GetHandleVerifier [0x7ff6f8759444+1f7c4]
	chromedriver!GetHandleVerifier [0x7ff6f873bf67+22e7]
	KERNEL32!BaseThreadInitThunk [0x7ff86f0ee957+17]
	ntdll!RtlUserThreadStart [0x7ff86f68ad6c+2c]

[2026-07-23 01:08:14] [!] Check error: Message: no such window: target window already closed
from unknown error: web view not found
  (Session info: chrome=150.0.7871.130)
Stacktrace:
	chromedriver!GetHandleVerifier [0x7ff6f8cf3ff5+5ba375]
	chromedriver!GetHandleVerifier [0x7ff6f874f0a0+15420]
	chromedriver!(No symbol) [0x7ff6f8285b8d]
	chromedriver!(No symbol) [0x7ff6f825c9e2]
	chromedriver!(No symbol) [0x7ff6f8310d36]
	chromedriver!(No symbol) [0x7ff6f832e172]
	chromedriver!(No symbol) [0x7ff6f82d30cc]
	chromedriver!(No symbol) [0x7ff6f82d3fe3]
	chromedriver!GetHandleVerifier [0x7ff6f8d20d81+5e7101]
	chromedriver!GetHandleVerifier [0x7ff6f8d1b0ea+5e146a]
	chromedriver!GetHandleVerifier [0x7ff6f8d40a15+606d95]
	chromedriver!GetHandleVerifier [0x7ff6f876ca1e+32d9e]
	chromedriver!GetHandleVerifier [0x7ff6f877520c+3b58c]
	chromedriver!GetHandleVerifier [0x7ff6f87592b4+1f634]
	chromedriver!GetHandleVerifier [0x7ff6f8759444+1f7c4]
	chromedriver!GetHandleVerifier [0x7ff6f873bf67+22e7]
	KERNEL32!BaseThreadInitThunk [0x7ff86f0ee957+17]
	ntdll!RtlUserThreadStart [0x7ff86f68ad6c+2c]

[2026-07-23 01:08:16] [!] Check error: Message: no such window: target window already closed
from unknown error: web view not found
  (Session info: chrome=150.0.7871.130)
Stacktrace:
	chromedriver!GetHandleVerifier [0x7ff6f8cf3ff5+5ba375]
	chromedriver!GetHandleVerifier [0x7ff6f874f0a0+15420]
	chromedriver!(No symbol) [0x7ff6f8285b8d]
	chromedriver!(No symbol) [0x7ff6f825c9e2]
	chromedriver!(No symbol) [0x7ff6f8310d36]
	chromedriver!(No symbol) [0x7ff6f832e172]
	chromedriver!(No symbol) [0x7ff6f82d30cc]
	chromedriver!(No symbol) [0x7ff6f82d3fe3]
	chromedriver!GetHandleVerifier [0x7ff6f8d20d81+5e7101]
	chromedriver!GetHandleVerifier [0x7ff6f8d1b0ea+5e146a]
	chromedriver!GetHandleVerifier [0x7ff6f8d40a15+606d95]
	chromedriver!GetHandleVerifier [0x7ff6f876ca1e+32d9e]
	chromedriver!GetHandleVerifier [0x7ff6f877520c+3b58c]
	chromedriver!GetHandleVerifier [0x7ff6f87592b4+1f634]
	chromedriver!GetHandleVerifier [0x7ff6f8759444+1f7c4]
	chromedriver!GetHandleVerifier [0x7ff6f873bf67+22e7]
	KERNEL32!BaseThreadInitThunk [0x7ff86f0ee957+17]
	ntdll!RtlUserThreadStart [0x7ff86f68ad6c+2c]

[2026-07-23 01:08:18] [!] Check error: Message: no such window: target window already closed
from unknown error: web view not found
  (Session info: chrome=150.0.7871.130)
Stacktrace:
	chromedriver!GetHandleVerifier [0x7ff6f8cf3ff5+5ba375]
	chromedriver!GetHandleVerifier [0x7ff6f874f0a0+15420]
	chromedriver!(No symbol) [0x7ff6f8285b8d]
	chromedriver!(No symbol) [0x7ff6f825c9e2]
	chromedriver!(No symbol) [0x7ff6f8310d36]
	chromedriver!(No symbol) [0x7ff6f832e172]
	chromedriver!(No symbol) [0x7ff6f82d30cc]
	chromedriver!(No symbol) [0x7ff6f82d3fe3]
	chromedriver!GetHandleVerifier [0x7ff6f8d20d81+5e7101]
	chromedriver!GetHandleVerifier [0x7ff6f8d1b0ea+5e146a]
	chromedriver!GetHandleVerifier [0x7ff6f8d40a15+606d95]
	chromedriver!GetHandleVerifier [0x7ff6f876ca1e+32d9e]
	chromedriver!GetHandleVerifier [0x7ff6f877520c+3b58c]
	chromedriver!GetHandleVerifier [0x7ff6f87592b4+1f634]
	chromedriver!GetHandleVerifier [0x7ff6f8759444+1f7c4]
	chromedriver!GetHandleVerifier [0x7ff6f873bf67+22e7]
	KERNEL32!BaseThreadInitThunk [0x7ff86f0ee957+17]
	ntdll!RtlUserThreadStart [0x7ff86f68ad6c+2c]

[2026-07-23 01:08:20] [!] Check error: Message: no such window: target window already closed
from unknown error: web view not found
  (Session info: chrome=150.0.7871.130)
Stacktrace:
	chromedriver!GetHandleVerifier [0x7ff6f8cf3ff5+5ba375]
	chromedriver!GetHandleVerifier [0x7ff6f874f0a0+15420]
	chromedriver!(No symbol) [0x7ff6f8285b8d]
	chromedriver!(No symbol) [0x7ff6f825c9e2]
	chromedriver!(No symbol) [0x7ff6f8310d36]
	chromedriver!(No symbol) [0x7ff6f832e172]
	chromedriver!(No symbol) [0x7ff6f82d30cc]
	chromedriver!(No symbol) [0x7ff6f82d3fe3]
	chromedriver!GetHandleVerifier [0x7ff6f8d20d81+5e7101]
	chromedriver!GetHandleVerifier [0x7ff6f8d1b0ea+5e146a]
	chromedriver!GetHandleVerifier [0x7ff6f8d40a15+606d95]
	chromedriver!GetHandleVerifier [0x7ff6f876ca1e+32d9e]
	chromedriver!GetHandleVerifier [0x7ff6f877520c+3b58c]
	chromedriver!GetHandleVerifier [0x7ff6f87592b4+1f634]
	chromedriver!GetHandleVerifier [0x7ff6f8759444+1f7c4]
	chromedriver!GetHandleVerifier [0x7ff6f873bf67+22e7]
	KERNEL32!BaseThreadInitThunk [0x7ff86f0ee957+17]
	ntdll!RtlUserThreadStart [0x7ff86f68ad6c+2c]

[2026-07-23 01:08:22] [!] Check error: Message: no such window: target window already closed
from unknown error: web view not found
  (Session info: chrome=150.0.7871.130)
Stacktrace:
	chromedriver!GetHandleVerifier [0x7ff6f8cf3ff5+5ba375]
	chromedriver!GetHandleVerifier [0x7ff6f874f0a0+15420]
	chromedriver!(No symbol) [0x7ff6f8285b8d]
	chromedriver!(No symbol) [0x7ff6f825c9e2]
	chromedriver!(No symbol) [0x7ff6f8310d36]
	chromedriver!(No symbol) [0x7ff6f832e172]
	chromedriver!(No symbol) [0x7ff6f82d30cc]
	chromedriver!(No symbol) [0x7ff6f82d3fe3]
	chromedriver!GetHandleVerifier [0x7ff6f8d20d81+5e7101]
	chromedriver!GetHandleVerifier [0x7ff6f8d1b0ea+5e146a]
	chromedriver!GetHandleVerifier [0x7ff6f8d40a15+606d95]
	chromedriver!GetHandleVerifier [0x7ff6f876ca1e+32d9e]
	chromedriver!GetHandleVerifier [0x7ff6f877520c+3b58c]
	chromedriver!GetHandleVerifier [0x7ff6f87592b4+1f634]
	chromedriver!GetHandleVerifier [0x7ff6f8759444+1f7c4]
	chromedriver!GetHandleVerifier [0x7ff6f873bf67+22e7]
	KERNEL32!BaseThreadInitThunk [0x7ff86f0ee957+17]
	ntdll!RtlUserThreadStart [0x7ff86f68ad6c+2c]

[2026-07-23 01:08:24] [!] Check error: Message: no such window: target window already closed
from unknown error: web view not found
  (Session info: chrome=150.0.7871.130)
Stacktrace:
	chromedriver!GetHandleVerifier [0x7ff6f8cf3ff5+5ba375]
	chromedriver!GetHandleVerifier [0x7ff6f874f0a0+15420]
	chromedriver!(No symbol) [0x7ff6f8285b8d]
	chromedriver!(No symbol) [0x7ff6f825c9e2]
	chromedriver!(No symbol) [0x7ff6f8310d36]
	chromedriver!(No symbol) [0x7ff6f832e172]
	chromedriver!(No symbol) [0x7ff6f82d30cc]
	chromedriver!(No symbol) [0x7ff6f82d3fe3]
	chromedriver!GetHandleVerifier [0x7ff6f8d20d81+5e7101]
	chromedriver!GetHandleVerifier [0x7ff6f8d1b0ea+5e146a]
	chromedriver!GetHandleVerifier [0x7ff6f8d40a15+606d95]
	chromedriver!GetHandleVerifier [0x7ff6f876ca1e+32d9e]
	chromedriver!GetHandleVerifier [0x7ff6f877520c+3b58c]
	chromedriver!GetHandleVerifier [0x7ff6f87592b4+1f634]
	chromedriver!GetHandleVerifier [0x7ff6f8759444+1f7c4]
	chromedriver!GetHandleVerifier [0x7ff6f873bf67+22e7]
	KERNEL32!BaseThreadInitThunk [0x7ff86f0ee957+17]
	ntdll!RtlUserThreadStart [0x7ff86f68ad6c+2c]

[2026-07-23 01:08:26] [!] Check error: Message: no such window: target window already closed
from unknown error: web view not found
  (Session info: chrome=150.0.7871.130)
Stacktrace:
	chromedriver!GetHandleVerifier [0x7ff6f8cf3ff5+5ba375]
	chromedriver!GetHandleVerifier [0x7ff6f874f0a0+15420]
	chromedriver!(No symbol) [0x7ff6f8285b8d]
	chromedriver!(No symbol) [0x7ff6f825c9e2]
	chromedriver!(No symbol) [0x7ff6f8310d36]
	chromedriver!(No symbol) [0x7ff6f832e172]
	chromedriver!(No symbol) [0x7ff6f82d30cc]
	chromedriver!(No symbol) [0x7ff6f82d3fe3]
	chromedriver!GetHandleVerifier [0x7ff6f8d20d81+5e7101]
	chromedriver!GetHandleVerifier [0x7ff6f8d1b0ea+5e146a]
	chromedriver!GetHandleVerifier [0x7ff6f8d40a15+606d95]
	chromedriver!GetHandleVerifier [0x7ff6f876ca1e+32d9e]
	chromedriver!GetHandleVerifier [0x7ff6f877520c+3b58c]
	chromedriver!GetHandleVerifier [0x7ff6f87592b4+1f634]
	chromedriver!GetHandleVerifier [0x7ff6f8759444+1f7c4]
	chromedriver!GetHandleVerifier [0x7ff6f873bf67+22e7]
	KERNEL32!BaseThreadInitThunk [0x7ff86f0ee957+17]
	ntdll!RtlUserThreadStart [0x7ff86f68ad6c+2c]

[2026-07-23 01:08:28] [!] Check error: Message: no such window: target window already closed
from unknown error: web view not found
  (Session info: chrome=150.0.7871.130)
Stacktrace:
	chromedriver!GetHandleVerifier [0x7ff6f8cf3ff5+5ba375]
	chromedriver!GetHandleVerifier [0x7ff6f874f0a0+15420]
	chromedriver!(No symbol) [0x7ff6f8285b8d]
	chromedriver!(No symbol) [0x7ff6f825c9e2]
	chromedriver!(No symbol) [0x7ff6f8310d36]
	chromedriver!(No symbol) [0x7ff6f832e172]
	chromedriver!(No symbol) [0x7ff6f82d30cc]
	chromedriver!(No symbol) [0x7ff6f82d3fe3]
	chromedriver!GetHandleVerifier [0x7ff6f8d20d81+5e7101]
	chromedriver!GetHandleVerifier [0x7ff6f8d1b0ea+5e146a]
	chromedriver!GetHandleVerifier [0x7ff6f8d40a15+606d95]
	chromedriver!GetHandleVerifier [0x7ff6f876ca1e+32d9e]
	chromedriver!GetHandleVerifier [0x7ff6f877520c+3b58c]
	chromedriver!GetHandleVerifier [0x7ff6f87592b4+1f634]
	chromedriver!GetHandleVerifier [0x7ff6f8759444+1f7c4]
	chromedriver!GetHandleVerifier [0x7ff6f873bf67+22e7]
	KERNEL32!BaseThreadInitThunk [0x7ff86f0ee957+17]
	ntdll!RtlUserThreadStart [0x7ff86f68ad6c+2c]

[2026-07-23 01:08:30] [!] Check error: Message: no such window: target window already closed
from unknown error: web view not found
  (Session info: chrome=150.0.7871.130)
Stacktrace:
	chromedriver!GetHandleVerifier [0x7ff6f8cf3ff5+5ba375]
	chromedriver!GetHandleVerifier [0x7ff6f874f0a0+15420]
	chromedriver!(No symbol) [0x7ff6f8285b8d]
	chromedriver!(No symbol) [0x7ff6f825c9e2]
	chromedriver!(No symbol) [0x7ff6f8310d36]
	chromedriver!(No symbol) [0x7ff6f832e172]
	chromedriver!(No symbol) [0x7ff6f82d30cc]
	chromedriver!(No symbol) [0x7ff6f82d3fe3]
	chromedriver!GetHandleVerifier [0x7ff6f8d20d81+5e7101]
	chromedriver!GetHandleVerifier [0x7ff6f8d1b0ea+5e146a]
	chromedriver!GetHandleVerifier [0x7ff6f8d40a15+606d95]
	chromedriver!GetHandleVerifier [0x7ff6f876ca1e+32d9e]
	chromedriver!GetHandleVerifier [0x7ff6f877520c+3b58c]
	chromedriver!GetHandleVerifier [0x7ff6f87592b4+1f634]
	chromedriver!GetHandleVerifier [0x7ff6f8759444+1f7c4]
	chromedriver!GetHandleVerifier [0x7ff6f873bf67+22e7]
	KERNEL32!BaseThreadInitThunk [0x7ff86f0ee957+17]
	ntdll!RtlUserThreadStart [0x7ff86f68ad6c+2c]

[2026-07-23 01:08:32] [!] Check error: Message: no such window: target window already closed
from unknown error: web view not found
  (Session info: chrome=150.0.7871.130)
Stacktrace:
	chromedriver!GetHandleVerifier [0x7ff6f8cf3ff5+5ba375]
	chromedriver!GetHandleVerifier [0x7ff6f874f0a0+15420]
	chromedriver!(No symbol) [0x7ff6f8285b8d]
	chromedriver!(No symbol) [0x7ff6f825c9e2]
	chromedriver!(No symbol) [0x7ff6f8310d36]
	chromedriver!(No symbol) [0x7ff6f832e172]
	chromedriver!(No symbol) [0x7ff6f82d30cc]
	chromedriver!(No symbol) [0x7ff6f82d3fe3]
	chromedriver!GetHandleVerifier [0x7ff6f8d20d81+5e7101]
	chromedriver!GetHandleVerifier [0x7ff6f8d1b0ea+5e146a]
	chromedriver!GetHandleVerifier [0x7ff6f8d40a15+606d95]
	chromedriver!GetHandleVerifier [0x7ff6f876ca1e+32d9e]
	chromedriver!GetHandleVerifier [0x7ff6f877520c+3b58c]
	chromedriver!GetHandleVerifier [0x7ff6f87592b4+1f634]
	chromedriver!GetHandleVerifier [0x7ff6f8759444+1f7c4]
	chromedriver!GetHandleVerifier [0x7ff6f873bf67+22e7]
	KERNEL32!BaseThreadInitThunk [0x7ff86f0ee957+17]
	ntdll!RtlUserThreadStart [0x7ff86f68ad6c+2c]

[2026-07-23 01:08:34] [!] Check error: Message: no such window: target window already closed
from unknown error: web view not found
  (Session info: chrome=150.0.7871.130)
Stacktrace:
	chromedriver!GetHandleVerifier [0x7ff6f8cf3ff5+5ba375]
	chromedriver!GetHandleVerifier [0x7ff6f874f0a0+15420]
	chromedriver!(No symbol) [0x7ff6f8285b8d]
	chromedriver!(No symbol) [0x7ff6f825c9e2]
	chromedriver!(No symbol) [0x7ff6f8310d36]
	chromedriver!(No symbol) [0x7ff6f832e172]
	chromedriver!(No symbol) [0x7ff6f82d30cc]
	chromedriver!(No symbol) [0x7ff6f82d3fe3]
	chromedriver!GetHandleVerifier [0x7ff6f8d20d81+5e7101]
	chromedriver!GetHandleVerifier [0x7ff6f8d1b0ea+5e146a]
	chromedriver!GetHandleVerifier [0x7ff6f8d40a15+606d95]
	chromedriver!GetHandleVerifier [0x7ff6f876ca1e+32d9e]
	chromedriver!GetHandleVerifier [0x7ff6f877520c+3b58c]
	chromedriver!GetHandleVerifier [0x7ff6f87592b4+1f634]
	chromedriver!GetHandleVerifier [0x7ff6f8759444+1f7c4]
	chromedriver!GetHandleVerifier [0x7ff6f873bf67+22e7]
	KERNEL32!BaseThreadInitThunk [0x7ff86f0ee957+17]
	ntdll!RtlUserThreadStart [0x7ff86f68ad6c+2c]

[2026-07-23 01:08:36] [!] Check error: Message: no such window: target window already closed
from unknown error: web view not found
  (Session info: chrome=150.0.7871.130)
Stacktrace:
	chromedriver!GetHandleVerifier [0x7ff6f8cf3ff5+5ba375]
	chromedriver!GetHandleVerifier [0x7ff6f874f0a0+15420]
	chromedriver!(No symbol) [0x7ff6f8285b8d]
	chromedriver!(No symbol) [0x7ff6f825c9e2]
	chromedriver!(No symbol) [0x7ff6f8310d36]
	chromedriver!(No symbol) [0x7ff6f832e172]
	chromedriver!(No symbol) [0x7ff6f82d30cc]
	chromedriver!(No symbol) [0x7ff6f82d3fe3]
	chromedriver!GetHandleVerifier [0x7ff6f8d20d81+5e7101]
	chromedriver!GetHandleVerifier [0x7ff6f8d1b0ea+5e146a]
	chromedriver!GetHandleVerifier [0x7ff6f8d40a15+606d95]
	chromedriver!GetHandleVerifier [0x7ff6f876ca1e+32d9e]
	chromedriver!GetHandleVerifier [0x7ff6f877520c+3b58c]
	chromedriver!GetHandleVerifier [0x7ff6f87592b4+1f634]
	chromedriver!GetHandleVerifier [0x7ff6f8759444+1f7c4]
	chromedriver!GetHandleVerifier [0x7ff6f873bf67+22e7]
	KERNEL32!BaseThreadInitThunk [0x7ff86f0ee957+17]
	ntdll!RtlUserThreadStart [0x7ff86f68ad6c+2c]

[2026-07-23 01:08:38] [!] Check error: Message: no such window: target window already closed
from unknown error: web view not found
  (Session info: chrome=150.0.7871.130)
Stacktrace:
	chromedriver!GetHandleVerifier [0x7ff6f8cf3ff5+5ba375]
	chromedriver!GetHandleVerifier [0x7ff6f874f0a0+15420]
	chromedriver!(No symbol) [0x7ff6f8285b8d]
	chromedriver!(No symbol) [0x7ff6f825c9e2]
	chromedriver!(No symbol) [0x7ff6f8310d36]
	chromedriver!(No symbol) [0x7ff6f832e172]
	chromedriver!(No symbol) [0x7ff6f82d30cc]
	chromedriver!(No symbol) [0x7ff6f82d3fe3]
	chromedriver!GetHandleVerifier [0x7ff6f8d20d81+5e7101]
	chromedriver!GetHandleVerifier [0x7ff6f8d1b0ea+5e146a]
	chromedriver!GetHandleVerifier [0x7ff6f8d40a15+606d95]
	chromedriver!GetHandleVerifier [0x7ff6f876ca1e+32d9e]
	chromedriver!GetHandleVerifier [0x7ff6f877520c+3b58c]
	chromedriver!GetHandleVerifier [0x7ff6f87592b4+1f634]
	chromedriver!GetHandleVerifier [0x7ff6f8759444+1f7c4]
	chromedriver!GetHandleVerifier [0x7ff6f873bf67+22e7]
	KERNEL32!BaseThreadInitThunk [0x7ff86f0ee957+17]
	ntdll!RtlUserThreadStart [0x7ff86f68ad6c+2c]

[2026-07-23 01:08:40] [!] Check error: Message: no such window: target window already closed
from unknown error: web view not found
  (Session info: chrome=150.0.7871.130)
Stacktrace:
	chromedriver!GetHandleVerifier [0x7ff6f8cf3ff5+5ba375]
	chromedriver!GetHandleVerifier [0x7ff6f874f0a0+15420]
	chromedriver!(No symbol) [0x7ff6f8285b8d]
	chromedriver!(No symbol) [0x7ff6f825c9e2]
	chromedriver!(No symbol) [0x7ff6f8310d36]
	chromedriver!(No symbol) [0x7ff6f832e172]
	chromedriver!(No symbol) [0x7ff6f82d30cc]
	chromedriver!(No symbol) [0x7ff6f82d3fe3]
	chromedriver!GetHandleVerifier [0x7ff6f8d20d81+5e7101]
	chromedriver!GetHandleVerifier [0x7ff6f8d1b0ea+5e146a]
	chromedriver!GetHandleVerifier [0x7ff6f8d40a15+606d95]
	chromedriver!GetHandleVerifier [0x7ff6f876ca1e+32d9e]
	chromedriver!GetHandleVerifier [0x7ff6f877520c+3b58c]
	chromedriver!GetHandleVerifier [0x7ff6f87592b4+1f634]
	chromedriver!GetHandleVerifier [0x7ff6f8759444+1f7c4]
	chromedriver!GetHandleVerifier [0x7ff6f873bf67+22e7]
	KERNEL32!BaseThreadInitThunk [0x7ff86f0ee957+17]
	ntdll!RtlUserThreadStart [0x7ff86f68ad6c+2c]

[2026-07-23 01:08:42] [!] Check error: Message: no such window: target window already closed
from unknown error: web view not found
  (Session info: chrome=150.0.7871.130)
Stacktrace:
	chromedriver!GetHandleVerifier [0x7ff6f8cf3ff5+5ba375]
	chromedriver!GetHandleVerifier [0x7ff6f874f0a0+15420]
	chromedriver!(No symbol) [0x7ff6f8285b8d]
	chromedriver!(No symbol) [0x7ff6f825c9e2]
	chromedriver!(No symbol) [0x7ff6f8310d36]
	chromedriver!(No symbol) [0x7ff6f832e172]
	chromedriver!(No symbol) [0x7ff6f82d30cc]
	chromedriver!(No symbol) [0x7ff6f82d3fe3]
	chromedriver!GetHandleVerifier [0x7ff6f8d20d81+5e7101]
	chromedriver!GetHandleVerifier [0x7ff6f8d1b0ea+5e146a]
	chromedriver!GetHandleVerifier [0x7ff6f8d40a15+606d95]
	chromedriver!GetHandleVerifier [0x7ff6f876ca1e+32d9e]
	chromedriver!GetHandleVerifier [0x7ff6f877520c+3b58c]
	chromedriver!GetHandleVerifier [0x7ff6f87592b4+1f634]
	chromedriver!GetHandleVerifier [0x7ff6f8759444+1f7c4]
	chromedriver!GetHandleVerifier [0x7ff6f873bf67+22e7]
	KERNEL32!BaseThreadInitThunk [0x7ff86f0ee957+17]
	ntdll!RtlUserThreadStart [0x7ff86f68ad6c+2c]

[2026-07-23 01:08:44] [!] Check error: Message: no such window: target window already closed
from unknown error: web view not found
  (Session info: chrome=150.0.7871.130)
Stacktrace:
	chromedriver!GetHandleVerifier [0x7ff6f8cf3ff5+5ba375]
	chromedriver!GetHandleVerifier [0x7ff6f874f0a0+15420]
	chromedriver!(No symbol) [0x7ff6f8285b8d]
	chromedriver!(No symbol) [0x7ff6f825c9e2]
	chromedriver!(No symbol) [0x7ff6f8310d36]
	chromedriver!(No symbol) [0x7ff6f832e172]
	chromedriver!(No symbol) [0x7ff6f82d30cc]
	chromedriver!(No symbol) [0x7ff6f82d3fe3]
	chromedriver!GetHandleVerifier [0x7ff6f8d20d81+5e7101]
	chromedriver!GetHandleVerifier [0x7ff6f8d1b0ea+5e146a]
	chromedriver!GetHandleVerifier [0x7ff6f8d40a15+606d95]
	chromedriver!GetHandleVerifier [0x7ff6f876ca1e+32d9e]
	chromedriver!GetHandleVerifier [0x7ff6f877520c+3b58c]
	chromedriver!GetHandleVerifier [0x7ff6f87592b4+1f634]
	chromedriver!GetHandleVerifier [0x7ff6f8759444+1f7c4]
	chromedriver!GetHandleVerifier [0x7ff6f873bf67+22e7]
	KERNEL32!BaseThreadInitThunk [0x7ff86f0ee957+17]
	ntdll!RtlUserThreadStart [0x7ff86f68ad6c+2c]

[2026-07-23 01:08:46] [!] Check error: Message: no such window: target window already closed
from unknown error: web view not found
  (Session info: chrome=150.0.7871.130)
Stacktrace:
	chromedriver!GetHandleVerifier [0x7ff6f8cf3ff5+5ba375]
	chromedriver!GetHandleVerifier [0x7ff6f874f0a0+15420]
	chromedriver!(No symbol) [0x7ff6f8285b8d]
	chromedriver!(No symbol) [0x7ff6f825c9e2]
	chromedriver!(No symbol) [0x7ff6f8310d36]
	chromedriver!(No symbol) [0x7ff6f832e172]
	chromedriver!(No symbol) [0x7ff6f82d30cc]
	chromedriver!(No symbol) [0x7ff6f82d3fe3]
	chromedriver!GetHandleVerifier [0x7ff6f8d20d81+5e7101]
	chromedriver!GetHandleVerifier [0x7ff6f8d1b0ea+5e146a]
	chromedriver!GetHandleVerifier [0x7ff6f8d40a15+606d95]
	chromedriver!GetHandleVerifier [0x7ff6f876ca1e+32d9e]
	chromedriver!GetHandleVerifier [0x7ff6f877520c+3b58c]
	chromedriver!GetHandleVerifier [0x7ff6f87592b4+1f634]
	chromedriver!GetHandleVerifier [0x7ff6f8759444+1f7c4]
	chromedriver!GetHandleVerifier [0x7ff6f873bf67+22e7]
	KERNEL32!BaseThreadInitThunk [0x7ff86f0ee957+17]
	ntdll!RtlUserThreadStart [0x7ff86f68ad6c+2c]

[2026-07-23 01:08:48] [!] Check error: Message: no such window: target window already closed
from unknown error: web view not found
  (Session info: chrome=150.0.7871.130)
Stacktrace:
	chromedriver!GetHandleVerifier [0x7ff6f8cf3ff5+5ba375]
	chromedriver!GetHandleVerifier [0x7ff6f874f0a0+15420]
	chromedriver!(No symbol) [0x7ff6f8285b8d]
	chromedriver!(No symbol) [0x7ff6f825c9e2]
	chromedriver!(No symbol) [0x7ff6f8310d36]
	chromedriver!(No symbol) [0x7ff6f832e172]
	chromedriver!(No symbol) [0x7ff6f82d30cc]
	chromedriver!(No symbol) [0x7ff6f82d3fe3]
	chromedriver!GetHandleVerifier [0x7ff6f8d20d81+5e7101]
	chromedriver!GetHandleVerifier [0x7ff6f8d1b0ea+5e146a]
	chromedriver!GetHandleVerifier [0x7ff6f8d40a15+606d95]
	chromedriver!GetHandleVerifier [0x7ff6f876ca1e+32d9e]
	chromedriver!GetHandleVerifier [0x7ff6f877520c+3b58c]
	chromedriver!GetHandleVerifier [0x7ff6f87592b4+1f634]
	chromedriver!GetHandleVerifier [0x7ff6f8759444+1f7c4]
	chromedriver!GetHandleVerifier [0x7ff6f873bf67+22e7]
	KERNEL32!BaseThreadInitThunk [0x7ff86f0ee957+17]
	ntdll!RtlUserThreadStart [0x7ff86f68ad6c+2c]

[2026-07-23 01:08:50] [!] Check error: Message: no such window: target window already closed
from unknown error: web view not found
  (Session info: chrome=150.0.7871.130)
Stacktrace:
	chromedriver!GetHandleVerifier [0x7ff6f8cf3ff5+5ba375]
	chromedriver!GetHandleVerifier [0x7ff6f874f0a0+15420]
	chromedriver!(No symbol) [0x7ff6f8285b8d]
	chromedriver!(No symbol) [0x7ff6f825c9e2]
	chromedriver!(No symbol) [0x7ff6f8310d36]
	chromedriver!(No symbol) [0x7ff6f832e172]
	chromedriver!(No symbol) [0x7ff6f82d30cc]
	chromedriver!(No symbol) [0x7ff6f82d3fe3]
	chromedriver!GetHandleVerifier [0x7ff6f8d20d81+5e7101]
	chromedriver!GetHandleVerifier [0x7ff6f8d1b0ea+5e146a]
	chromedriver!GetHandleVerifier [0x7ff6f8d40a15+606d95]
	chromedriver!GetHandleVerifier [0x7ff6f876ca1e+32d9e]
	chromedriver!GetHandleVerifier [0x7ff6f877520c+3b58c]
	chromedriver!GetHandleVerifier [0x7ff6f87592b4+1f634]
	chromedriver!GetHandleVerifier [0x7ff6f8759444+1f7c4]
	chromedriver!GetHandleVerifier [0x7ff6f873bf67+22e7]
	KERNEL32!BaseThreadInitThunk [0x7ff86f0ee957+17]
	ntdll!RtlUserThreadStart [0x7ff86f68ad6c+2c]

[2026-07-23 01:08:52] [!] Check error: Message: no such window: target window already closed
from unknown error: web view not found
  (Session info: chrome=150.0.7871.130)
Stacktrace:
	chromedriver!GetHandleVerifier [0x7ff6f8cf3ff5+5ba375]
	chromedriver!GetHandleVerifier [0x7ff6f874f0a0+15420]
	chromedriver!(No symbol) [0x7ff6f8285b8d]
	chromedriver!(No symbol) [0x7ff6f825c9e2]
	chromedriver!(No symbol) [0x7ff6f8310d36]
	chromedriver!(No symbol) [0x7ff6f832e172]
	chromedriver!(No symbol) [0x7ff6f82d30cc]
	chromedriver!(No symbol) [0x7ff6f82d3fe3]
	chromedriver!GetHandleVerifier [0x7ff6f8d20d81+5e7101]
	chromedriver!GetHandleVerifier [0x7ff6f8d1b0ea+5e146a]
	chromedriver!GetHandleVerifier [0x7ff6f8d40a15+606d95]
	chromedriver!GetHandleVerifier [0x7ff6f876ca1e+32d9e]
	chromedriver!GetHandleVerifier [0x7ff6f877520c+3b58c]
	chromedriver!GetHandleVerifier [0x7ff6f87592b4+1f634]
	chromedriver!GetHandleVerifier [0x7ff6f8759444+1f7c4]
	chromedriver!GetHandleVerifier [0x7ff6f873bf67+22e7]
	KERNEL32!BaseThreadInitThunk [0x7ff86f0ee957+17]
	ntdll!RtlUserThreadStart [0x7ff86f68ad6c+2c]

[2026-07-23 01:08:54] [!] Check error: Message: no such window: target window already closed
from unknown error: web view not found
  (Session info: chrome=150.0.7871.130)
Stacktrace:
	chromedriver!GetHandleVerifier [0x7ff6f8cf3ff5+5ba375]
	chromedriver!GetHandleVerifier [0x7ff6f874f0a0+15420]
	chromedriver!(No symbol) [0x7ff6f8285b8d]
	chromedriver!(No symbol) [0x7ff6f825c9e2]
	chromedriver!(No symbol) [0x7ff6f8310d36]
	chromedriver!(No symbol) [0x7ff6f832e172]
	chromedriver!(No symbol) [0x7ff6f82d30cc]
	chromedriver!(No symbol) [0x7ff6f82d3fe3]
	chromedriver!GetHandleVerifier [0x7ff6f8d20d81+5e7101]
	chromedriver!GetHandleVerifier [0x7ff6f8d1b0ea+5e146a]
	chromedriver!GetHandleVerifier [0x7ff6f8d40a15+606d95]
	chromedriver!GetHandleVerifier [0x7ff6f876ca1e+32d9e]
	chromedriver!GetHandleVerifier [0x7ff6f877520c+3b58c]
	chromedriver!GetHandleVerifier [0x7ff6f87592b4+1f634]
	chromedriver!GetHandleVerifier [0x7ff6f8759444+1f7c4]
	chromedriver!GetHandleVerifier [0x7ff6f873bf67+22e7]
	KERNEL32!BaseThreadInitThunk [0x7ff86f0ee957+17]
	ntdll!RtlUserThreadStart [0x7ff86f68ad6c+2c]

[2026-07-23 01:08:56] [!] Check error: Message: no such window: target window already closed
from unknown error: web view not found
  (Session info: chrome=150.0.7871.130)
Stacktrace:
	chromedriver!GetHandleVerifier [0x7ff6f8cf3ff5+5ba375]
	chromedriver!GetHandleVerifier [0x7ff6f874f0a0+15420]
	chromedriver!(No symbol) [0x7ff6f8285b8d]
	chromedriver!(No symbol) [0x7ff6f825c9e2]
	chromedriver!(No symbol) [0x7ff6f8310d36]
	chromedriver!(No symbol) [0x7ff6f832e172]
	chromedriver!(No symbol) [0x7ff6f82d30cc]
	chromedriver!(No symbol) [0x7ff6f82d3fe3]
	chromedriver!GetHandleVerifier [0x7ff6f8d20d81+5e7101]
	chromedriver!GetHandleVerifier [0x7ff6f8d1b0ea+5e146a]
	chromedriver!GetHandleVerifier [0x7ff6f8d40a15+606d95]
	chromedriver!GetHandleVerifier [0x7ff6f876ca1e+32d9e]
	chromedriver!GetHandleVerifier [0x7ff6f877520c+3b58c]
	chromedriver!GetHandleVerifier [0x7ff6f87592b4+1f634]
	chromedriver!GetHandleVerifier [0x7ff6f8759444+1f7c4]
	chromedriver!GetHandleVerifier [0x7ff6f873bf67+22e7]
	KERNEL32!BaseThreadInitThunk [0x7ff86f0ee957+17]
	ntdll!RtlUserThreadStart [0x7ff86f68ad6c+2c]

[2026-07-23 01:08:58] [!] Check error: Message: no such window: target window already closed
from unknown error: web view not found
  (Session info: chrome=150.0.7871.130)
Stacktrace:
	chromedriver!GetHandleVerifier [0x7ff6f8cf3ff5+5ba375]
	chromedriver!GetHandleVerifier [0x7ff6f874f0a0+15420]
	chromedriver!(No symbol) [0x7ff6f8285b8d]
	chromedriver!(No symbol) [0x7ff6f825c9e2]
	chromedriver!(No symbol) [0x7ff6f8310d36]
	chromedriver!(No symbol) [0x7ff6f832e172]
	chromedriver!(No symbol) [0x7ff6f82d30cc]
	chromedriver!(No symbol) [0x7ff6f82d3fe3]
	chromedriver!GetHandleVerifier [0x7ff6f8d20d81+5e7101]
	chromedriver!GetHandleVerifier [0x7ff6f8d1b0ea+5e146a]
	chromedriver!GetHandleVerifier [0x7ff6f8d40a15+606d95]
	chromedriver!GetHandleVerifier [0x7ff6f876ca1e+32d9e]
	chromedriver!GetHandleVerifier [0x7ff6f877520c+3b58c]
	chromedriver!GetHandleVerifier [0x7ff6f87592b4+1f634]
	chromedriver!GetHandleVerifier [0x7ff6f8759444+1f7c4]
	chromedriver!GetHandleVerifier [0x7ff6f873bf67+22e7]
	KERNEL32!BaseThreadInitThunk [0x7ff86f0ee957+17]
	ntdll!RtlUserThreadStart [0x7ff86f68ad6c+2c]

[2026-07-23 01:09:00] [!] Check error: Message: no such window: target window already closed
from unknown error: web view not found
  (Session info: chrome=150.0.7871.130)
Stacktrace:
	chromedriver!GetHandleVerifier [0x7ff6f8cf3ff5+5ba375]
	chromedriver!GetHandleVerifier [0x7ff6f874f0a0+15420]
	chromedriver!(No symbol) [0x7ff6f8285b8d]
	chromedriver!(No symbol) [0x7ff6f825c9e2]
	chromedriver!(No symbol) [0x7ff6f8310d36]
	chromedriver!(No symbol) [0x7ff6f832e172]
	chromedriver!(No symbol) [0x7ff6f82d30cc]
	chromedriver!(No symbol) [0x7ff6f82d3fe3]
	chromedriver!GetHandleVerifier [0x7ff6f8d20d81+5e7101]
	chromedriver!GetHandleVerifier [0x7ff6f8d1b0ea+5e146a]
	chromedriver!GetHandleVerifier [0x7ff6f8d40a15+606d95]
	chromedriver!GetHandleVerifier [0x7ff6f876ca1e+32d9e]
	chromedriver!GetHandleVerifier [0x7ff6f877520c+3b58c]
	chromedriver!GetHandleVerifier [0x7ff6f87592b4+1f634]
	chromedriver!GetHandleVerifier [0x7ff6f8759444+1f7c4]
	chromedriver!GetHandleVerifier [0x7ff6f873bf67+22e7]
	KERNEL32!BaseThreadInitThunk [0x7ff86f0ee957+17]
	ntdll!RtlUserThreadStart [0x7ff86f68ad6c+2c]

[2026-07-23 01:09:02] [!] Check error: Message: no such window: target window already closed
from unknown error: web view not found
  (Session info: chrome=150.0.7871.130)
Stacktrace:
	chromedriver!GetHandleVerifier [0x7ff6f8cf3ff5+5ba375]
	chromedriver!GetHandleVerifier [0x7ff6f874f0a0+15420]
	chromedriver!(No symbol) [0x7ff6f8285b8d]
	chromedriver!(No symbol) [0x7ff6f825c9e2]
	chromedriver!(No symbol) [0x7ff6f8310d36]
	chromedriver!(No symbol) [0x7ff6f832e172]
	chromedriver!(No symbol) [0x7ff6f82d30cc]
	chromedriver!(No symbol) [0x7ff6f82d3fe3]
	chromedriver!GetHandleVerifier [0x7ff6f8d20d81+5e7101]
	chromedriver!GetHandleVerifier [0x7ff6f8d1b0ea+5e146a]
	chromedriver!GetHandleVerifier [0x7ff6f8d40a15+606d95]
	chromedriver!GetHandleVerifier [0x7ff6f876ca1e+32d9e]
	chromedriver!GetHandleVerifier [0x7ff6f877520c+3b58c]
	chromedriver!GetHandleVerifier [0x7ff6f87592b4+1f634]
	chromedriver!GetHandleVerifier [0x7ff6f8759444+1f7c4]
	chromedriver!GetHandleVerifier [0x7ff6f873bf67+22e7]
	KERNEL32!BaseThreadInitThunk [0x7ff86f0ee957+17]
	ntdll!RtlUserThreadStart [0x7ff86f68ad6c+2c]

[2026-07-23 01:09:04] [!] Check error: Message: no such window: target window already closed
from unknown error: web view not found
  (Session info: chrome=150.0.7871.130)
Stacktrace:
	chromedriver!GetHandleVerifier [0x7ff6f8cf3ff5+5ba375]
	chromedriver!GetHandleVerifier [0x7ff6f874f0a0+15420]
	chromedriver!(No symbol) [0x7ff6f8285b8d]
	chromedriver!(No symbol) [0x7ff6f825c9e2]
	chromedriver!(No symbol) [0x7ff6f8310d36]
	chromedriver!(No symbol) [0x7ff6f832e172]
	chromedriver!(No symbol) [0x7ff6f82d30cc]
	chromedriver!(No symbol) [0x7ff6f82d3fe3]
	chromedriver!GetHandleVerifier [0x7ff6f8d20d81+5e7101]
	chromedriver!GetHandleVerifier [0x7ff6f8d1b0ea+5e146a]
	chromedriver!GetHandleVerifier [0x7ff6f8d40a15+606d95]
	chromedriver!GetHandleVerifier [0x7ff6f876ca1e+32d9e]
	chromedriver!GetHandleVerifier [0x7ff6f877520c+3b58c]
	chromedriver!GetHandleVerifier [0x7ff6f87592b4+1f634]
	chromedriver!GetHandleVerifier [0x7ff6f8759444+1f7c4]
	chromedriver!GetHandleVerifier [0x7ff6f873bf67+22e7]
	KERNEL32!BaseThreadInitThunk [0x7ff86f0ee957+17]
	ntdll!RtlUserThreadStart [0x7ff86f68ad6c+2c]

[2026-07-23 01:09:06] [!] Check error: Message: no such window: target window already closed
from unknown error: web view not found
  (Session info: chrome=150.0.7871.130)
Stacktrace:
	chromedriver!GetHandleVerifier [0x7ff6f8cf3ff5+5ba375]
	chromedriver!GetHandleVerifier [0x7ff6f874f0a0+15420]
	chromedriver!(No symbol) [0x7ff6f8285b8d]
	chromedriver!(No symbol) [0x7ff6f825c9e2]
	chromedriver!(No symbol) [0x7ff6f8310d36]
	chromedriver!(No symbol) [0x7ff6f832e172]
	chromedriver!(No symbol) [0x7ff6f82d30cc]
	chromedriver!(No symbol) [0x7ff6f82d3fe3]
	chromedriver!GetHandleVerifier [0x7ff6f8d20d81+5e7101]
	chromedriver!GetHandleVerifier [0x7ff6f8d1b0ea+5e146a]
	chromedriver!GetHandleVerifier [0x7ff6f8d40a15+606d95]
	chromedriver!GetHandleVerifier [0x7ff6f876ca1e+32d9e]
	chromedriver!GetHandleVerifier [0x7ff6f877520c+3b58c]
	chromedriver!GetHandleVerifier [0x7ff6f87592b4+1f634]
	chromedriver!GetHandleVerifier [0x7ff6f8759444+1f7c4]
	chromedriver!GetHandleVerifier [0x7ff6f873bf67+22e7]
	KERNEL32!BaseThreadInitThunk [0x7ff86f0ee957+17]
	ntdll!RtlUserThreadStart [0x7ff86f68ad6c+2c]

[2026-07-23 01:09:08] [!] Check error: Message: no such window: target window already closed
from unknown error: web view not found
  (Session info: chrome=150.0.7871.130)
Stacktrace:
	chromedriver!GetHandleVerifier [0x7ff6f8cf3ff5+5ba375]
	chromedriver!GetHandleVerifier [0x7ff6f874f0a0+15420]
	chromedriver!(No symbol) [0x7ff6f8285b8d]
	chromedriver!(No symbol) [0x7ff6f825c9e2]
	chromedriver!(No symbol) [0x7ff6f8310d36]
	chromedriver!(No symbol) [0x7ff6f832e172]
	chromedriver!(No symbol) [0x7ff6f82d30cc]
	chromedriver!(No symbol) [0x7ff6f82d3fe3]
	chromedriver!GetHandleVerifier [0x7ff6f8d20d81+5e7101]
	chromedriver!GetHandleVerifier [0x7ff6f8d1b0ea+5e146a]
	chromedriver!GetHandleVerifier [0x7ff6f8d40a15+606d95]
	chromedriver!GetHandleVerifier [0x7ff6f876ca1e+32d9e]
	chromedriver!GetHandleVerifier [0x7ff6f877520c+3b58c]
	chromedriver!GetHandleVerifier [0x7ff6f87592b4+1f634]
	chromedriver!GetHandleVerifier [0x7ff6f8759444+1f7c4]
	chromedriver!GetHandleVerifier [0x7ff6f873bf67+22e7]
	KERNEL32!BaseThreadInitThunk [0x7ff86f0ee957+17]
	ntdll!RtlUserThreadStart [0x7ff86f68ad6c+2c]

[2026-07-23 01:09:10] [!] Check error: Message: no such window: target window already closed
from unknown error: web view not found
  (Session info: chrome=150.0.7871.130)
Stacktrace:
	chromedriver!GetHandleVerifier [0x7ff6f8cf3ff5+5ba375]
	chromedriver!GetHandleVerifier [0x7ff6f874f0a0+15420]
	chromedriver!(No symbol) [0x7ff6f8285b8d]
	chromedriver!(No symbol) [0x7ff6f825c9e2]
	chromedriver!(No symbol) [0x7ff6f8310d36]
	chromedriver!(No symbol) [0x7ff6f832e172]
	chromedriver!(No symbol) [0x7ff6f82d30cc]
	chromedriver!(No symbol) [0x7ff6f82d3fe3]
	chromedriver!GetHandleVerifier [0x7ff6f8d20d81+5e7101]
	chromedriver!GetHandleVerifier [0x7ff6f8d1b0ea+5e146a]
	chromedriver!GetHandleVerifier [0x7ff6f8d40a15+606d95]
	chromedriver!GetHandleVerifier [0x7ff6f876ca1e+32d9e]
	chromedriver!GetHandleVerifier [0x7ff6f877520c+3b58c]
	chromedriver!GetHandleVerifier [0x7ff6f87592b4+1f634]
	chromedriver!GetHandleVerifier [0x7ff6f8759444+1f7c4]
	chromedriver!GetHandleVerifier [0x7ff6f873bf67+22e7]
	KERNEL32!BaseThreadInitThunk [0x7ff86f0ee957+17]
	ntdll!RtlUserThreadStart [0x7ff86f68ad6c+2c]

[2026-07-23 01:09:12] [!] Check error: Message: no such window: target window already closed
from unknown error: web view not found
  (Session info: chrome=150.0.7871.130)
Stacktrace:
	chromedriver!GetHandleVerifier [0x7ff6f8cf3ff5+5ba375]
	chromedriver!GetHandleVerifier [0x7ff6f874f0a0+15420]
	chromedriver!(No symbol) [0x7ff6f8285b8d]
	chromedriver!(No symbol) [0x7ff6f825c9e2]
	chromedriver!(No symbol) [0x7ff6f8310d36]
	chromedriver!(No symbol) [0x7ff6f832e172]
	chromedriver!(No symbol) [0x7ff6f82d30cc]
	chromedriver!(No symbol) [0x7ff6f82d3fe3]
	chromedriver!GetHandleVerifier [0x7ff6f8d20d81+5e7101]
	chromedriver!GetHandleVerifier [0x7ff6f8d1b0ea+5e146a]
	chromedriver!GetHandleVerifier [0x7ff6f8d40a15+606d95]
	chromedriver!GetHandleVerifier [0x7ff6f876ca1e+32d9e]
	chromedriver!GetHandleVerifier [0x7ff6f877520c+3b58c]
	chromedriver!GetHandleVerifier [0x7ff6f87592b4+1f634]
	chromedriver!GetHandleVerifier [0x7ff6f8759444+1f7c4]
	chromedriver!GetHandleVerifier [0x7ff6f873bf67+22e7]
	KERNEL32!BaseThreadInitThunk [0x7ff86f0ee957+17]
	ntdll!RtlUserThreadStart [0x7ff86f68ad6c+2c]

[2026-07-23 01:09:14] [!] Check error: Message: no such window: target window already closed
from unknown error: web view not found
  (Session info: chrome=150.0.7871.130)
Stacktrace:
	chromedriver!GetHandleVerifier [0x7ff6f8cf3ff5+5ba375]
	chromedriver!GetHandleVerifier [0x7ff6f874f0a0+15420]
	chromedriver!(No symbol) [0x7ff6f8285b8d]
	chromedriver!(No symbol) [0x7ff6f825c9e2]
	chromedriver!(No symbol) [0x7ff6f8310d36]
	chromedriver!(No symbol) [0x7ff6f832e172]
	chromedriver!(No symbol) [0x7ff6f82d30cc]
	chromedriver!(No symbol) [0x7ff6f82d3fe3]
	chromedriver!GetHandleVerifier [0x7ff6f8d20d81+5e7101]
	chromedriver!GetHandleVerifier [0x7ff6f8d1b0ea+5e146a]
	chromedriver!GetHandleVerifier [0x7ff6f8d40a15+606d95]
	chromedriver!GetHandleVerifier [0x7ff6f876ca1e+32d9e]
	chromedriver!GetHandleVerifier [0x7ff6f877520c+3b58c]
	chromedriver!GetHandleVerifier [0x7ff6f87592b4+1f634]
	chromedriver!GetHandleVerifier [0x7ff6f8759444+1f7c4]
	chromedriver!GetHandleVerifier [0x7ff6f873bf67+22e7]
	KERNEL32!BaseThreadInitThunk [0x7ff86f0ee957+17]
	ntdll!RtlUserThreadStart [0x7ff86f68ad6c+2c]

[2026-07-23 01:09:16] [!] Check error: Message: no such window: target window already closed
from unknown error: web view not found
  (Session info: chrome=150.0.7871.130)
Stacktrace:
	chromedriver!GetHandleVerifier [0x7ff6f8cf3ff5+5ba375]
	chromedriver!GetHandleVerifier [0x7ff6f874f0a0+15420]
	chromedriver!(No symbol) [0x7ff6f8285b8d]
	chromedriver!(No symbol) [0x7ff6f825c9e2]
	chromedriver!(No symbol) [0x7ff6f8310d36]
	chromedriver!(No symbol) [0x7ff6f832e172]
	chromedriver!(No symbol) [0x7ff6f82d30cc]
	chromedriver!(No symbol) [0x7ff6f82d3fe3]
	chromedriver!GetHandleVerifier [0x7ff6f8d20d81+5e7101]
	chromedriver!GetHandleVerifier [0x7ff6f8d1b0ea+5e146a]
	chromedriver!GetHandleVerifier [0x7ff6f8d40a15+606d95]
	chromedriver!GetHandleVerifier [0x7ff6f876ca1e+32d9e]
	chromedriver!GetHandleVerifier [0x7ff6f877520c+3b58c]
	chromedriver!GetHandleVerifier [0x7ff6f87592b4+1f634]
	chromedriver!GetHandleVerifier [0x7ff6f8759444+1f7c4]
	chromedriver!GetHandleVerifier [0x7ff6f873bf67+22e7]
	KERNEL32!BaseThreadInitThunk [0x7ff86f0ee957+17]
	ntdll!RtlUserThreadStart [0x7ff86f68ad6c+2c]

[2026-07-23 01:09:18] [!] Check error: Message: no such window: target window already closed
from unknown error: web view not found
  (Session info: chrome=150.0.7871.130)
Stacktrace:
	chromedriver!GetHandleVerifier [0x7ff6f8cf3ff5+5ba375]
	chromedriver!GetHandleVerifier [0x7ff6f874f0a0+15420]
	chromedriver!(No symbol) [0x7ff6f8285b8d]
	chromedriver!(No symbol) [0x7ff6f825c9e2]
	chromedriver!(No symbol) [0x7ff6f8310d36]
	chromedriver!(No symbol) [0x7ff6f832e172]
	chromedriver!(No symbol) [0x7ff6f82d30cc]
	chromedriver!(No symbol) [0x7ff6f82d3fe3]
	chromedriver!GetHandleVerifier [0x7ff6f8d20d81+5e7101]
	chromedriver!GetHandleVerifier [0x7ff6f8d1b0ea+5e146a]
	chromedriver!GetHandleVerifier [0x7ff6f8d40a15+606d95]
	chromedriver!GetHandleVerifier [0x7ff6f876ca1e+32d9e]
	chromedriver!GetHandleVerifier [0x7ff6f877520c+3b58c]
	chromedriver!GetHandleVerifier [0x7ff6f87592b4+1f634]
	chromedriver!GetHandleVerifier [0x7ff6f8759444+1f7c4]
	chromedriver!GetHandleVerifier [0x7ff6f873bf67+22e7]
	KERNEL32!BaseThreadInitThunk [0x7ff86f0ee957+17]
	ntdll!RtlUserThreadStart [0x7ff86f68ad6c+2c]

[2026-07-23 01:09:20] [!] Check error: Message: no such window: target window already closed
from unknown error: web view not found
  (Session info: chrome=150.0.7871.130)
Stacktrace:
	chromedriver!GetHandleVerifier [0x7ff6f8cf3ff5+5ba375]
	chromedriver!GetHandleVerifier [0x7ff6f874f0a0+15420]
	chromedriver!(No symbol) [0x7ff6f8285b8d]
	chromedriver!(No symbol) [0x7ff6f825c9e2]
	chromedriver!(No symbol) [0x7ff6f8310d36]
	chromedriver!(No symbol) [0x7ff6f832e172]
	chromedriver!(No symbol) [0x7ff6f82d30cc]
	chromedriver!(No symbol) [0x7ff6f82d3fe3]
	chromedriver!GetHandleVerifier [0x7ff6f8d20d81+5e7101]
	chromedriver!GetHandleVerifier [0x7ff6f8d1b0ea+5e146a]
	chromedriver!GetHandleVerifier [0x7ff6f8d40a15+606d95]
	chromedriver!GetHandleVerifier [0x7ff6f876ca1e+32d9e]
	chromedriver!GetHandleVerifier [0x7ff6f877520c+3b58c]
	chromedriver!GetHandleVerifier [0x7ff6f87592b4+1f634]
	chromedriver!GetHandleVerifier [0x7ff6f8759444+1f7c4]
	chromedriver!GetHandleVerifier [0x7ff6f873bf67+22e7]
	KERNEL32!BaseThreadInitThunk [0x7ff86f0ee957+17]
	ntdll!RtlUserThreadStart [0x7ff86f68ad6c+2c]

[2026-07-23 01:09:22] [!] Check error: Message: no such window: target window already closed
from unknown error: web view not found
  (Session info: chrome=150.0.7871.130)
Stacktrace:
	chromedriver!GetHandleVerifier [0x7ff6f8cf3ff5+5ba375]
	chromedriver!GetHandleVerifier [0x7ff6f874f0a0+15420]
	chromedriver!(No symbol) [0x7ff6f8285b8d]
	chromedriver!(No symbol) [0x7ff6f825c9e2]
	chromedriver!(No symbol) [0x7ff6f8310d36]
	chromedriver!(No symbol) [0x7ff6f832e172]
	chromedriver!(No symbol) [0x7ff6f82d30cc]
	chromedriver!(No symbol) [0x7ff6f82d3fe3]
	chromedriver!GetHandleVerifier [0x7ff6f8d20d81+5e7101]
	chromedriver!GetHandleVerifier [0x7ff6f8d1b0ea+5e146a]
	chromedriver!GetHandleVerifier [0x7ff6f8d40a15+606d95]
	chromedriver!GetHandleVerifier [0x7ff6f876ca1e+32d9e]
	chromedriver!GetHandleVerifier [0x7ff6f877520c+3b58c]
	chromedriver!GetHandleVerifier [0x7ff6f87592b4+1f634]
	chromedriver!GetHandleVerifier [0x7ff6f8759444+1f7c4]
	chromedriver!GetHandleVerifier [0x7ff6f873bf67+22e7]
	KERNEL32!BaseThreadInitThunk [0x7ff86f0ee957+17]
	ntdll!RtlUserThreadStart [0x7ff86f68ad6c+2c]

[2026-07-23 01:09:24] [!] Check error: Message: no such window: target window already closed
from unknown error: web view not found
  (Session info: chrome=150.0.7871.130)
Stacktrace:
	chromedriver!GetHandleVerifier [0x7ff6f8cf3ff5+5ba375]
	chromedriver!GetHandleVerifier [0x7ff6f874f0a0+15420]
	chromedriver!(No symbol) [0x7ff6f8285b8d]
	chromedriver!(No symbol) [0x7ff6f825c9e2]
	chromedriver!(No symbol) [0x7ff6f8310d36]
	chromedriver!(No symbol) [0x7ff6f832e172]
	chromedriver!(No symbol) [0x7ff6f82d30cc]
	chromedriver!(No symbol) [0x7ff6f82d3fe3]
	chromedriver!GetHandleVerifier [0x7ff6f8d20d81+5e7101]
	chromedriver!GetHandleVerifier [0x7ff6f8d1b0ea+5e146a]
	chromedriver!GetHandleVerifier [0x7ff6f8d40a15+606d95]
	chromedriver!GetHandleVerifier [0x7ff6f876ca1e+32d9e]
	chromedriver!GetHandleVerifier [0x7ff6f877520c+3b58c]
	chromedriver!GetHandleVerifier [0x7ff6f87592b4+1f634]
	chromedriver!GetHandleVerifier [0x7ff6f8759444+1f7c4]
	chromedriver!GetHandleVerifier [0x7ff6f873bf67+22e7]
	KERNEL32!BaseThreadInitThunk [0x7ff86f0ee957+17]
	ntdll!RtlUserThreadStart [0x7ff86f68ad6c+2c]

[2026-07-23 01:09:26] [!] Check error: Message: no such window: target window already closed
from unknown error: web view not found
  (Session info: chrome=150.0.7871.130)
Stacktrace:
	chromedriver!GetHandleVerifier [0x7ff6f8cf3ff5+5ba375]
	chromedriver!GetHandleVerifier [0x7ff6f874f0a0+15420]
	chromedriver!(No symbol) [0x7ff6f8285b8d]
	chromedriver!(No symbol) [0x7ff6f825c9e2]
	chromedriver!(No symbol) [0x7ff6f8310d36]
	chromedriver!(No symbol) [0x7ff6f832e172]
	chromedriver!(No symbol) [0x7ff6f82d30cc]
	chromedriver!(No symbol) [0x7ff6f82d3fe3]
	chromedriver!GetHandleVerifier [0x7ff6f8d20d81+5e7101]
	chromedriver!GetHandleVerifier [0x7ff6f8d1b0ea+5e146a]
	chromedriver!GetHandleVerifier [0x7ff6f8d40a15+606d95]
	chromedriver!GetHandleVerifier [0x7ff6f876ca1e+32d9e]
	chromedriver!GetHandleVerifier [0x7ff6f877520c+3b58c]
	chromedriver!GetHandleVerifier [0x7ff6f87592b4+1f634]
	chromedriver!GetHandleVerifier [0x7ff6f8759444+1f7c4]
	chromedriver!GetHandleVerifier [0x7ff6f873bf67+22e7]
	KERNEL32!BaseThreadInitThunk [0x7ff86f0ee957+17]
	ntdll!RtlUserThreadStart [0x7ff86f68ad6c+2c]

[2026-07-23 01:09:28] [!] Check error: Message: no such window: target window already closed
from unknown error: web view not found
  (Session info: chrome=150.0.7871.130)
Stacktrace:
	chromedriver!GetHandleVerifier [0x7ff6f8cf3ff5+5ba375]
	chromedriver!GetHandleVerifier [0x7ff6f874f0a0+15420]
	chromedriver!(No symbol) [0x7ff6f8285b8d]
	chromedriver!(No symbol) [0x7ff6f825c9e2]
	chromedriver!(No symbol) [0x7ff6f8310d36]
	chromedriver!(No symbol) [0x7ff6f832e172]
	chromedriver!(No symbol) [0x7ff6f82d30cc]
	chromedriver!(No symbol) [0x7ff6f82d3fe3]
	chromedriver!GetHandleVerifier [0x7ff6f8d20d81+5e7101]
	chromedriver!GetHandleVerifier [0x7ff6f8d1b0ea+5e146a]
	chromedriver!GetHandleVerifier [0x7ff6f8d40a15+606d95]
	chromedriver!GetHandleVerifier [0x7ff6f876ca1e+32d9e]
	chromedriver!GetHandleVerifier [0x7ff6f877520c+3b58c]
	chromedriver!GetHandleVerifier [0x7ff6f87592b4+1f634]
	chromedriver!GetHandleVerifier [0x7ff6f8759444+1f7c4]
	chromedriver!GetHandleVerifier [0x7ff6f873bf67+22e7]
	KERNEL32!BaseThreadInitThunk [0x7ff86f0ee957+17]
	ntdll!RtlUserThreadStart [0x7ff86f68ad6c+2c]

[2026-07-23 01:09:30] [!] Check error: Message: no such window: target window already closed
from unknown error: web view not found
  (Session info: chrome=150.0.7871.130)
Stacktrace:
	chromedriver!GetHandleVerifier [0x7ff6f8cf3ff5+5ba375]
	chromedriver!GetHandleVerifier [0x7ff6f874f0a0+15420]
	chromedriver!(No symbol) [0x7ff6f8285b8d]
	chromedriver!(No symbol) [0x7ff6f825c9e2]
	chromedriver!(No symbol) [0x7ff6f8310d36]
	chromedriver!(No symbol) [0x7ff6f832e172]
	chromedriver!(No symbol) [0x7ff6f82d30cc]
	chromedriver!(No symbol) [0x7ff6f82d3fe3]
	chromedriver!GetHandleVerifier [0x7ff6f8d20d81+5e7101]
	chromedriver!GetHandleVerifier [0x7ff6f8d1b0ea+5e146a]
	chromedriver!GetHandleVerifier [0x7ff6f8d40a15+606d95]
	chromedriver!GetHandleVerifier [0x7ff6f876ca1e+32d9e]
	chromedriver!GetHandleVerifier [0x7ff6f877520c+3b58c]
	chromedriver!GetHandleVerifier [0x7ff6f87592b4+1f634]
	chromedriver!GetHandleVerifier [0x7ff6f8759444+1f7c4]
	chromedriver!GetHandleVerifier [0x7ff6f873bf67+22e7]
	KERNEL32!BaseThreadInitThunk [0x7ff86f0ee957+17]
	ntdll!RtlUserThreadStart [0x7ff86f68ad6c+2c]

[2026-07-23 01:09:32] [!] Check error: Message: no such window: target window already closed
from unknown error: web view not found
  (Session info: chrome=150.0.7871.130)
Stacktrace:
	chromedriver!GetHandleVerifier [0x7ff6f8cf3ff5+5ba375]
	chromedriver!GetHandleVerifier [0x7ff6f874f0a0+15420]
	chromedriver!(No symbol) [0x7ff6f8285b8d]
	chromedriver!(No symbol) [0x7ff6f825c9e2]
	chromedriver!(No symbol) [0x7ff6f8310d36]
	chromedriver!(No symbol) [0x7ff6f832e172]
	chromedriver!(No symbol) [0x7ff6f82d30cc]
	chromedriver!(No symbol) [0x7ff6f82d3fe3]
	chromedriver!GetHandleVerifier [0x7ff6f8d20d81+5e7101]
	chromedriver!GetHandleVerifier [0x7ff6f8d1b0ea+5e146a]
	chromedriver!GetHandleVerifier [0x7ff6f8d40a15+606d95]
	chromedriver!GetHandleVerifier [0x7ff6f876ca1e+32d9e]
	chromedriver!GetHandleVerifier [0x7ff6f877520c+3b58c]
	chromedriver!GetHandleVerifier [0x7ff6f87592b4+1f634]
	chromedriver!GetHandleVerifier [0x7ff6f8759444+1f7c4]
	chromedriver!GetHandleVerifier [0x7ff6f873bf67+22e7]
	KERNEL32!BaseThreadInitThunk [0x7ff86f0ee957+17]
	ntdll!RtlUserThreadStart [0x7ff86f68ad6c+2c]

[2026-07-23 01:09:34] [!] Check error: Message: no such window: target window already closed
from unknown error: web view not found
  (Session info: chrome=150.0.7871.130)
Stacktrace:
	chromedriver!GetHandleVerifier [0x7ff6f8cf3ff5+5ba375]
	chromedriver!GetHandleVerifier [0x7ff6f874f0a0+15420]
	chromedriver!(No symbol) [0x7ff6f8285b8d]
	chromedriver!(No symbol) [0x7ff6f825c9e2]
	chromedriver!(No symbol) [0x7ff6f8310d36]
	chromedriver!(No symbol) [0x7ff6f832e172]
	chromedriver!(No symbol) [0x7ff6f82d30cc]
	chromedriver!(No symbol) [0x7ff6f82d3fe3]
	chromedriver!GetHandleVerifier [0x7ff6f8d20d81+5e7101]
	chromedriver!GetHandleVerifier [0x7ff6f8d1b0ea+5e146a]
	chromedriver!GetHandleVerifier [0x7ff6f8d40a15+606d95]
	chromedriver!GetHandleVerifier [0x7ff6f876ca1e+32d9e]
	chromedriver!GetHandleVerifier [0x7ff6f877520c+3b58c]
	chromedriver!GetHandleVerifier [0x7ff6f87592b4+1f634]
	chromedriver!GetHandleVerifier [0x7ff6f8759444+1f7c4]
	chromedriver!GetHandleVerifier [0x7ff6f873bf67+22e7]
	KERNEL32!BaseThreadInitThunk [0x7ff86f0ee957+17]
	ntdll!RtlUserThreadStart [0x7ff86f68ad6c+2c]

[2026-07-23 01:09:36] [!] Check error: Message: no such window: target window already closed
from unknown error: web view not found
  (Session info: chrome=150.0.7871.130)
Stacktrace:
	chromedriver!GetHandleVerifier [0x7ff6f8cf3ff5+5ba375]
	chromedriver!GetHandleVerifier [0x7ff6f874f0a0+15420]
	chromedriver!(No symbol) [0x7ff6f8285b8d]
	chromedriver!(No symbol) [0x7ff6f825c9e2]
	chromedriver!(No symbol) [0x7ff6f8310d36]
	chromedriver!(No symbol) [0x7ff6f832e172]
	chromedriver!(No symbol) [0x7ff6f82d30cc]
	chromedriver!(No symbol) [0x7ff6f82d3fe3]
	chromedriver!GetHandleVerifier [0x7ff6f8d20d81+5e7101]
	chromedriver!GetHandleVerifier [0x7ff6f8d1b0ea+5e146a]
	chromedriver!GetHandleVerifier [0x7ff6f8d40a15+606d95]
	chromedriver!GetHandleVerifier [0x7ff6f876ca1e+32d9e]
	chromedriver!GetHandleVerifier [0x7ff6f877520c+3b58c]
	chromedriver!GetHandleVerifier [0x7ff6f87592b4+1f634]
	chromedriver!GetHandleVerifier [0x7ff6f8759444+1f7c4]
	chromedriver!GetHandleVerifier [0x7ff6f873bf67+22e7]
	KERNEL32!BaseThreadInitThunk [0x7ff86f0ee957+17]
	ntdll!RtlUserThreadStart [0x7ff86f68ad6c+2c]

[2026-07-23 01:09:38] [!] Check error: Message: no such window: target window already closed
from unknown error: web view not found
  (Session info: chrome=150.0.7871.130)
Stacktrace:
	chromedriver!GetHandleVerifier [0x7ff6f8cf3ff5+5ba375]
	chromedriver!GetHandleVerifier [0x7ff6f874f0a0+15420]
	chromedriver!(No symbol) [0x7ff6f8285b8d]
	chromedriver!(No symbol) [0x7ff6f825c9e2]
	chromedriver!(No symbol) [0x7ff6f8310d36]
	chromedriver!(No symbol) [0x7ff6f832e172]
	chromedriver!(No symbol) [0x7ff6f82d30cc]
	chromedriver!(No symbol) [0x7ff6f82d3fe3]
	chromedriver!GetHandleVerifier [0x7ff6f8d20d81+5e7101]
	chromedriver!GetHandleVerifier [0x7ff6f8d1b0ea+5e146a]
	chromedriver!GetHandleVerifier [0x7ff6f8d40a15+606d95]
	chromedriver!GetHandleVerifier [0x7ff6f876ca1e+32d9e]
	chromedriver!GetHandleVerifier [0x7ff6f877520c+3b58c]
	chromedriver!GetHandleVerifier [0x7ff6f87592b4+1f634]
	chromedriver!GetHandleVerifier [0x7ff6f8759444+1f7c4]
	chromedriver!GetHandleVerifier [0x7ff6f873bf67+22e7]
	KERNEL32!BaseThreadInitThunk [0x7ff86f0ee957+17]
	ntdll!RtlUserThreadStart [0x7ff86f68ad6c+2c]

[2026-07-23 01:09:40] [!] Check error: Message: no such window: target window already closed
from unknown error: web view not found
  (Session info: chrome=150.0.7871.130)
Stacktrace:
	chromedriver!GetHandleVerifier [0x7ff6f8cf3ff5+5ba375]
	chromedriver!GetHandleVerifier [0x7ff6f874f0a0+15420]
	chromedriver!(No symbol) [0x7ff6f8285b8d]
	chromedriver!(No symbol) [0x7ff6f825c9e2]
	chromedriver!(No symbol) [0x7ff6f8310d36]
	chromedriver!(No symbol) [0x7ff6f832e172]
	chromedriver!(No symbol) [0x7ff6f82d30cc]
	chromedriver!(No symbol) [0x7ff6f82d3fe3]
	chromedriver!GetHandleVerifier [0x7ff6f8d20d81+5e7101]
	chromedriver!GetHandleVerifier [0x7ff6f8d1b0ea+5e146a]
	chromedriver!GetHandleVerifier [0x7ff6f8d40a15+606d95]
	chromedriver!GetHandleVerifier [0x7ff6f876ca1e+32d9e]
	chromedriver!GetHandleVerifier [0x7ff6f877520c+3b58c]
	chromedriver!GetHandleVerifier [0x7ff6f87592b4+1f634]
	chromedriver!GetHandleVerifier [0x7ff6f8759444+1f7c4]
	chromedriver!GetHandleVerifier [0x7ff6f873bf67+22e7]
	KERNEL32!BaseThreadInitThunk [0x7ff86f0ee957+17]
	ntdll!RtlUserThreadStart [0x7ff86f68ad6c+2c]

[2026-07-23 01:09:42] [!] Check error: Message: no such window: target window already closed
from unknown error: web view not found
  (Session info: chrome=150.0.7871.130)
Stacktrace:
	chromedriver!GetHandleVerifier [0x7ff6f8cf3ff5+5ba375]
	chromedriver!GetHandleVerifier [0x7ff6f874f0a0+15420]
	chromedriver!(No symbol) [0x7ff6f8285b8d]
	chromedriver!(No symbol) [0x7ff6f825c9e2]
	chromedriver!(No symbol) [0x7ff6f8310d36]
	chromedriver!(No symbol) [0x7ff6f832e172]
	chromedriver!(No symbol) [0x7ff6f82d30cc]
	chromedriver!(No symbol) [0x7ff6f82d3fe3]
	chromedriver!GetHandleVerifier [0x7ff6f8d20d81+5e7101]
	chromedriver!GetHandleVerifier [0x7ff6f8d1b0ea+5e146a]
	chromedriver!GetHandleVerifier [0x7ff6f8d40a15+606d95]
	chromedriver!GetHandleVerifier [0x7ff6f876ca1e+32d9e]
	chromedriver!GetHandleVerifier [0x7ff6f877520c+3b58c]
	chromedriver!GetHandleVerifier [0x7ff6f87592b4+1f634]
	chromedriver!GetHandleVerifier [0x7ff6f8759444+1f7c4]
	chromedriver!GetHandleVerifier [0x7ff6f873bf67+22e7]
	KERNEL32!BaseThreadInitThunk [0x7ff86f0ee957+17]
	ntdll!RtlUserThreadStart [0x7ff86f68ad6c+2c]

[2026-07-23 01:09:44] [!] Check error: Message: no such window: target window already closed
from unknown error: web view not found
  (Session info: chrome=150.0.7871.130)
Stacktrace:
	chromedriver!GetHandleVerifier [0x7ff6f8cf3ff5+5ba375]
	chromedriver!GetHandleVerifier [0x7ff6f874f0a0+15420]
	chromedriver!(No symbol) [0x7ff6f8285b8d]
	chromedriver!(No symbol) [0x7ff6f825c9e2]
	chromedriver!(No symbol) [0x7ff6f8310d36]
	chromedriver!(No symbol) [0x7ff6f832e172]
	chromedriver!(No symbol) [0x7ff6f82d30cc]
	chromedriver!(No symbol) [0x7ff6f82d3fe3]
	chromedriver!GetHandleVerifier [0x7ff6f8d20d81+5e7101]
	chromedriver!GetHandleVerifier [0x7ff6f8d1b0ea+5e146a]
	chromedriver!GetHandleVerifier [0x7ff6f8d40a15+606d95]
	chromedriver!GetHandleVerifier [0x7ff6f876ca1e+32d9e]
	chromedriver!GetHandleVerifier [0x7ff6f877520c+3b58c]
	chromedriver!GetHandleVerifier [0x7ff6f87592b4+1f634]
	chromedriver!GetHandleVerifier [0x7ff6f8759444+1f7c4]
	chromedriver!GetHandleVerifier [0x7ff6f873bf67+22e7]
	KERNEL32!BaseThreadInitThunk [0x7ff86f0ee957+17]
	ntdll!RtlUserThreadStart [0x7ff86f68ad6c+2c]

[2026-07-23 01:09:46] [!] Check error: Message: no such window: target window already closed
from unknown error: web view not found
  (Session info: chrome=150.0.7871.130)
Stacktrace:
	chromedriver!GetHandleVerifier [0x7ff6f8cf3ff5+5ba375]
	chromedriver!GetHandleVerifier [0x7ff6f874f0a0+15420]
	chromedriver!(No symbol) [0x7ff6f8285b8d]
	chromedriver!(No symbol) [0x7ff6f825c9e2]
	chromedriver!(No symbol) [0x7ff6f8310d36]
	chromedriver!(No symbol) [0x7ff6f832e172]
	chromedriver!(No symbol) [0x7ff6f82d30cc]
	chromedriver!(No symbol) [0x7ff6f82d3fe3]
	chromedriver!GetHandleVerifier [0x7ff6f8d20d81+5e7101]
	chromedriver!GetHandleVerifier [0x7ff6f8d1b0ea+5e146a]
	chromedriver!GetHandleVerifier [0x7ff6f8d40a15+606d95]
	chromedriver!GetHandleVerifier [0x7ff6f876ca1e+32d9e]
	chromedriver!GetHandleVerifier [0x7ff6f877520c+3b58c]
	chromedriver!GetHandleVerifier [0x7ff6f87592b4+1f634]
	chromedriver!GetHandleVerifier [0x7ff6f8759444+1f7c4]
	chromedriver!GetHandleVerifier [0x7ff6f873bf67+22e7]
	KERNEL32!BaseThreadInitThunk [0x7ff86f0ee957+17]
	ntdll!RtlUserThreadStart [0x7ff86f68ad6c+2c]

[2026-07-23 01:09:48] [!] Check error: Message: no such window: target window already closed
from unknown error: web view not found
  (Session info: chrome=150.0.7871.130)
Stacktrace:
	chromedriver!GetHandleVerifier [0x7ff6f8cf3ff5+5ba375]
	chromedriver!GetHandleVerifier [0x7ff6f874f0a0+15420]
	chromedriver!(No symbol) [0x7ff6f8285b8d]
	chromedriver!(No symbol) [0x7ff6f825c9e2]
	chromedriver!(No symbol) [0x7ff6f8310d36]
	chromedriver!(No symbol) [0x7ff6f832e172]
	chromedriver!(No symbol) [0x7ff6f82d30cc]
	chromedriver!(No symbol) [0x7ff6f82d3fe3]
	chromedriver!GetHandleVerifier [0x7ff6f8d20d81+5e7101]
	chromedriver!GetHandleVerifier [0x7ff6f8d1b0ea+5e146a]
	chromedriver!GetHandleVerifier [0x7ff6f8d40a15+606d95]
	chromedriver!GetHandleVerifier [0x7ff6f876ca1e+32d9e]
	chromedriver!GetHandleVerifier [0x7ff6f877520c+3b58c]
	chromedriver!GetHandleVerifier [0x7ff6f87592b4+1f634]
	chromedriver!GetHandleVerifier [0x7ff6f8759444+1f7c4]
	chromedriver!GetHandleVerifier [0x7ff6f873bf67+22e7]
	KERNEL32!BaseThreadInitThunk [0x7ff86f0ee957+17]
	ntdll!RtlUserThreadStart [0x7ff86f68ad6c+2c]

[2026-07-23 01:09:50] [!] Check error: Message: no such window: target window already closed
from unknown error: web view not found
  (Session info: chrome=150.0.7871.130)
Stacktrace:
	chromedriver!GetHandleVerifier [0x7ff6f8cf3ff5+5ba375]
	chromedriver!GetHandleVerifier [0x7ff6f874f0a0+15420]
	chromedriver!(No symbol) [0x7ff6f8285b8d]
	chromedriver!(No symbol) [0x7ff6f825c9e2]
	chromedriver!(No symbol) [0x7ff6f8310d36]
	chromedriver!(No symbol) [0x7ff6f832e172]
	chromedriver!(No symbol) [0x7ff6f82d30cc]
	chromedriver!(No symbol) [0x7ff6f82d3fe3]
	chromedriver!GetHandleVerifier [0x7ff6f8d20d81+5e7101]
	chromedriver!GetHandleVerifier [0x7ff6f8d1b0ea+5e146a]
	chromedriver!GetHandleVerifier [0x7ff6f8d40a15+606d95]
	chromedriver!GetHandleVerifier [0x7ff6f876ca1e+32d9e]
	chromedriver!GetHandleVerifier [0x7ff6f877520c+3b58c]
	chromedriver!GetHandleVerifier [0x7ff6f87592b4+1f634]
	chromedriver!GetHandleVerifier [0x7ff6f8759444+1f7c4]
	chromedriver!GetHandleVerifier [0x7ff6f873bf67+22e7]
	KERNEL32!BaseThreadInitThunk [0x7ff86f0ee957+17]
	ntdll!RtlUserThreadStart [0x7ff86f68ad6c+2c]

[2026-07-23 01:09:52] [!] Check error: Message: no such window: target window already closed
from unknown error: web view not found
  (Session info: chrome=150.0.7871.130)
Stacktrace:
	chromedriver!GetHandleVerifier [0x7ff6f8cf3ff5+5ba375]
	chromedriver!GetHandleVerifier [0x7ff6f874f0a0+15420]
	chromedriver!(No symbol) [0x7ff6f8285b8d]
	chromedriver!(No symbol) [0x7ff6f825c9e2]
	chromedriver!(No symbol) [0x7ff6f8310d36]
	chromedriver!(No symbol) [0x7ff6f832e172]
	chromedriver!(No symbol) [0x7ff6f82d30cc]
	chromedriver!(No symbol) [0x7ff6f82d3fe3]
	chromedriver!GetHandleVerifier [0x7ff6f8d20d81+5e7101]
	chromedriver!GetHandleVerifier [0x7ff6f8d1b0ea+5e146a]
	chromedriver!GetHandleVerifier [0x7ff6f8d40a15+606d95]
	chromedriver!GetHandleVerifier [0x7ff6f876ca1e+32d9e]
	chromedriver!GetHandleVerifier [0x7ff6f877520c+3b58c]
	chromedriver!GetHandleVerifier [0x7ff6f87592b4+1f634]
	chromedriver!GetHandleVerifier [0x7ff6f8759444+1f7c4]
	chromedriver!GetHandleVerifier [0x7ff6f873bf67+22e7]
	KERNEL32!BaseThreadInitThunk [0x7ff86f0ee957+17]
	ntdll!RtlUserThreadStart [0x7ff86f68ad6c+2c]

[2026-07-23 01:09:54] [!] Check error: Message: no such window: target window already closed
from unknown error: web view not found
  (Session info: chrome=150.0.7871.130)
Stacktrace:
	chromedriver!GetHandleVerifier [0x7ff6f8cf3ff5+5ba375]
	chromedriver!GetHandleVerifier [0x7ff6f874f0a0+15420]
	chromedriver!(No symbol) [0x7ff6f8285b8d]
	chromedriver!(No symbol) [0x7ff6f825c9e2]
	chromedriver!(No symbol) [0x7ff6f8310d36]
	chromedriver!(No symbol) [0x7ff6f832e172]
	chromedriver!(No symbol) [0x7ff6f82d30cc]
	chromedriver!(No symbol) [0x7ff6f82d3fe3]
	chromedriver!GetHandleVerifier [0x7ff6f8d20d81+5e7101]
	chromedriver!GetHandleVerifier [0x7ff6f8d1b0ea+5e146a]
	chromedriver!GetHandleVerifier [0x7ff6f8d40a15+606d95]
	chromedriver!GetHandleVerifier [0x7ff6f876ca1e+32d9e]
	chromedriver!GetHandleVerifier [0x7ff6f877520c+3b58c]
	chromedriver!GetHandleVerifier [0x7ff6f87592b4+1f634]
	chromedriver!GetHandleVerifier [0x7ff6f8759444+1f7c4]
	chromedriver!GetHandleVerifier [0x7ff6f873bf67+22e7]
	KERNEL32!BaseThreadInitThunk [0x7ff86f0ee957+17]
	ntdll!RtlUserThreadStart [0x7ff86f68ad6c+2c]

[2026-07-23 01:09:56] [!] Check error: Message: no such window: target window already closed
from unknown error: web view not found
  (Session info: chrome=150.0.7871.130)
Stacktrace:
	chromedriver!GetHandleVerifier [0x7ff6f8cf3ff5+5ba375]
	chromedriver!GetHandleVerifier [0x7ff6f874f0a0+15420]
	chromedriver!(No symbol) [0x7ff6f8285b8d]
	chromedriver!(No symbol) [0x7ff6f825c9e2]
	chromedriver!(No symbol) [0x7ff6f8310d36]
	chromedriver!(No symbol) [0x7ff6f832e172]
	chromedriver!(No symbol) [0x7ff6f82d30cc]
	chromedriver!(No symbol) [0x7ff6f82d3fe3]
	chromedriver!GetHandleVerifier [0x7ff6f8d20d81+5e7101]
	chromedriver!GetHandleVerifier [0x7ff6f8d1b0ea+5e146a]
	chromedriver!GetHandleVerifier [0x7ff6f8d40a15+606d95]
	chromedriver!GetHandleVerifier [0x7ff6f876ca1e+32d9e]
	chromedriver!GetHandleVerifier [0x7ff6f877520c+3b58c]
	chromedriver!GetHandleVerifier [0x7ff6f87592b4+1f634]
	chromedriver!GetHandleVerifier [0x7ff6f8759444+1f7c4]
	chromedriver!GetHandleVerifier [0x7ff6f873bf67+22e7]
	KERNEL32!BaseThreadInitThunk [0x7ff86f0ee957+17]
	ntdll!RtlUserThreadStart [0x7ff86f68ad6c+2c]

[2026-07-23 01:09:58] [!] Check error: Message: no such window: target window already closed
from unknown error: web view not found
  (Session info: chrome=150.0.7871.130)
Stacktrace:
	chromedriver!GetHandleVerifier [0x7ff6f8cf3ff5+5ba375]
	chromedriver!GetHandleVerifier [0x7ff6f874f0a0+15420]
	chromedriver!(No symbol) [0x7ff6f8285b8d]
	chromedriver!(No symbol) [0x7ff6f825c9e2]
	chromedriver!(No symbol) [0x7ff6f8310d36]
	chromedriver!(No symbol) [0x7ff6f832e172]
	chromedriver!(No symbol) [0x7ff6f82d30cc]
	chromedriver!(No symbol) [0x7ff6f82d3fe3]
	chromedriver!GetHandleVerifier [0x7ff6f8d20d81+5e7101]
	chromedriver!GetHandleVerifier [0x7ff6f8d1b0ea+5e146a]
	chromedriver!GetHandleVerifier [0x7ff6f8d40a15+606d95]
	chromedriver!GetHandleVerifier [0x7ff6f876ca1e+32d9e]
	chromedriver!GetHandleVerifier [0x7ff6f877520c+3b58c]
	chromedriver!GetHandleVerifier [0x7ff6f87592b4+1f634]
	chromedriver!GetHandleVerifier [0x7ff6f8759444+1f7c4]
	chromedriver!GetHandleVerifier [0x7ff6f873bf67+22e7]
	KERNEL32!BaseThreadInitThunk [0x7ff86f0ee957+17]
	ntdll!RtlUserThreadStart [0x7ff86f68ad6c+2c]

[2026-07-23 01:10:00] [!] Check error: Message: no such window: target window already closed
from unknown error: web view not found
  (Session info: chrome=150.0.7871.130)
Stacktrace:
	chromedriver!GetHandleVerifier [0x7ff6f8cf3ff5+5ba375]
	chromedriver!GetHandleVerifier [0x7ff6f874f0a0+15420]
	chromedriver!(No symbol) [0x7ff6f8285b8d]
	chromedriver!(No symbol) [0x7ff6f825c9e2]
	chromedriver!(No symbol) [0x7ff6f8310d36]
	chromedriver!(No symbol) [0x7ff6f832e172]
	chromedriver!(No symbol) [0x7ff6f82d30cc]
	chromedriver!(No symbol) [0x7ff6f82d3fe3]
	chromedriver!GetHandleVerifier [0x7ff6f8d20d81+5e7101]
	chromedriver!GetHandleVerifier [0x7ff6f8d1b0ea+5e146a]
	chromedriver!GetHandleVerifier [0x7ff6f8d40a15+606d95]
	chromedriver!GetHandleVerifier [0x7ff6f876ca1e+32d9e]
	chromedriver!GetHandleVerifier [0x7ff6f877520c+3b58c]
	chromedriver!GetHandleVerifier [0x7ff6f87592b4+1f634]
	chromedriver!GetHandleVerifier [0x7ff6f8759444+1f7c4]
	chromedriver!GetHandleVerifier [0x7ff6f873bf67+22e7]
	KERNEL32!BaseThreadInitThunk [0x7ff86f0ee957+17]
	ntdll!RtlUserThreadStart [0x7ff86f68ad6c+2c]

[2026-07-23 01:10:02] [!] Check error: Message: no such window: target window already closed
from unknown error: web view not found
  (Session info: chrome=150.0.7871.130)
Stacktrace:
	chromedriver!GetHandleVerifier [0x7ff6f8cf3ff5+5ba375]
	chromedriver!GetHandleVerifier [0x7ff6f874f0a0+15420]
	chromedriver!(No symbol) [0x7ff6f8285b8d]
	chromedriver!(No symbol) [0x7ff6f825c9e2]
	chromedriver!(No symbol) [0x7ff6f8310d36]
	chromedriver!(No symbol) [0x7ff6f832e172]
	chromedriver!(No symbol) [0x7ff6f82d30cc]
	chromedriver!(No symbol) [0x7ff6f82d3fe3]
	chromedriver!GetHandleVerifier [0x7ff6f8d20d81+5e7101]
	chromedriver!GetHandleVerifier [0x7ff6f8d1b0ea+5e146a]
	chromedriver!GetHandleVerifier [0x7ff6f8d40a15+606d95]
	chromedriver!GetHandleVerifier [0x7ff6f876ca1e+32d9e]
	chromedriver!GetHandleVerifier [0x7ff6f877520c+3b58c]
	chromedriver!GetHandleVerifier [0x7ff6f87592b4+1f634]
	chromedriver!GetHandleVerifier [0x7ff6f8759444+1f7c4]
	chromedriver!GetHandleVerifier [0x7ff6f873bf67+22e7]
	KERNEL32!BaseThreadInitThunk [0x7ff86f0ee957+17]
	ntdll!RtlUserThreadStart [0x7ff86f68ad6c+2c]

[2026-07-23 01:10:04] [!] Check error: Message: no such window: target window already closed
from unknown error: web view not found
  (Session info: chrome=150.0.7871.130)
Stacktrace:
	chromedriver!GetHandleVerifier [0x7ff6f8cf3ff5+5ba375]
	chromedriver!GetHandleVerifier [0x7ff6f874f0a0+15420]
	chromedriver!(No symbol) [0x7ff6f8285b8d]
	chromedriver!(No symbol) [0x7ff6f825c9e2]
	chromedriver!(No symbol) [0x7ff6f8310d36]
	chromedriver!(No symbol) [0x7ff6f832e172]
	chromedriver!(No symbol) [0x7ff6f82d30cc]
	chromedriver!(No symbol) [0x7ff6f82d3fe3]
	chromedriver!GetHandleVerifier [0x7ff6f8d20d81+5e7101]
	chromedriver!GetHandleVerifier [0x7ff6f8d1b0ea+5e146a]
	chromedriver!GetHandleVerifier [0x7ff6f8d40a15+606d95]
	chromedriver!GetHandleVerifier [0x7ff6f876ca1e+32d9e]
	chromedriver!GetHandleVerifier [0x7ff6f877520c+3b58c]
	chromedriver!GetHandleVerifier [0x7ff6f87592b4+1f634]
	chromedriver!GetHandleVerifier [0x7ff6f8759444+1f7c4]
	chromedriver!GetHandleVerifier [0x7ff6f873bf67+22e7]
	KERNEL32!BaseThreadInitThunk [0x7ff86f0ee957+17]
	ntdll!RtlUserThreadStart [0x7ff86f68ad6c+2c]

[2026-07-23 01:10:06] [!] Check error: Message: no such window: target window already closed
from unknown error: web view not found
  (Session info: chrome=150.0.7871.130)
Stacktrace:
	chromedriver!GetHandleVerifier [0x7ff6f8cf3ff5+5ba375]
	chromedriver!GetHandleVerifier [0x7ff6f874f0a0+15420]
	chromedriver!(No symbol) [0x7ff6f8285b8d]
	chromedriver!(No symbol) [0x7ff6f825c9e2]
	chromedriver!(No symbol) [0x7ff6f8310d36]
	chromedriver!(No symbol) [0x7ff6f832e172]
	chromedriver!(No symbol) [0x7ff6f82d30cc]
	chromedriver!(No symbol) [0x7ff6f82d3fe3]
	chromedriver!GetHandleVerifier [0x7ff6f8d20d81+5e7101]
	chromedriver!GetHandleVerifier [0x7ff6f8d1b0ea+5e146a]
	chromedriver!GetHandleVerifier [0x7ff6f8d40a15+606d95]
	chromedriver!GetHandleVerifier [0x7ff6f876ca1e+32d9e]
	chromedriver!GetHandleVerifier [0x7ff6f877520c+3b58c]
	chromedriver!GetHandleVerifier [0x7ff6f87592b4+1f634]
	chromedriver!GetHandleVerifier [0x7ff6f8759444+1f7c4]
	chromedriver!GetHandleVerifier [0x7ff6f873bf67+22e7]
	KERNEL32!BaseThreadInitThunk [0x7ff86f0ee957+17]
	ntdll!RtlUserThreadStart [0x7ff86f68ad6c+2c]

[2026-07-23 01:10:08] [!] Check error: Message: no such window: target window already closed
from unknown error: web view not found
  (Session info: chrome=150.0.7871.130)
Stacktrace:
	chromedriver!GetHandleVerifier [0x7ff6f8cf3ff5+5ba375]
	chromedriver!GetHandleVerifier [0x7ff6f874f0a0+15420]
	chromedriver!(No symbol) [0x7ff6f8285b8d]
	chromedriver!(No symbol) [0x7ff6f825c9e2]
	chromedriver!(No symbol) [0x7ff6f8310d36]
	chromedriver!(No symbol) [0x7ff6f832e172]
	chromedriver!(No symbol) [0x7ff6f82d30cc]
	chromedriver!(No symbol) [0x7ff6f82d3fe3]
	chromedriver!GetHandleVerifier [0x7ff6f8d20d81+5e7101]
	chromedriver!GetHandleVerifier [0x7ff6f8d1b0ea+5e146a]
	chromedriver!GetHandleVerifier [0x7ff6f8d40a15+606d95]
	chromedriver!GetHandleVerifier [0x7ff6f876ca1e+32d9e]
	chromedriver!GetHandleVerifier [0x7ff6f877520c+3b58c]
	chromedriver!GetHandleVerifier [0x7ff6f87592b4+1f634]
	chromedriver!GetHandleVerifier [0x7ff6f8759444+1f7c4]
	chromedriver!GetHandleVerifier [0x7ff6f873bf67+22e7]
	KERNEL32!BaseThreadInitThunk [0x7ff86f0ee957+17]
	ntdll!RtlUserThreadStart [0x7ff86f68ad6c+2c]

[2026-07-23 01:10:10] [!] Check error: Message: no such window: target window already closed
from unknown error: web view not found
  (Session info: chrome=150.0.7871.130)
Stacktrace:
	chromedriver!GetHandleVerifier [0x7ff6f8cf3ff5+5ba375]
	chromedriver!GetHandleVerifier [0x7ff6f874f0a0+15420]
	chromedriver!(No symbol) [0x7ff6f8285b8d]
	chromedriver!(No symbol) [0x7ff6f825c9e2]
	chromedriver!(No symbol) [0x7ff6f8310d36]
	chromedriver!(No symbol) [0x7ff6f832e172]
	chromedriver!(No symbol) [0x7ff6f82d30cc]
	chromedriver!(No symbol) [0x7ff6f82d3fe3]
	chromedriver!GetHandleVerifier [0x7ff6f8d20d81+5e7101]
	chromedriver!GetHandleVerifier [0x7ff6f8d1b0ea+5e146a]
	chromedriver!GetHandleVerifier [0x7ff6f8d40a15+606d95]
	chromedriver!GetHandleVerifier [0x7ff6f876ca1e+32d9e]
	chromedriver!GetHandleVerifier [0x7ff6f877520c+3b58c]
	chromedriver!GetHandleVerifier [0x7ff6f87592b4+1f634]
	chromedriver!GetHandleVerifier [0x7ff6f8759444+1f7c4]
	chromedriver!GetHandleVerifier [0x7ff6f873bf67+22e7]
	KERNEL32!BaseThreadInitThunk [0x7ff86f0ee957+17]
	ntdll!RtlUserThreadStart [0x7ff86f68ad6c+2c]

[2026-07-23 01:10:12] [!] Check error: Message: no such window: target window already closed
from unknown error: web view not found
  (Session info: chrome=150.0.7871.130)
Stacktrace:
	chromedriver!GetHandleVerifier [0x7ff6f8cf3ff5+5ba375]
	chromedriver!GetHandleVerifier [0x7ff6f874f0a0+15420]
	chromedriver!(No symbol) [0x7ff6f8285b8d]
	chromedriver!(No symbol) [0x7ff6f825c9e2]
	chromedriver!(No symbol) [0x7ff6f8310d36]
	chromedriver!(No symbol) [0x7ff6f832e172]
	chromedriver!(No symbol) [0x7ff6f82d30cc]
	chromedriver!(No symbol) [0x7ff6f82d3fe3]
	chromedriver!GetHandleVerifier [0x7ff6f8d20d81+5e7101]
	chromedriver!GetHandleVerifier [0x7ff6f8d1b0ea+5e146a]
	chromedriver!GetHandleVerifier [0x7ff6f8d40a15+606d95]
	chromedriver!GetHandleVerifier [0x7ff6f876ca1e+32d9e]
	chromedriver!GetHandleVerifier [0x7ff6f877520c+3b58c]
	chromedriver!GetHandleVerifier [0x7ff6f87592b4+1f634]
	chromedriver!GetHandleVerifier [0x7ff6f8759444+1f7c4]
	chromedriver!GetHandleVerifier [0x7ff6f873bf67+22e7]
	KERNEL32!BaseThreadInitThunk [0x7ff86f0ee957+17]
	ntdll!RtlUserThreadStart [0x7ff86f68ad6c+2c]

[2026-07-23 01:10:15] [!] Check error: Message: no such window: target window already closed
from unknown error: web view not found
  (Session info: chrome=150.0.7871.130)
Stacktrace:
	chromedriver!GetHandleVerifier [0x7ff6f8cf3ff5+5ba375]
	chromedriver!GetHandleVerifier [0x7ff6f874f0a0+15420]
	chromedriver!(No symbol) [0x7ff6f8285b8d]
	chromedriver!(No symbol) [0x7ff6f825c9e2]
	chromedriver!(No symbol) [0x7ff6f8310d36]
	chromedriver!(No symbol) [0x7ff6f832e172]
	chromedriver!(No symbol) [0x7ff6f82d30cc]
	chromedriver!(No symbol) [0x7ff6f82d3fe3]
	chromedriver!GetHandleVerifier [0x7ff6f8d20d81+5e7101]
	chromedriver!GetHandleVerifier [0x7ff6f8d1b0ea+5e146a]
	chromedriver!GetHandleVerifier [0x7ff6f8d40a15+606d95]
	chromedriver!GetHandleVerifier [0x7ff6f876ca1e+32d9e]
	chromedriver!GetHandleVerifier [0x7ff6f877520c+3b58c]
	chromedriver!GetHandleVerifier [0x7ff6f87592b4+1f634]
	chromedriver!GetHandleVerifier [0x7ff6f8759444+1f7c4]
	chromedriver!GetHandleVerifier [0x7ff6f873bf67+22e7]
	KERNEL32!BaseThreadInitThunk [0x7ff86f0ee957+17]
	ntdll!RtlUserThreadStart [0x7ff86f68ad6c+2c]

[2026-07-23 01:10:17] [!] Check error: Message: no such window: target window already closed
from unknown error: web view not found
  (Session info: chrome=150.0.7871.130)
Stacktrace:
	chromedriver!GetHandleVerifier [0x7ff6f8cf3ff5+5ba375]
	chromedriver!GetHandleVerifier [0x7ff6f874f0a0+15420]
	chromedriver!(No symbol) [0x7ff6f8285b8d]
	chromedriver!(No symbol) [0x7ff6f825c9e2]
	chromedriver!(No symbol) [0x7ff6f8310d36]
	chromedriver!(No symbol) [0x7ff6f832e172]
	chromedriver!(No symbol) [0x7ff6f82d30cc]
	chromedriver!(No symbol) [0x7ff6f82d3fe3]
	chromedriver!GetHandleVerifier [0x7ff6f8d20d81+5e7101]
	chromedriver!GetHandleVerifier [0x7ff6f8d1b0ea+5e146a]
	chromedriver!GetHandleVerifier [0x7ff6f8d40a15+606d95]
	chromedriver!GetHandleVerifier [0x7ff6f876ca1e+32d9e]
	chromedriver!GetHandleVerifier [0x7ff6f877520c+3b58c]
	chromedriver!GetHandleVerifier [0x7ff6f87592b4+1f634]
	chromedriver!GetHandleVerifier [0x7ff6f8759444+1f7c4]
	chromedriver!GetHandleVerifier [0x7ff6f873bf67+22e7]
	KERNEL32!BaseThreadInitThunk [0x7ff86f0ee957+17]
	ntdll!RtlUserThreadStart [0x7ff86f68ad6c+2c]

[2026-07-23 01:10:19] [!] Check error: Message: no such window: target window already closed
from unknown error: web view not found
  (Session info: chrome=150.0.7871.130)
Stacktrace:
	chromedriver!GetHandleVerifier [0x7ff6f8cf3ff5+5ba375]
	chromedriver!GetHandleVerifier [0x7ff6f874f0a0+15420]
	chromedriver!(No symbol) [0x7ff6f8285b8d]
	chromedriver!(No symbol) [0x7ff6f825c9e2]
	chromedriver!(No symbol) [0x7ff6f8310d36]
	chromedriver!(No symbol) [0x7ff6f832e172]
	chromedriver!(No symbol) [0x7ff6f82d30cc]
	chromedriver!(No symbol) [0x7ff6f82d3fe3]
	chromedriver!GetHandleVerifier [0x7ff6f8d20d81+5e7101]
	chromedriver!GetHandleVerifier [0x7ff6f8d1b0ea+5e146a]
	chromedriver!GetHandleVerifier [0x7ff6f8d40a15+606d95]
	chromedriver!GetHandleVerifier [0x7ff6f876ca1e+32d9e]
	chromedriver!GetHandleVerifier [0x7ff6f877520c+3b58c]
	chromedriver!GetHandleVerifier [0x7ff6f87592b4+1f634]
	chromedriver!GetHandleVerifier [0x7ff6f8759444+1f7c4]
	chromedriver!GetHandleVerifier [0x7ff6f873bf67+22e7]
	KERNEL32!BaseThreadInitThunk [0x7ff86f0ee957+17]
	ntdll!RtlUserThreadStart [0x7ff86f68ad6c+2c]

[2026-07-23 01:10:21] [!] Check error: Message: no such window: target window already closed
from unknown error: web view not found
  (Session info: chrome=150.0.7871.130)
Stacktrace:
	chromedriver!GetHandleVerifier [0x7ff6f8cf3ff5+5ba375]
	chromedriver!GetHandleVerifier [0x7ff6f874f0a0+15420]
	chromedriver!(No symbol) [0x7ff6f8285b8d]
	chromedriver!(No symbol) [0x7ff6f825c9e2]
	chromedriver!(No symbol) [0x7ff6f8310d36]
	chromedriver!(No symbol) [0x7ff6f832e172]
	chromedriver!(No symbol) [0x7ff6f82d30cc]
	chromedriver!(No symbol) [0x7ff6f82d3fe3]
	chromedriver!GetHandleVerifier [0x7ff6f8d20d81+5e7101]
	chromedriver!GetHandleVerifier [0x7ff6f8d1b0ea+5e146a]
	chromedriver!GetHandleVerifier [0x7ff6f8d40a15+606d95]
	chromedriver!GetHandleVerifier [0x7ff6f876ca1e+32d9e]
	chromedriver!GetHandleVerifier [0x7ff6f877520c+3b58c]
	chromedriver!GetHandleVerifier [0x7ff6f87592b4+1f634]
	chromedriver!GetHandleVerifier [0x7ff6f8759444+1f7c4]
	chromedriver!GetHandleVerifier [0x7ff6f873bf67+22e7]
	KERNEL32!BaseThreadInitThunk [0x7ff86f0ee957+17]
	ntdll!RtlUserThreadStart [0x7ff86f68ad6c+2c]

[2026-07-23 01:10:23] [!] Check error: Message: no such window: target window already closed
from unknown error: web view not found
  (Session info: chrome=150.0.7871.130)
Stacktrace:
	chromedriver!GetHandleVerifier [0x7ff6f8cf3ff5+5ba375]
	chromedriver!GetHandleVerifier [0x7ff6f874f0a0+15420]
	chromedriver!(No symbol) [0x7ff6f8285b8d]
	chromedriver!(No symbol) [0x7ff6f825c9e2]
	chromedriver!(No symbol) [0x7ff6f8310d36]
	chromedriver!(No symbol) [0x7ff6f832e172]
	chromedriver!(No symbol) [0x7ff6f82d30cc]
	chromedriver!(No symbol) [0x7ff6f82d3fe3]
	chromedriver!GetHandleVerifier [0x7ff6f8d20d81+5e7101]
	chromedriver!GetHandleVerifier [0x7ff6f8d1b0ea+5e146a]
	chromedriver!GetHandleVerifier [0x7ff6f8d40a15+606d95]
	chromedriver!GetHandleVerifier [0x7ff6f876ca1e+32d9e]
	chromedriver!GetHandleVerifier [0x7ff6f877520c+3b58c]
	chromedriver!GetHandleVerifier [0x7ff6f87592b4+1f634]
	chromedriver!GetHandleVerifier [0x7ff6f8759444+1f7c4]
	chromedriver!GetHandleVerifier [0x7ff6f873bf67+22e7]
	KERNEL32!BaseThreadInitThunk [0x7ff86f0ee957+17]
	ntdll!RtlUserThreadStart [0x7ff86f68ad6c+2c]

[2026-07-23 01:10:25] [!] Check error: Message: no such window: target window already closed
from unknown error: web view not found
  (Session info: chrome=150.0.7871.130)
Stacktrace:
	chromedriver!GetHandleVerifier [0x7ff6f8cf3ff5+5ba375]
	chromedriver!GetHandleVerifier [0x7ff6f874f0a0+15420]
	chromedriver!(No symbol) [0x7ff6f8285b8d]
	chromedriver!(No symbol) [0x7ff6f825c9e2]
	chromedriver!(No symbol) [0x7ff6f8310d36]
	chromedriver!(No symbol) [0x7ff6f832e172]
	chromedriver!(No symbol) [0x7ff6f82d30cc]
	chromedriver!(No symbol) [0x7ff6f82d3fe3]
	chromedriver!GetHandleVerifier [0x7ff6f8d20d81+5e7101]
	chromedriver!GetHandleVerifier [0x7ff6f8d1b0ea+5e146a]
	chromedriver!GetHandleVerifier [0x7ff6f8d40a15+606d95]
	chromedriver!GetHandleVerifier [0x7ff6f876ca1e+32d9e]
	chromedriver!GetHandleVerifier [0x7ff6f877520c+3b58c]
	chromedriver!GetHandleVerifier [0x7ff6f87592b4+1f634]
	chromedriver!GetHandleVerifier [0x7ff6f8759444+1f7c4]
	chromedriver!GetHandleVerifier [0x7ff6f873bf67+22e7]
	KERNEL32!BaseThreadInitThunk [0x7ff86f0ee957+17]
	ntdll!RtlUserThreadStart [0x7ff86f68ad6c+2c]

[2026-07-23 01:10:27] [!] Check error: Message: no such window: target window already closed
from unknown error: web view not found
  (Session info: chrome=150.0.7871.130)
Stacktrace:
	chromedriver!GetHandleVerifier [0x7ff6f8cf3ff5+5ba375]
	chromedriver!GetHandleVerifier [0x7ff6f874f0a0+15420]
	chromedriver!(No symbol) [0x7ff6f8285b8d]
	chromedriver!(No symbol) [0x7ff6f825c9e2]
	chromedriver!(No symbol) [0x7ff6f8310d36]
	chromedriver!(No symbol) [0x7ff6f832e172]
	chromedriver!(No symbol) [0x7ff6f82d30cc]
	chromedriver!(No symbol) [0x7ff6f82d3fe3]
	chromedriver!GetHandleVerifier [0x7ff6f8d20d81+5e7101]
	chromedriver!GetHandleVerifier [0x7ff6f8d1b0ea+5e146a]
	chromedriver!GetHandleVerifier [0x7ff6f8d40a15+606d95]
	chromedriver!GetHandleVerifier [0x7ff6f876ca1e+32d9e]
	chromedriver!GetHandleVerifier [0x7ff6f877520c+3b58c]
	chromedriver!GetHandleVerifier [0x7ff6f87592b4+1f634]
	chromedriver!GetHandleVerifier [0x7ff6f8759444+1f7c4]
	chromedriver!GetHandleVerifier [0x7ff6f873bf67+22e7]
	KERNEL32!BaseThreadInitThunk [0x7ff86f0ee957+17]
	ntdll!RtlUserThreadStart [0x7ff86f68ad6c+2c]

[2026-07-23 01:10:29] [!] Check error: Message: no such window: target window already closed
from unknown error: web view not found
  (Session info: chrome=150.0.7871.130)
Stacktrace:
	chromedriver!GetHandleVerifier [0x7ff6f8cf3ff5+5ba375]
	chromedriver!GetHandleVerifier [0x7ff6f874f0a0+15420]
	chromedriver!(No symbol) [0x7ff6f8285b8d]
	chromedriver!(No symbol) [0x7ff6f825c9e2]
	chromedriver!(No symbol) [0x7ff6f8310d36]
	chromedriver!(No symbol) [0x7ff6f832e172]
	chromedriver!(No symbol) [0x7ff6f82d30cc]
	chromedriver!(No symbol) [0x7ff6f82d3fe3]
	chromedriver!GetHandleVerifier [0x7ff6f8d20d81+5e7101]
	chromedriver!GetHandleVerifier [0x7ff6f8d1b0ea+5e146a]
	chromedriver!GetHandleVerifier [0x7ff6f8d40a15+606d95]
	chromedriver!GetHandleVerifier [0x7ff6f876ca1e+32d9e]
	chromedriver!GetHandleVerifier [0x7ff6f877520c+3b58c]
	chromedriver!GetHandleVerifier [0x7ff6f87592b4+1f634]
	chromedriver!GetHandleVerifier [0x7ff6f8759444+1f7c4]
	chromedriver!GetHandleVerifier [0x7ff6f873bf67+22e7]
	KERNEL32!BaseThreadInitThunk [0x7ff86f0ee957+17]
	ntdll!RtlUserThreadStart [0x7ff86f68ad6c+2c]

[2026-07-23 01:10:31] [!] Check error: Message: no such window: target window already closed
from unknown error: web view not found
  (Session info: chrome=150.0.7871.130)
Stacktrace:
	chromedriver!GetHandleVerifier [0x7ff6f8cf3ff5+5ba375]
	chromedriver!GetHandleVerifier [0x7ff6f874f0a0+15420]
	chromedriver!(No symbol) [0x7ff6f8285b8d]
	chromedriver!(No symbol) [0x7ff6f825c9e2]
	chromedriver!(No symbol) [0x7ff6f8310d36]
	chromedriver!(No symbol) [0x7ff6f832e172]
	chromedriver!(No symbol) [0x7ff6f82d30cc]
	chromedriver!(No symbol) [0x7ff6f82d3fe3]
	chromedriver!GetHandleVerifier [0x7ff6f8d20d81+5e7101]
	chromedriver!GetHandleVerifier [0x7ff6f8d1b0ea+5e146a]
	chromedriver!GetHandleVerifier [0x7ff6f8d40a15+606d95]
	chromedriver!GetHandleVerifier [0x7ff6f876ca1e+32d9e]
	chromedriver!GetHandleVerifier [0x7ff6f877520c+3b58c]
	chromedriver!GetHandleVerifier [0x7ff6f87592b4+1f634]
	chromedriver!GetHandleVerifier [0x7ff6f8759444+1f7c4]
	chromedriver!GetHandleVerifier [0x7ff6f873bf67+22e7]
	KERNEL32!BaseThreadInitThunk [0x7ff86f0ee957+17]
	ntdll!RtlUserThreadStart [0x7ff86f68ad6c+2c]

[2026-07-23 01:10:33] [!] Check error: Message: no such window: target window already closed
from unknown error: web view not found
  (Session info: chrome=150.0.7871.130)
Stacktrace:
	chromedriver!GetHandleVerifier [0x7ff6f8cf3ff5+5ba375]
	chromedriver!GetHandleVerifier [0x7ff6f874f0a0+15420]
	chromedriver!(No symbol) [0x7ff6f8285b8d]
	chromedriver!(No symbol) [0x7ff6f825c9e2]
	chromedriver!(No symbol) [0x7ff6f8310d36]
	chromedriver!(No symbol) [0x7ff6f832e172]
	chromedriver!(No symbol) [0x7ff6f82d30cc]
	chromedriver!(No symbol) [0x7ff6f82d3fe3]
	chromedriver!GetHandleVerifier [0x7ff6f8d20d81+5e7101]
	chromedriver!GetHandleVerifier [0x7ff6f8d1b0ea+5e146a]
	chromedriver!GetHandleVerifier [0x7ff6f8d40a15+606d95]
	chromedriver!GetHandleVerifier [0x7ff6f876ca1e+32d9e]
	chromedriver!GetHandleVerifier [0x7ff6f877520c+3b58c]
	chromedriver!GetHandleVerifier [0x7ff6f87592b4+1f634]
	chromedriver!GetHandleVerifier [0x7ff6f8759444+1f7c4]
	chromedriver!GetHandleVerifier [0x7ff6f873bf67+22e7]
	KERNEL32!BaseThreadInitThunk [0x7ff86f0ee957+17]
	ntdll!RtlUserThreadStart [0x7ff86f68ad6c+2c]

[2026-07-23 01:10:35] [!] Check error: Message: no such window: target window already closed
from unknown error: web view not found
  (Session info: chrome=150.0.7871.130)
Stacktrace:
	chromedriver!GetHandleVerifier [0x7ff6f8cf3ff5+5ba375]
	chromedriver!GetHandleVerifier [0x7ff6f874f0a0+15420]
	chromedriver!(No symbol) [0x7ff6f8285b8d]
	chromedriver!(No symbol) [0x7ff6f825c9e2]
	chromedriver!(No symbol) [0x7ff6f8310d36]
	chromedriver!(No symbol) [0x7ff6f832e172]
	chromedriver!(No symbol) [0x7ff6f82d30cc]
	chromedriver!(No symbol) [0x7ff6f82d3fe3]
	chromedriver!GetHandleVerifier [0x7ff6f8d20d81+5e7101]
	chromedriver!GetHandleVerifier [0x7ff6f8d1b0ea+5e146a]
	chromedriver!GetHandleVerifier [0x7ff6f8d40a15+606d95]
	chromedriver!GetHandleVerifier [0x7ff6f876ca1e+32d9e]
	chromedriver!GetHandleVerifier [0x7ff6f877520c+3b58c]
	chromedriver!GetHandleVerifier [0x7ff6f87592b4+1f634]
	chromedriver!GetHandleVerifier [0x7ff6f8759444+1f7c4]
	chromedriver!GetHandleVerifier [0x7ff6f873bf67+22e7]
	KERNEL32!BaseThreadInitThunk [0x7ff86f0ee957+17]
	ntdll!RtlUserThreadStart [0x7ff86f68ad6c+2c]

[2026-07-23 01:10:37] [!] Check error: Message: no such window: target window already closed
from unknown error: web view not found
  (Session info: chrome=150.0.7871.130)
Stacktrace:
	chromedriver!GetHandleVerifier [0x7ff6f8cf3ff5+5ba375]
	chromedriver!GetHandleVerifier [0x7ff6f874f0a0+15420]
	chromedriver!(No symbol) [0x7ff6f8285b8d]
	chromedriver!(No symbol) [0x7ff6f825c9e2]
	chromedriver!(No symbol) [0x7ff6f8310d36]
	chromedriver!(No symbol) [0x7ff6f832e172]
	chromedriver!(No symbol) [0x7ff6f82d30cc]
	chromedriver!(No symbol) [0x7ff6f82d3fe3]
	chromedriver!GetHandleVerifier [0x7ff6f8d20d81+5e7101]
	chromedriver!GetHandleVerifier [0x7ff6f8d1b0ea+5e146a]
	chromedriver!GetHandleVerifier [0x7ff6f8d40a15+606d95]
	chromedriver!GetHandleVerifier [0x7ff6f876ca1e+32d9e]
	chromedriver!GetHandleVerifier [0x7ff6f877520c+3b58c]
	chromedriver!GetHandleVerifier [0x7ff6f87592b4+1f634]
	chromedriver!GetHandleVerifier [0x7ff6f8759444+1f7c4]
	chromedriver!GetHandleVerifier [0x7ff6f873bf67+22e7]
	KERNEL32!BaseThreadInitThunk [0x7ff86f0ee957+17]
	ntdll!RtlUserThreadStart [0x7ff86f68ad6c+2c]

[2026-07-23 01:10:39] [!] Check error: Message: no such window: target window already closed
from unknown error: web view not found
  (Session info: chrome=150.0.7871.130)
Stacktrace:
	chromedriver!GetHandleVerifier [0x7ff6f8cf3ff5+5ba375]
	chromedriver!GetHandleVerifier [0x7ff6f874f0a0+15420]
	chromedriver!(No symbol) [0x7ff6f8285b8d]
	chromedriver!(No symbol) [0x7ff6f825c9e2]
	chromedriver!(No symbol) [0x7ff6f8310d36]
	chromedriver!(No symbol) [0x7ff6f832e172]
	chromedriver!(No symbol) [0x7ff6f82d30cc]
	chromedriver!(No symbol) [0x7ff6f82d3fe3]
	chromedriver!GetHandleVerifier [0x7ff6f8d20d81+5e7101]
	chromedriver!GetHandleVerifier [0x7ff6f8d1b0ea+5e146a]
	chromedriver!GetHandleVerifier [0x7ff6f8d40a15+606d95]
	chromedriver!GetHandleVerifier [0x7ff6f876ca1e+32d9e]
	chromedriver!GetHandleVerifier [0x7ff6f877520c+3b58c]
	chromedriver!GetHandleVerifier [0x7ff6f87592b4+1f634]
	chromedriver!GetHandleVerifier [0x7ff6f8759444+1f7c4]
	chromedriver!GetHandleVerifier [0x7ff6f873bf67+22e7]
	KERNEL32!BaseThreadInitThunk [0x7ff86f0ee957+17]
	ntdll!RtlUserThreadStart [0x7ff86f68ad6c+2c]

[2026-07-23 01:10:41] [!] Check error: Message: no such window: target window already closed
from unknown error: web view not found
  (Session info: chrome=150.0.7871.130)
Stacktrace:
	chromedriver!GetHandleVerifier [0x7ff6f8cf3ff5+5ba375]
	chromedriver!GetHandleVerifier [0x7ff6f874f0a0+15420]
	chromedriver!(No symbol) [0x7ff6f8285b8d]
	chromedriver!(No symbol) [0x7ff6f825c9e2]
	chromedriver!(No symbol) [0x7ff6f8310d36]
	chromedriver!(No symbol) [0x7ff6f832e172]
	chromedriver!(No symbol) [0x7ff6f82d30cc]
	chromedriver!(No symbol) [0x7ff6f82d3fe3]
	chromedriver!GetHandleVerifier [0x7ff6f8d20d81+5e7101]
	chromedriver!GetHandleVerifier [0x7ff6f8d1b0ea+5e146a]
	chromedriver!GetHandleVerifier [0x7ff6f8d40a15+606d95]
	chromedriver!GetHandleVerifier [0x7ff6f876ca1e+32d9e]
	chromedriver!GetHandleVerifier [0x7ff6f877520c+3b58c]
	chromedriver!GetHandleVerifier [0x7ff6f87592b4+1f634]
	chromedriver!GetHandleVerifier [0x7ff6f8759444+1f7c4]
	chromedriver!GetHandleVerifier [0x7ff6f873bf67+22e7]
	KERNEL32!BaseThreadInitThunk [0x7ff86f0ee957+17]
	ntdll!RtlUserThreadStart [0x7ff86f68ad6c+2c]

[2026-07-23 01:10:43] [!] Check error: Message: no such window: target window already closed
from unknown error: web view not found
  (Session info: chrome=150.0.7871.130)
Stacktrace:
	chromedriver!GetHandleVerifier [0x7ff6f8cf3ff5+5ba375]
	chromedriver!GetHandleVerifier [0x7ff6f874f0a0+15420]
	chromedriver!(No symbol) [0x7ff6f8285b8d]
	chromedriver!(No symbol) [0x7ff6f825c9e2]
	chromedriver!(No symbol) [0x7ff6f8310d36]
	chromedriver!(No symbol) [0x7ff6f832e172]
	chromedriver!(No symbol) [0x7ff6f82d30cc]
	chromedriver!(No symbol) [0x7ff6f82d3fe3]
	chromedriver!GetHandleVerifier [0x7ff6f8d20d81+5e7101]
	chromedriver!GetHandleVerifier [0x7ff6f8d1b0ea+5e146a]
	chromedriver!GetHandleVerifier [0x7ff6f8d40a15+606d95]
	chromedriver!GetHandleVerifier [0x7ff6f876ca1e+32d9e]
	chromedriver!GetHandleVerifier [0x7ff6f877520c+3b58c]
	chromedriver!GetHandleVerifier [0x7ff6f87592b4+1f634]
	chromedriver!GetHandleVerifier [0x7ff6f8759444+1f7c4]
	chromedriver!GetHandleVerifier [0x7ff6f873bf67+22e7]
	KERNEL32!BaseThreadInitThunk [0x7ff86f0ee957+17]
	ntdll!RtlUserThreadStart [0x7ff86f68ad6c+2c]

[2026-07-23 01:10:45] [!] Check error: Message: no such window: target window already closed
from unknown error: web view not found
  (Session info: chrome=150.0.7871.130)
Stacktrace:
	chromedriver!GetHandleVerifier [0x7ff6f8cf3ff5+5ba375]
	chromedriver!GetHandleVerifier [0x7ff6f874f0a0+15420]
	chromedriver!(No symbol) [0x7ff6f8285b8d]
	chromedriver!(No symbol) [0x7ff6f825c9e2]
	chromedriver!(No symbol) [0x7ff6f8310d36]
	chromedriver!(No symbol) [0x7ff6f832e172]
	chromedriver!(No symbol) [0x7ff6f82d30cc]
	chromedriver!(No symbol) [0x7ff6f82d3fe3]
	chromedriver!GetHandleVerifier [0x7ff6f8d20d81+5e7101]
	chromedriver!GetHandleVerifier [0x7ff6f8d1b0ea+5e146a]
	chromedriver!GetHandleVerifier [0x7ff6f8d40a15+606d95]
	chromedriver!GetHandleVerifier [0x7ff6f876ca1e+32d9e]
	chromedriver!GetHandleVerifier [0x7ff6f877520c+3b58c]
	chromedriver!GetHandleVerifier [0x7ff6f87592b4+1f634]
	chromedriver!GetHandleVerifier [0x7ff6f8759444+1f7c4]
	chromedriver!GetHandleVerifier [0x7ff6f873bf67+22e7]
	KERNEL32!BaseThreadInitThunk [0x7ff86f0ee957+17]
	ntdll!RtlUserThreadStart [0x7ff86f68ad6c+2c]

[2026-07-23 01:10:47] [!] Check error: Message: no such window: target window already closed
from unknown error: web view not found
  (Session info: chrome=150.0.7871.130)
Stacktrace:
	chromedriver!GetHandleVerifier [0x7ff6f8cf3ff5+5ba375]
	chromedriver!GetHandleVerifier [0x7ff6f874f0a0+15420]
	chromedriver!(No symbol) [0x7ff6f8285b8d]
	chromedriver!(No symbol) [0x7ff6f825c9e2]
	chromedriver!(No symbol) [0x7ff6f8310d36]
	chromedriver!(No symbol) [0x7ff6f832e172]
	chromedriver!(No symbol) [0x7ff6f82d30cc]
	chromedriver!(No symbol) [0x7ff6f82d3fe3]
	chromedriver!GetHandleVerifier [0x7ff6f8d20d81+5e7101]
	chromedriver!GetHandleVerifier [0x7ff6f8d1b0ea+5e146a]
	chromedriver!GetHandleVerifier [0x7ff6f8d40a15+606d95]
	chromedriver!GetHandleVerifier [0x7ff6f876ca1e+32d9e]
	chromedriver!GetHandleVerifier [0x7ff6f877520c+3b58c]
	chromedriver!GetHandleVerifier [0x7ff6f87592b4+1f634]
	chromedriver!GetHandleVerifier [0x7ff6f8759444+1f7c4]
	chromedriver!GetHandleVerifier [0x7ff6f873bf67+22e7]
	KERNEL32!BaseThreadInitThunk [0x7ff86f0ee957+17]
	ntdll!RtlUserThreadStart [0x7ff86f68ad6c+2c]

[2026-07-23 01:10:49] [!] Check error: Message: no such window: target window already closed
from unknown error: web view not found
  (Session info: chrome=150.0.7871.130)
Stacktrace:
	chromedriver!GetHandleVerifier [0x7ff6f8cf3ff5+5ba375]
	chromedriver!GetHandleVerifier [0x7ff6f874f0a0+15420]
	chromedriver!(No symbol) [0x7ff6f8285b8d]
	chromedriver!(No symbol) [0x7ff6f825c9e2]
	chromedriver!(No symbol) [0x7ff6f8310d36]
	chromedriver!(No symbol) [0x7ff6f832e172]
	chromedriver!(No symbol) [0x7ff6f82d30cc]
	chromedriver!(No symbol) [0x7ff6f82d3fe3]
	chromedriver!GetHandleVerifier [0x7ff6f8d20d81+5e7101]
	chromedriver!GetHandleVerifier [0x7ff6f8d1b0ea+5e146a]
	chromedriver!GetHandleVerifier [0x7ff6f8d40a15+606d95]
	chromedriver!GetHandleVerifier [0x7ff6f876ca1e+32d9e]
	chromedriver!GetHandleVerifier [0x7ff6f877520c+3b58c]
	chromedriver!GetHandleVerifier [0x7ff6f87592b4+1f634]
	chromedriver!GetHandleVerifier [0x7ff6f8759444+1f7c4]
	chromedriver!GetHandleVerifier [0x7ff6f873bf67+22e7]
	KERNEL32!BaseThreadInitThunk [0x7ff86f0ee957+17]
	ntdll!RtlUserThreadStart [0x7ff86f68ad6c+2c]

[2026-07-23 01:10:51] [!] Check error: Message: no such window: target window already closed
from unknown error: web view not found
  (Session info: chrome=150.0.7871.130)
Stacktrace:
	chromedriver!GetHandleVerifier [0x7ff6f8cf3ff5+5ba375]
	chromedriver!GetHandleVerifier [0x7ff6f874f0a0+15420]
	chromedriver!(No symbol) [0x7ff6f8285b8d]
	chromedriver!(No symbol) [0x7ff6f825c9e2]
	chromedriver!(No symbol) [0x7ff6f8310d36]
	chromedriver!(No symbol) [0x7ff6f832e172]
	chromedriver!(No symbol) [0x7ff6f82d30cc]
	chromedriver!(No symbol) [0x7ff6f82d3fe3]
	chromedriver!GetHandleVerifier [0x7ff6f8d20d81+5e7101]
	chromedriver!GetHandleVerifier [0x7ff6f8d1b0ea+5e146a]
	chromedriver!GetHandleVerifier [0x7ff6f8d40a15+606d95]
	chromedriver!GetHandleVerifier [0x7ff6f876ca1e+32d9e]
	chromedriver!GetHandleVerifier [0x7ff6f877520c+3b58c]
	chromedriver!GetHandleVerifier [0x7ff6f87592b4+1f634]
	chromedriver!GetHandleVerifier [0x7ff6f8759444+1f7c4]
	chromedriver!GetHandleVerifier [0x7ff6f873bf67+22e7]
	KERNEL32!BaseThreadInitThunk [0x7ff86f0ee957+17]
	ntdll!RtlUserThreadStart [0x7ff86f68ad6c+2c]

[2026-07-23 01:10:53] [!] Check error: Message: no such window: target window already closed
from unknown error: web view not found
  (Session info: chrome=150.0.7871.130)
Stacktrace:
	chromedriver!GetHandleVerifier [0x7ff6f8cf3ff5+5ba375]
	chromedriver!GetHandleVerifier [0x7ff6f874f0a0+15420]
	chromedriver!(No symbol) [0x7ff6f8285b8d]
	chromedriver!(No symbol) [0x7ff6f825c9e2]
	chromedriver!(No symbol) [0x7ff6f8310d36]
	chromedriver!(No symbol) [0x7ff6f832e172]
	chromedriver!(No symbol) [0x7ff6f82d30cc]
	chromedriver!(No symbol) [0x7ff6f82d3fe3]
	chromedriver!GetHandleVerifier [0x7ff6f8d20d81+5e7101]
	chromedriver!GetHandleVerifier [0x7ff6f8d1b0ea+5e146a]
	chromedriver!GetHandleVerifier [0x7ff6f8d40a15+606d95]
	chromedriver!GetHandleVerifier [0x7ff6f876ca1e+32d9e]
	chromedriver!GetHandleVerifier [0x7ff6f877520c+3b58c]
	chromedriver!GetHandleVerifier [0x7ff6f87592b4+1f634]
	chromedriver!GetHandleVerifier [0x7ff6f8759444+1f7c4]
	chromedriver!GetHandleVerifier [0x7ff6f873bf67+22e7]
	KERNEL32!BaseThreadInitThunk [0x7ff86f0ee957+17]
	ntdll!RtlUserThreadStart [0x7ff86f68ad6c+2c]

[2026-07-23 01:10:55] [!] Check error: Message: no such window: target window already closed
from unknown error: web view not found
  (Session info: chrome=150.0.7871.130)
Stacktrace:
	chromedriver!GetHandleVerifier [0x7ff6f8cf3ff5+5ba375]
	chromedriver!GetHandleVerifier [0x7ff6f874f0a0+15420]
	chromedriver!(No symbol) [0x7ff6f8285b8d]
	chromedriver!(No symbol) [0x7ff6f825c9e2]
	chromedriver!(No symbol) [0x7ff6f8310d36]
	chromedriver!(No symbol) [0x7ff6f832e172]
	chromedriver!(No symbol) [0x7ff6f82d30cc]
	chromedriver!(No symbol) [0x7ff6f82d3fe3]
	chromedriver!GetHandleVerifier [0x7ff6f8d20d81+5e7101]
	chromedriver!GetHandleVerifier [0x7ff6f8d1b0ea+5e146a]
	chromedriver!GetHandleVerifier [0x7ff6f8d40a15+606d95]
	chromedriver!GetHandleVerifier [0x7ff6f876ca1e+32d9e]
	chromedriver!GetHandleVerifier [0x7ff6f877520c+3b58c]
	chromedriver!GetHandleVerifier [0x7ff6f87592b4+1f634]
	chromedriver!GetHandleVerifier [0x7ff6f8759444+1f7c4]
	chromedriver!GetHandleVerifier [0x7ff6f873bf67+22e7]
	KERNEL32!BaseThreadInitThunk [0x7ff86f0ee957+17]
	ntdll!RtlUserThreadStart [0x7ff86f68ad6c+2c]

[2026-07-23 01:10:57] [!] Check error: Message: no such window: target window already closed
from unknown error: web view not found
  (Session info: chrome=150.0.7871.130)
Stacktrace:
	chromedriver!GetHandleVerifier [0x7ff6f8cf3ff5+5ba375]
	chromedriver!GetHandleVerifier [0x7ff6f874f0a0+15420]
	chromedriver!(No symbol) [0x7ff6f8285b8d]
	chromedriver!(No symbol) [0x7ff6f825c9e2]
	chromedriver!(No symbol) [0x7ff6f8310d36]
	chromedriver!(No symbol) [0x7ff6f832e172]
	chromedriver!(No symbol) [0x7ff6f82d30cc]
	chromedriver!(No symbol) [0x7ff6f82d3fe3]
	chromedriver!GetHandleVerifier [0x7ff6f8d20d81+5e7101]
	chromedriver!GetHandleVerifier [0x7ff6f8d1b0ea+5e146a]
	chromedriver!GetHandleVerifier [0x7ff6f8d40a15+606d95]
	chromedriver!GetHandleVerifier [0x7ff6f876ca1e+32d9e]
	chromedriver!GetHandleVerifier [0x7ff6f877520c+3b58c]
	chromedriver!GetHandleVerifier [0x7ff6f87592b4+1f634]
	chromedriver!GetHandleVerifier [0x7ff6f8759444+1f7c4]
	chromedriver!GetHandleVerifier [0x7ff6f873bf67+22e7]
	KERNEL32!BaseThreadInitThunk [0x7ff86f0ee957+17]
	ntdll!RtlUserThreadStart [0x7ff86f68ad6c+2c]

[2026-07-23 01:10:59] [!] Check error: Message: no such window: target window already closed
from unknown error: web view not found
  (Session info: chrome=150.0.7871.130)
Stacktrace:
	chromedriver!GetHandleVerifier [0x7ff6f8cf3ff5+5ba375]
	chromedriver!GetHandleVerifier [0x7ff6f874f0a0+15420]
	chromedriver!(No symbol) [0x7ff6f8285b8d]
	chromedriver!(No symbol) [0x7ff6f825c9e2]
	chromedriver!(No symbol) [0x7ff6f8310d36]
	chromedriver!(No symbol) [0x7ff6f832e172]
	chromedriver!(No symbol) [0x7ff6f82d30cc]
	chromedriver!(No symbol) [0x7ff6f82d3fe3]
	chromedriver!GetHandleVerifier [0x7ff6f8d20d81+5e7101]
	chromedriver!GetHandleVerifier [0x7ff6f8d1b0ea+5e146a]
	chromedriver!GetHandleVerifier [0x7ff6f8d40a15+606d95]
	chromedriver!GetHandleVerifier [0x7ff6f876ca1e+32d9e]
	chromedriver!GetHandleVerifier [0x7ff6f877520c+3b58c]
	chromedriver!GetHandleVerifier [0x7ff6f87592b4+1f634]
	chromedriver!GetHandleVerifier [0x7ff6f8759444+1f7c4]
	chromedriver!GetHandleVerifier [0x7ff6f873bf67+22e7]
	KERNEL32!BaseThreadInitThunk [0x7ff86f0ee957+17]
	ntdll!RtlUserThreadStart [0x7ff86f68ad6c+2c]

[2026-07-23 01:11:01] [!] Check error: Message: no such window: target window already closed
from unknown error: web view not found
  (Session info: chrome=150.0.7871.130)
Stacktrace:
	chromedriver!GetHandleVerifier [0x7ff6f8cf3ff5+5ba375]
	chromedriver!GetHandleVerifier [0x7ff6f874f0a0+15420]
	chromedriver!(No symbol) [0x7ff6f8285b8d]
	chromedriver!(No symbol) [0x7ff6f825c9e2]
	chromedriver!(No symbol) [0x7ff6f8310d36]
	chromedriver!(No symbol) [0x7ff6f832e172]
	chromedriver!(No symbol) [0x7ff6f82d30cc]
	chromedriver!(No symbol) [0x7ff6f82d3fe3]
	chromedriver!GetHandleVerifier [0x7ff6f8d20d81+5e7101]
	chromedriver!GetHandleVerifier [0x7ff6f8d1b0ea+5e146a]
	chromedriver!GetHandleVerifier [0x7ff6f8d40a15+606d95]
	chromedriver!GetHandleVerifier [0x7ff6f876ca1e+32d9e]
	chromedriver!GetHandleVerifier [0x7ff6f877520c+3b58c]
	chromedriver!GetHandleVerifier [0x7ff6f87592b4+1f634]
	chromedriver!GetHandleVerifier [0x7ff6f8759444+1f7c4]
	chromedriver!GetHandleVerifier [0x7ff6f873bf67+22e7]
	KERNEL32!BaseThreadInitThunk [0x7ff86f0ee957+17]
	ntdll!RtlUserThreadStart [0x7ff86f68ad6c+2c]

[2026-07-23 01:11:03] [!] Check error: Message: no such window: target window already closed
from unknown error: web view not found
  (Session info: chrome=150.0.7871.130)
Stacktrace:
	chromedriver!GetHandleVerifier [0x7ff6f8cf3ff5+5ba375]
	chromedriver!GetHandleVerifier [0x7ff6f874f0a0+15420]
	chromedriver!(No symbol) [0x7ff6f8285b8d]
	chromedriver!(No symbol) [0x7ff6f825c9e2]
	chromedriver!(No symbol) [0x7ff6f8310d36]
	chromedriver!(No symbol) [0x7ff6f832e172]
	chromedriver!(No symbol) [0x7ff6f82d30cc]
	chromedriver!(No symbol) [0x7ff6f82d3fe3]
	chromedriver!GetHandleVerifier [0x7ff6f8d20d81+5e7101]
	chromedriver!GetHandleVerifier [0x7ff6f8d1b0ea+5e146a]
	chromedriver!GetHandleVerifier [0x7ff6f8d40a15+606d95]
	chromedriver!GetHandleVerifier [0x7ff6f876ca1e+32d9e]
	chromedriver!GetHandleVerifier [0x7ff6f877520c+3b58c]
	chromedriver!GetHandleVerifier [0x7ff6f87592b4+1f634]
	chromedriver!GetHandleVerifier [0x7ff6f8759444+1f7c4]
	chromedriver!GetHandleVerifier [0x7ff6f873bf67+22e7]
	KERNEL32!BaseThreadInitThunk [0x7ff86f0ee957+17]
	ntdll!RtlUserThreadStart [0x7ff86f68ad6c+2c]

[2026-07-23 01:11:05] [!] Check error: Message: no such window: target window already closed
from unknown error: web view not found
  (Session info: chrome=150.0.7871.130)
Stacktrace:
	chromedriver!GetHandleVerifier [0x7ff6f8cf3ff5+5ba375]
	chromedriver!GetHandleVerifier [0x7ff6f874f0a0+15420]
	chromedriver!(No symbol) [0x7ff6f8285b8d]
	chromedriver!(No symbol) [0x7ff6f825c9e2]
	chromedriver!(No symbol) [0x7ff6f8310d36]
	chromedriver!(No symbol) [0x7ff6f832e172]
	chromedriver!(No symbol) [0x7ff6f82d30cc]
	chromedriver!(No symbol) [0x7ff6f82d3fe3]
	chromedriver!GetHandleVerifier [0x7ff6f8d20d81+5e7101]
	chromedriver!GetHandleVerifier [0x7ff6f8d1b0ea+5e146a]
	chromedriver!GetHandleVerifier [0x7ff6f8d40a15+606d95]
	chromedriver!GetHandleVerifier [0x7ff6f876ca1e+32d9e]
	chromedriver!GetHandleVerifier [0x7ff6f877520c+3b58c]
	chromedriver!GetHandleVerifier [0x7ff6f87592b4+1f634]
	chromedriver!GetHandleVerifier [0x7ff6f8759444+1f7c4]
	chromedriver!GetHandleVerifier [0x7ff6f873bf67+22e7]
	KERNEL32!BaseThreadInitThunk [0x7ff86f0ee957+17]
	ntdll!RtlUserThreadStart [0x7ff86f68ad6c+2c]

[2026-07-23 01:11:07] [!] Check error: Message: no such window: target window already closed
from unknown error: web view not found
  (Session info: chrome=150.0.7871.130)
Stacktrace:
	chromedriver!GetHandleVerifier [0x7ff6f8cf3ff5+5ba375]
	chromedriver!GetHandleVerifier [0x7ff6f874f0a0+15420]
	chromedriver!(No symbol) [0x7ff6f8285b8d]
	chromedriver!(No symbol) [0x7ff6f825c9e2]
	chromedriver!(No symbol) [0x7ff6f8310d36]
	chromedriver!(No symbol) [0x7ff6f832e172]
	chromedriver!(No symbol) [0x7ff6f82d30cc]
	chromedriver!(No symbol) [0x7ff6f82d3fe3]
	chromedriver!GetHandleVerifier [0x7ff6f8d20d81+5e7101]
	chromedriver!GetHandleVerifier [0x7ff6f8d1b0ea+5e146a]
	chromedriver!GetHandleVerifier [0x7ff6f8d40a15+606d95]
	chromedriver!GetHandleVerifier [0x7ff6f876ca1e+32d9e]
	chromedriver!GetHandleVerifier [0x7ff6f877520c+3b58c]
	chromedriver!GetHandleVerifier [0x7ff6f87592b4+1f634]
	chromedriver!GetHandleVerifier [0x7ff6f8759444+1f7c4]
	chromedriver!GetHandleVerifier [0x7ff6f873bf67+22e7]
	KERNEL32!BaseThreadInitThunk [0x7ff86f0ee957+17]
	ntdll!RtlUserThreadStart [0x7ff86f68ad6c+2c]

[2026-07-23 01:11:09] [!] Check error: Message: no such window: target window already closed
from unknown error: web view not found
  (Session info: chrome=150.0.7871.130)
Stacktrace:
	chromedriver!GetHandleVerifier [0x7ff6f8cf3ff5+5ba375]
	chromedriver!GetHandleVerifier [0x7ff6f874f0a0+15420]
	chromedriver!(No symbol) [0x7ff6f8285b8d]
	chromedriver!(No symbol) [0x7ff6f825c9e2]
	chromedriver!(No symbol) [0x7ff6f8310d36]
	chromedriver!(No symbol) [0x7ff6f832e172]
	chromedriver!(No symbol) [0x7ff6f82d30cc]
	chromedriver!(No symbol) [0x7ff6f82d3fe3]
	chromedriver!GetHandleVerifier [0x7ff6f8d20d81+5e7101]
	chromedriver!GetHandleVerifier [0x7ff6f8d1b0ea+5e146a]
	chromedriver!GetHandleVerifier [0x7ff6f8d40a15+606d95]
	chromedriver!GetHandleVerifier [0x7ff6f876ca1e+32d9e]
	chromedriver!GetHandleVerifier [0x7ff6f877520c+3b58c]
	chromedriver!GetHandleVerifier [0x7ff6f87592b4+1f634]
	chromedriver!GetHandleVerifier [0x7ff6f8759444+1f7c4]
	chromedriver!GetHandleVerifier [0x7ff6f873bf67+22e7]
	KERNEL32!BaseThreadInitThunk [0x7ff86f0ee957+17]
	ntdll!RtlUserThreadStart [0x7ff86f68ad6c+2c]

[2026-07-23 01:11:11] [!] Check error: Message: no such window: target window already closed
from unknown error: web view not found
  (Session info: chrome=150.0.7871.130)
Stacktrace:
	chromedriver!GetHandleVerifier [0x7ff6f8cf3ff5+5ba375]
	chromedriver!GetHandleVerifier [0x7ff6f874f0a0+15420]
	chromedriver!(No symbol) [0x7ff6f8285b8d]
	chromedriver!(No symbol) [0x7ff6f825c9e2]
	chromedriver!(No symbol) [0x7ff6f8310d36]
	chromedriver!(No symbol) [0x7ff6f832e172]
	chromedriver!(No symbol) [0x7ff6f82d30cc]
	chromedriver!(No symbol) [0x7ff6f82d3fe3]
	chromedriver!GetHandleVerifier [0x7ff6f8d20d81+5e7101]
	chromedriver!GetHandleVerifier [0x7ff6f8d1b0ea+5e146a]
	chromedriver!GetHandleVerifier [0x7ff6f8d40a15+606d95]
	chromedriver!GetHandleVerifier [0x7ff6f876ca1e+32d9e]
	chromedriver!GetHandleVerifier [0x7ff6f877520c+3b58c]
	chromedriver!GetHandleVerifier [0x7ff6f87592b4+1f634]
	chromedriver!GetHandleVerifier [0x7ff6f8759444+1f7c4]
	chromedriver!GetHandleVerifier [0x7ff6f873bf67+22e7]
	KERNEL32!BaseThreadInitThunk [0x7ff86f0ee957+17]
	ntdll!RtlUserThreadStart [0x7ff86f68ad6c+2c]

[2026-07-23 01:11:13] [!] Check error: Message: no such window: target window already closed
from unknown error: web view not found
  (Session info: chrome=150.0.7871.130)
Stacktrace:
	chromedriver!GetHandleVerifier [0x7ff6f8cf3ff5+5ba375]
	chromedriver!GetHandleVerifier [0x7ff6f874f0a0+15420]
	chromedriver!(No symbol) [0x7ff6f8285b8d]
	chromedriver!(No symbol) [0x7ff6f825c9e2]
	chromedriver!(No symbol) [0x7ff6f8310d36]
	chromedriver!(No symbol) [0x7ff6f832e172]
	chromedriver!(No symbol) [0x7ff6f82d30cc]
	chromedriver!(No symbol) [0x7ff6f82d3fe3]
	chromedriver!GetHandleVerifier [0x7ff6f8d20d81+5e7101]
	chromedriver!GetHandleVerifier [0x7ff6f8d1b0ea+5e146a]
	chromedriver!GetHandleVerifier [0x7ff6f8d40a15+606d95]
	chromedriver!GetHandleVerifier [0x7ff6f876ca1e+32d9e]
	chromedriver!GetHandleVerifier [0x7ff6f877520c+3b58c]
	chromedriver!GetHandleVerifier [0x7ff6f87592b4+1f634]
	chromedriver!GetHandleVerifier [0x7ff6f8759444+1f7c4]
	chromedriver!GetHandleVerifier [0x7ff6f873bf67+22e7]
	KERNEL32!BaseThreadInitThunk [0x7ff86f0ee957+17]
	ntdll!RtlUserThreadStart [0x7ff86f68ad6c+2c]

[2026-07-23 01:11:15] [!] Check error: Message: no such window: target window already closed
from unknown error: web view not found
  (Session info: chrome=150.0.7871.130)
Stacktrace:
	chromedriver!GetHandleVerifier [0x7ff6f8cf3ff5+5ba375]
	chromedriver!GetHandleVerifier [0x7ff6f874f0a0+15420]
	chromedriver!(No symbol) [0x7ff6f8285b8d]
	chromedriver!(No symbol) [0x7ff6f825c9e2]
	chromedriver!(No symbol) [0x7ff6f8310d36]
	chromedriver!(No symbol) [0x7ff6f832e172]
	chromedriver!(No symbol) [0x7ff6f82d30cc]
	chromedriver!(No symbol) [0x7ff6f82d3fe3]
	chromedriver!GetHandleVerifier [0x7ff6f8d20d81+5e7101]
	chromedriver!GetHandleVerifier [0x7ff6f8d1b0ea+5e146a]
	chromedriver!GetHandleVerifier [0x7ff6f8d40a15+606d95]
	chromedriver!GetHandleVerifier [0x7ff6f876ca1e+32d9e]
	chromedriver!GetHandleVerifier [0x7ff6f877520c+3b58c]
	chromedriver!GetHandleVerifier [0x7ff6f87592b4+1f634]
	chromedriver!GetHandleVerifier [0x7ff6f8759444+1f7c4]
	chromedriver!GetHandleVerifier [0x7ff6f873bf67+22e7]
	KERNEL32!BaseThreadInitThunk [0x7ff86f0ee957+17]
	ntdll!RtlUserThreadStart [0x7ff86f68ad6c+2c]

[2026-07-23 01:11:17] [!] Check error: Message: no such window: target window already closed
from unknown error: web view not found
  (Session info: chrome=150.0.7871.130)
Stacktrace:
	chromedriver!GetHandleVerifier [0x7ff6f8cf3ff5+5ba375]
	chromedriver!GetHandleVerifier [0x7ff6f874f0a0+15420]
	chromedriver!(No symbol) [0x7ff6f8285b8d]
	chromedriver!(No symbol) [0x7ff6f825c9e2]
	chromedriver!(No symbol) [0x7ff6f8310d36]
	chromedriver!(No symbol) [0x7ff6f832e172]
	chromedriver!(No symbol) [0x7ff6f82d30cc]
	chromedriver!(No symbol) [0x7ff6f82d3fe3]
	chromedriver!GetHandleVerifier [0x7ff6f8d20d81+5e7101]
	chromedriver!GetHandleVerifier [0x7ff6f8d1b0ea+5e146a]
	chromedriver!GetHandleVerifier [0x7ff6f8d40a15+606d95]
	chromedriver!GetHandleVerifier [0x7ff6f876ca1e+32d9e]
	chromedriver!GetHandleVerifier [0x7ff6f877520c+3b58c]
	chromedriver!GetHandleVerifier [0x7ff6f87592b4+1f634]
	chromedriver!GetHandleVerifier [0x7ff6f8759444+1f7c4]
	chromedriver!GetHandleVerifier [0x7ff6f873bf67+22e7]
	KERNEL32!BaseThreadInitThunk [0x7ff86f0ee957+17]
	ntdll!RtlUserThreadStart [0x7ff86f68ad6c+2c]

[2026-07-23 01:11:19] [!] Check error: Message: no such window: target window already closed
from unknown error: web view not found
  (Session info: chrome=150.0.7871.130)
Stacktrace:
	chromedriver!GetHandleVerifier [0x7ff6f8cf3ff5+5ba375]
	chromedriver!GetHandleVerifier [0x7ff6f874f0a0+15420]
	chromedriver!(No symbol) [0x7ff6f8285b8d]
	chromedriver!(No symbol) [0x7ff6f825c9e2]
	chromedriver!(No symbol) [0x7ff6f8310d36]
	chromedriver!(No symbol) [0x7ff6f832e172]
	chromedriver!(No symbol) [0x7ff6f82d30cc]
	chromedriver!(No symbol) [0x7ff6f82d3fe3]
	chromedriver!GetHandleVerifier [0x7ff6f8d20d81+5e7101]
	chromedriver!GetHandleVerifier [0x7ff6f8d1b0ea+5e146a]
	chromedriver!GetHandleVerifier [0x7ff6f8d40a15+606d95]
	chromedriver!GetHandleVerifier [0x7ff6f876ca1e+32d9e]
	chromedriver!GetHandleVerifier [0x7ff6f877520c+3b58c]
	chromedriver!GetHandleVerifier [0x7ff6f87592b4+1f634]
	chromedriver!GetHandleVerifier [0x7ff6f8759444+1f7c4]
	chromedriver!GetHandleVerifier [0x7ff6f873bf67+22e7]
	KERNEL32!BaseThreadInitThunk [0x7ff86f0ee957+17]
	ntdll!RtlUserThreadStart [0x7ff86f68ad6c+2c]

[2026-07-23 01:11:21] [!] Check error: Message: no such window: target window already closed
from unknown error: web view not found
  (Session info: chrome=150.0.7871.130)
Stacktrace:
	chromedriver!GetHandleVerifier [0x7ff6f8cf3ff5+5ba375]
	chromedriver!GetHandleVerifier [0x7ff6f874f0a0+15420]
	chromedriver!(No symbol) [0x7ff6f8285b8d]
	chromedriver!(No symbol) [0x7ff6f825c9e2]
	chromedriver!(No symbol) [0x7ff6f8310d36]
	chromedriver!(No symbol) [0x7ff6f832e172]
	chromedriver!(No symbol) [0x7ff6f82d30cc]
	chromedriver!(No symbol) [0x7ff6f82d3fe3]
	chromedriver!GetHandleVerifier [0x7ff6f8d20d81+5e7101]
	chromedriver!GetHandleVerifier [0x7ff6f8d1b0ea+5e146a]
	chromedriver!GetHandleVerifier [0x7ff6f8d40a15+606d95]
	chromedriver!GetHandleVerifier [0x7ff6f876ca1e+32d9e]
	chromedriver!GetHandleVerifier [0x7ff6f877520c+3b58c]
	chromedriver!GetHandleVerifier [0x7ff6f87592b4+1f634]
	chromedriver!GetHandleVerifier [0x7ff6f8759444+1f7c4]
	chromedriver!GetHandleVerifier [0x7ff6f873bf67+22e7]
	KERNEL32!BaseThreadInitThunk [0x7ff86f0ee957+17]
	ntdll!RtlUserThreadStart [0x7ff86f68ad6c+2c]

[2026-07-23 01:11:23] [!] Check error: Message: no such window: target window already closed
from unknown error: web view not found
  (Session info: chrome=150.0.7871.130)
Stacktrace:
	chromedriver!GetHandleVerifier [0x7ff6f8cf3ff5+5ba375]
	chromedriver!GetHandleVerifier [0x7ff6f874f0a0+15420]
	chromedriver!(No symbol) [0x7ff6f8285b8d]
	chromedriver!(No symbol) [0x7ff6f825c9e2]
	chromedriver!(No symbol) [0x7ff6f8310d36]
	chromedriver!(No symbol) [0x7ff6f832e172]
	chromedriver!(No symbol) [0x7ff6f82d30cc]
	chromedriver!(No symbol) [0x7ff6f82d3fe3]
	chromedriver!GetHandleVerifier [0x7ff6f8d20d81+5e7101]
	chromedriver!GetHandleVerifier [0x7ff6f8d1b0ea+5e146a]
	chromedriver!GetHandleVerifier [0x7ff6f8d40a15+606d95]
	chromedriver!GetHandleVerifier [0x7ff6f876ca1e+32d9e]
	chromedriver!GetHandleVerifier [0x7ff6f877520c+3b58c]
	chromedriver!GetHandleVerifier [0x7ff6f87592b4+1f634]
	chromedriver!GetHandleVerifier [0x7ff6f8759444+1f7c4]
	chromedriver!GetHandleVerifier [0x7ff6f873bf67+22e7]
	KERNEL32!BaseThreadInitThunk [0x7ff86f0ee957+17]
	ntdll!RtlUserThreadStart [0x7ff86f68ad6c+2c]

[2026-07-23 01:11:25] [!] Check error: Message: no such window: target window already closed
from unknown error: web view not found
  (Session info: chrome=150.0.7871.130)
Stacktrace:
	chromedriver!GetHandleVerifier [0x7ff6f8cf3ff5+5ba375]
	chromedriver!GetHandleVerifier [0x7ff6f874f0a0+15420]
	chromedriver!(No symbol) [0x7ff6f8285b8d]
	chromedriver!(No symbol) [0x7ff6f825c9e2]
	chromedriver!(No symbol) [0x7ff6f8310d36]
	chromedriver!(No symbol) [0x7ff6f832e172]
	chromedriver!(No symbol) [0x7ff6f82d30cc]
	chromedriver!(No symbol) [0x7ff6f82d3fe3]
	chromedriver!GetHandleVerifier [0x7ff6f8d20d81+5e7101]
	chromedriver!GetHandleVerifier [0x7ff6f8d1b0ea+5e146a]
	chromedriver!GetHandleVerifier [0x7ff6f8d40a15+606d95]
	chromedriver!GetHandleVerifier [0x7ff6f876ca1e+32d9e]
	chromedriver!GetHandleVerifier [0x7ff6f877520c+3b58c]
	chromedriver!GetHandleVerifier [0x7ff6f87592b4+1f634]
	chromedriver!GetHandleVerifier [0x7ff6f8759444+1f7c4]
	chromedriver!GetHandleVerifier [0x7ff6f873bf67+22e7]
	KERNEL32!BaseThreadInitThunk [0x7ff86f0ee957+17]
	ntdll!RtlUserThreadStart [0x7ff86f68ad6c+2c]

[2026-07-23 01:11:27] [!] Check error: Message: no such window: target window already closed
from unknown error: web view not found
  (Session info: chrome=150.0.7871.130)
Stacktrace:
	chromedriver!GetHandleVerifier [0x7ff6f8cf3ff5+5ba375]
	chromedriver!GetHandleVerifier [0x7ff6f874f0a0+15420]
	chromedriver!(No symbol) [0x7ff6f8285b8d]
	chromedriver!(No symbol) [0x7ff6f825c9e2]
	chromedriver!(No symbol) [0x7ff6f8310d36]
	chromedriver!(No symbol) [0x7ff6f832e172]
	chromedriver!(No symbol) [0x7ff6f82d30cc]
	chromedriver!(No symbol) [0x7ff6f82d3fe3]
	chromedriver!GetHandleVerifier [0x7ff6f8d20d81+5e7101]
	chromedriver!GetHandleVerifier [0x7ff6f8d1b0ea+5e146a]
	chromedriver!GetHandleVerifier [0x7ff6f8d40a15+606d95]
	chromedriver!GetHandleVerifier [0x7ff6f876ca1e+32d9e]
	chromedriver!GetHandleVerifier [0x7ff6f877520c+3b58c]
	chromedriver!GetHandleVerifier [0x7ff6f87592b4+1f634]
	chromedriver!GetHandleVerifier [0x7ff6f8759444+1f7c4]
	chromedriver!GetHandleVerifier [0x7ff6f873bf67+22e7]
	KERNEL32!BaseThreadInitThunk [0x7ff86f0ee957+17]
	ntdll!RtlUserThreadStart [0x7ff86f68ad6c+2c]

[2026-07-23 01:11:29] [!] Check error: Message: no such window: target window already closed
from unknown error: web view not found
  (Session info: chrome=150.0.7871.130)
Stacktrace:
	chromedriver!GetHandleVerifier [0x7ff6f8cf3ff5+5ba375]
	chromedriver!GetHandleVerifier [0x7ff6f874f0a0+15420]
	chromedriver!(No symbol) [0x7ff6f8285b8d]
	chromedriver!(No symbol) [0x7ff6f825c9e2]
	chromedriver!(No symbol) [0x7ff6f8310d36]
	chromedriver!(No symbol) [0x7ff6f832e172]
	chromedriver!(No symbol) [0x7ff6f82d30cc]
	chromedriver!(No symbol) [0x7ff6f82d3fe3]
	chromedriver!GetHandleVerifier [0x7ff6f8d20d81+5e7101]
	chromedriver!GetHandleVerifier [0x7ff6f8d1b0ea+5e146a]
	chromedriver!GetHandleVerifier [0x7ff6f8d40a15+606d95]
	chromedriver!GetHandleVerifier [0x7ff6f876ca1e+32d9e]
	chromedriver!GetHandleVerifier [0x7ff6f877520c+3b58c]
	chromedriver!GetHandleVerifier [0x7ff6f87592b4+1f634]
	chromedriver!GetHandleVerifier [0x7ff6f8759444+1f7c4]
	chromedriver!GetHandleVerifier [0x7ff6f873bf67+22e7]
	KERNEL32!BaseThreadInitThunk [0x7ff86f0ee957+17]
	ntdll!RtlUserThreadStart [0x7ff86f68ad6c+2c]

[2026-07-23 01:11:31] [!] Check error: Message: no such window: target window already closed
from unknown error: web view not found
  (Session info: chrome=150.0.7871.130)
Stacktrace:
	chromedriver!GetHandleVerifier [0x7ff6f8cf3ff5+5ba375]
	chromedriver!GetHandleVerifier [0x7ff6f874f0a0+15420]
	chromedriver!(No symbol) [0x7ff6f8285b8d]
	chromedriver!(No symbol) [0x7ff6f825c9e2]
	chromedriver!(No symbol) [0x7ff6f8310d36]
	chromedriver!(No symbol) [0x7ff6f832e172]
	chromedriver!(No symbol) [0x7ff6f82d30cc]
	chromedriver!(No symbol) [0x7ff6f82d3fe3]
	chromedriver!GetHandleVerifier [0x7ff6f8d20d81+5e7101]
	chromedriver!GetHandleVerifier [0x7ff6f8d1b0ea+5e146a]
	chromedriver!GetHandleVerifier [0x7ff6f8d40a15+606d95]
	chromedriver!GetHandleVerifier [0x7ff6f876ca1e+32d9e]
	chromedriver!GetHandleVerifier [0x7ff6f877520c+3b58c]
	chromedriver!GetHandleVerifier [0x7ff6f87592b4+1f634]
	chromedriver!GetHandleVerifier [0x7ff6f8759444+1f7c4]
	chromedriver!GetHandleVerifier [0x7ff6f873bf67+22e7]
	KERNEL32!BaseThreadInitThunk [0x7ff86f0ee957+17]
	ntdll!RtlUserThreadStart [0x7ff86f68ad6c+2c]

[2026-07-23 01:11:33] [!] Check error: Message: no such window: target window already closed
from unknown error: web view not found
  (Session info: chrome=150.0.7871.130)
Stacktrace:
	chromedriver!GetHandleVerifier [0x7ff6f8cf3ff5+5ba375]
	chromedriver!GetHandleVerifier [0x7ff6f874f0a0+15420]
	chromedriver!(No symbol) [0x7ff6f8285b8d]
	chromedriver!(No symbol) [0x7ff6f825c9e2]
	chromedriver!(No symbol) [0x7ff6f8310d36]
	chromedriver!(No symbol) [0x7ff6f832e172]
	chromedriver!(No symbol) [0x7ff6f82d30cc]
	chromedriver!(No symbol) [0x7ff6f82d3fe3]
	chromedriver!GetHandleVerifier [0x7ff6f8d20d81+5e7101]
	chromedriver!GetHandleVerifier [0x7ff6f8d1b0ea+5e146a]
	chromedriver!GetHandleVerifier [0x7ff6f8d40a15+606d95]
	chromedriver!GetHandleVerifier [0x7ff6f876ca1e+32d9e]
	chromedriver!GetHandleVerifier [0x7ff6f877520c+3b58c]
	chromedriver!GetHandleVerifier [0x7ff6f87592b4+1f634]
	chromedriver!GetHandleVerifier [0x7ff6f8759444+1f7c4]
	chromedriver!GetHandleVerifier [0x7ff6f873bf67+22e7]
	KERNEL32!BaseThreadInitThunk [0x7ff86f0ee957+17]
	ntdll!RtlUserThreadStart [0x7ff86f68ad6c+2c]

[2026-07-23 01:11:36] [!] Check error: Message: no such window: target window already closed
from unknown error: web view not found
  (Session info: chrome=150.0.7871.130)
Stacktrace:
	chromedriver!GetHandleVerifier [0x7ff6f8cf3ff5+5ba375]
	chromedriver!GetHandleVerifier [0x7ff6f874f0a0+15420]
	chromedriver!(No symbol) [0x7ff6f8285b8d]
	chromedriver!(No symbol) [0x7ff6f825c9e2]
	chromedriver!(No symbol) [0x7ff6f8310d36]
	chromedriver!(No symbol) [0x7ff6f832e172]
	chromedriver!(No symbol) [0x7ff6f82d30cc]
	chromedriver!(No symbol) [0x7ff6f82d3fe3]
	chromedriver!GetHandleVerifier [0x7ff6f8d20d81+5e7101]
	chromedriver!GetHandleVerifier [0x7ff6f8d1b0ea+5e146a]
	chromedriver!GetHandleVerifier [0x7ff6f8d40a15+606d95]
	chromedriver!GetHandleVerifier [0x7ff6f876ca1e+32d9e]
	chromedriver!GetHandleVerifier [0x7ff6f877520c+3b58c]
	chromedriver!GetHandleVerifier [0x7ff6f87592b4+1f634]
	chromedriver!GetHandleVerifier [0x7ff6f8759444+1f7c4]
	chromedriver!GetHandleVerifier [0x7ff6f873bf67+22e7]
	KERNEL32!BaseThreadInitThunk [0x7ff86f0ee957+17]
	ntdll!RtlUserThreadStart [0x7ff86f68ad6c+2c]

[2026-07-23 01:11:38] [!] Check error: Message: no such window: target window already closed
from unknown error: web view not found
  (Session info: chrome=150.0.7871.130)
Stacktrace:
	chromedriver!GetHandleVerifier [0x7ff6f8cf3ff5+5ba375]
	chromedriver!GetHandleVerifier [0x7ff6f874f0a0+15420]
	chromedriver!(No symbol) [0x7ff6f8285b8d]
	chromedriver!(No symbol) [0x7ff6f825c9e2]
	chromedriver!(No symbol) [0x7ff6f8310d36]
	chromedriver!(No symbol) [0x7ff6f832e172]
	chromedriver!(No symbol) [0x7ff6f82d30cc]
	chromedriver!(No symbol) [0x7ff6f82d3fe3]
	chromedriver!GetHandleVerifier [0x7ff6f8d20d81+5e7101]
	chromedriver!GetHandleVerifier [0x7ff6f8d1b0ea+5e146a]
	chromedriver!GetHandleVerifier [0x7ff6f8d40a15+606d95]
	chromedriver!GetHandleVerifier [0x7ff6f876ca1e+32d9e]
	chromedriver!GetHandleVerifier [0x7ff6f877520c+3b58c]
	chromedriver!GetHandleVerifier [0x7ff6f87592b4+1f634]
	chromedriver!GetHandleVerifier [0x7ff6f8759444+1f7c4]
	chromedriver!GetHandleVerifier [0x7ff6f873bf67+22e7]
	KERNEL32!BaseThreadInitThunk [0x7ff86f0ee957+17]
	ntdll!RtlUserThreadStart [0x7ff86f68ad6c+2c]

[2026-07-23 01:11:40] [!] Check error: Message: no such window: target window already closed
from unknown error: web view not found
  (Session info: chrome=150.0.7871.130)
Stacktrace:
	chromedriver!GetHandleVerifier [0x7ff6f8cf3ff5+5ba375]
	chromedriver!GetHandleVerifier [0x7ff6f874f0a0+15420]
	chromedriver!(No symbol) [0x7ff6f8285b8d]
	chromedriver!(No symbol) [0x7ff6f825c9e2]
	chromedriver!(No symbol) [0x7ff6f8310d36]
	chromedriver!(No symbol) [0x7ff6f832e172]
	chromedriver!(No symbol) [0x7ff6f82d30cc]
	chromedriver!(No symbol) [0x7ff6f82d3fe3]
	chromedriver!GetHandleVerifier [0x7ff6f8d20d81+5e7101]
	chromedriver!GetHandleVerifier [0x7ff6f8d1b0ea+5e146a]
	chromedriver!GetHandleVerifier [0x7ff6f8d40a15+606d95]
	chromedriver!GetHandleVerifier [0x7ff6f876ca1e+32d9e]
	chromedriver!GetHandleVerifier [0x7ff6f877520c+3b58c]
	chromedriver!GetHandleVerifier [0x7ff6f87592b4+1f634]
	chromedriver!GetHandleVerifier [0x7ff6f8759444+1f7c4]
	chromedriver!GetHandleVerifier [0x7ff6f873bf67+22e7]
	KERNEL32!BaseThreadInitThunk [0x7ff86f0ee957+17]
	ntdll!RtlUserThreadStart [0x7ff86f68ad6c+2c]

[2026-07-23 01:11:42] [!] Check error: Message: no such window: target window already closed
from unknown error: web view not found
  (Session info: chrome=150.0.7871.130)
Stacktrace:
	chromedriver!GetHandleVerifier [0x7ff6f8cf3ff5+5ba375]
	chromedriver!GetHandleVerifier [0x7ff6f874f0a0+15420]
	chromedriver!(No symbol) [0x7ff6f8285b8d]
	chromedriver!(No symbol) [0x7ff6f825c9e2]
	chromedriver!(No symbol) [0x7ff6f8310d36]
	chromedriver!(No symbol) [0x7ff6f832e172]
	chromedriver!(No symbol) [0x7ff6f82d30cc]
	chromedriver!(No symbol) [0x7ff6f82d3fe3]
	chromedriver!GetHandleVerifier [0x7ff6f8d20d81+5e7101]
	chromedriver!GetHandleVerifier [0x7ff6f8d1b0ea+5e146a]
	chromedriver!GetHandleVerifier [0x7ff6f8d40a15+606d95]
	chromedriver!GetHandleVerifier [0x7ff6f876ca1e+32d9e]
	chromedriver!GetHandleVerifier [0x7ff6f877520c+3b58c]
	chromedriver!GetHandleVerifier [0x7ff6f87592b4+1f634]
	chromedriver!GetHandleVerifier [0x7ff6f8759444+1f7c4]
	chromedriver!GetHandleVerifier [0x7ff6f873bf67+22e7]
	KERNEL32!BaseThreadInitThunk [0x7ff86f0ee957+17]
	ntdll!RtlUserThreadStart [0x7ff86f68ad6c+2c]

[2026-07-23 01:11:44] [!] Check error: Message: no such window: target window already closed
from unknown error: web view not found
  (Session info: chrome=150.0.7871.130)
Stacktrace:
	chromedriver!GetHandleVerifier [0x7ff6f8cf3ff5+5ba375]
	chromedriver!GetHandleVerifier [0x7ff6f874f0a0+15420]
	chromedriver!(No symbol) [0x7ff6f8285b8d]
	chromedriver!(No symbol) [0x7ff6f825c9e2]
	chromedriver!(No symbol) [0x7ff6f8310d36]
	chromedriver!(No symbol) [0x7ff6f832e172]
	chromedriver!(No symbol) [0x7ff6f82d30cc]
	chromedriver!(No symbol) [0x7ff6f82d3fe3]
	chromedriver!GetHandleVerifier [0x7ff6f8d20d81+5e7101]
	chromedriver!GetHandleVerifier [0x7ff6f8d1b0ea+5e146a]
	chromedriver!GetHandleVerifier [0x7ff6f8d40a15+606d95]
	chromedriver!GetHandleVerifier [0x7ff6f876ca1e+32d9e]
	chromedriver!GetHandleVerifier [0x7ff6f877520c+3b58c]
	chromedriver!GetHandleVerifier [0x7ff6f87592b4+1f634]
	chromedriver!GetHandleVerifier [0x7ff6f8759444+1f7c4]
	chromedriver!GetHandleVerifier [0x7ff6f873bf67+22e7]
	KERNEL32!BaseThreadInitThunk [0x7ff86f0ee957+17]
	ntdll!RtlUserThreadStart [0x7ff86f68ad6c+2c]

[2026-07-23 01:11:46] [!] Check error: Message: no such window: target window already closed
from unknown error: web view not found
  (Session info: chrome=150.0.7871.130)
Stacktrace:
	chromedriver!GetHandleVerifier [0x7ff6f8cf3ff5+5ba375]
	chromedriver!GetHandleVerifier [0x7ff6f874f0a0+15420]
	chromedriver!(No symbol) [0x7ff6f8285b8d]
	chromedriver!(No symbol) [0x7ff6f825c9e2]
	chromedriver!(No symbol) [0x7ff6f8310d36]
	chromedriver!(No symbol) [0x7ff6f832e172]
	chromedriver!(No symbol) [0x7ff6f82d30cc]
	chromedriver!(No symbol) [0x7ff6f82d3fe3]
	chromedriver!GetHandleVerifier [0x7ff6f8d20d81+5e7101]
	chromedriver!GetHandleVerifier [0x7ff6f8d1b0ea+5e146a]
	chromedriver!GetHandleVerifier [0x7ff6f8d40a15+606d95]
	chromedriver!GetHandleVerifier [0x7ff6f876ca1e+32d9e]
	chromedriver!GetHandleVerifier [0x7ff6f877520c+3b58c]
	chromedriver!GetHandleVerifier [0x7ff6f87592b4+1f634]
	chromedriver!GetHandleVerifier [0x7ff6f8759444+1f7c4]
	chromedriver!GetHandleVerifier [0x7ff6f873bf67+22e7]
	KERNEL32!BaseThreadInitThunk [0x7ff86f0ee957+17]
	ntdll!RtlUserThreadStart [0x7ff86f68ad6c+2c]

[2026-07-23 01:11:48] [!] Check error: Message: no such window: target window already closed
from unknown error: web view not found
  (Session info: chrome=150.0.7871.130)
Stacktrace:
	chromedriver!GetHandleVerifier [0x7ff6f8cf3ff5+5ba375]
	chromedriver!GetHandleVerifier [0x7ff6f874f0a0+15420]
	chromedriver!(No symbol) [0x7ff6f8285b8d]
	chromedriver!(No symbol) [0x7ff6f825c9e2]
	chromedriver!(No symbol) [0x7ff6f8310d36]
	chromedriver!(No symbol) [0x7ff6f832e172]
	chromedriver!(No symbol) [0x7ff6f82d30cc]
	chromedriver!(No symbol) [0x7ff6f82d3fe3]
	chromedriver!GetHandleVerifier [0x7ff6f8d20d81+5e7101]
	chromedriver!GetHandleVerifier [0x7ff6f8d1b0ea+5e146a]
	chromedriver!GetHandleVerifier [0x7ff6f8d40a15+606d95]
	chromedriver!GetHandleVerifier [0x7ff6f876ca1e+32d9e]
	chromedriver!GetHandleVerifier [0x7ff6f877520c+3b58c]
	chromedriver!GetHandleVerifier [0x7ff6f87592b4+1f634]
	chromedriver!GetHandleVerifier [0x7ff6f8759444+1f7c4]
	chromedriver!GetHandleVerifier [0x7ff6f873bf67+22e7]
	KERNEL32!BaseThreadInitThunk [0x7ff86f0ee957+17]
	ntdll!RtlUserThreadStart [0x7ff86f68ad6c+2c]

[2026-07-23 01:11:50] [!] Check error: Message: no such window: target window already closed
from unknown error: web view not found
  (Session info: chrome=150.0.7871.130)
Stacktrace:
	chromedriver!GetHandleVerifier [0x7ff6f8cf3ff5+5ba375]
	chromedriver!GetHandleVerifier [0x7ff6f874f0a0+15420]
	chromedriver!(No symbol) [0x7ff6f8285b8d]
	chromedriver!(No symbol) [0x7ff6f825c9e2]
	chromedriver!(No symbol) [0x7ff6f8310d36]
	chromedriver!(No symbol) [0x7ff6f832e172]
	chromedriver!(No symbol) [0x7ff6f82d30cc]
	chromedriver!(No symbol) [0x7ff6f82d3fe3]
	chromedriver!GetHandleVerifier [0x7ff6f8d20d81+5e7101]
	chromedriver!GetHandleVerifier [0x7ff6f8d1b0ea+5e146a]
	chromedriver!GetHandleVerifier [0x7ff6f8d40a15+606d95]
	chromedriver!GetHandleVerifier [0x7ff6f876ca1e+32d9e]
	chromedriver!GetHandleVerifier [0x7ff6f877520c+3b58c]
	chromedriver!GetHandleVerifier [0x7ff6f87592b4+1f634]
	chromedriver!GetHandleVerifier [0x7ff6f8759444+1f7c4]
	chromedriver!GetHandleVerifier [0x7ff6f873bf67+22e7]
	KERNEL32!BaseThreadInitThunk [0x7ff86f0ee957+17]
	ntdll!RtlUserThreadStart [0x7ff86f68ad6c+2c]

[2026-07-23 01:11:52] [!] Check error: Message: no such window: target window already closed
from unknown error: web view not found
  (Session info: chrome=150.0.7871.130)
Stacktrace:
	chromedriver!GetHandleVerifier [0x7ff6f8cf3ff5+5ba375]
	chromedriver!GetHandleVerifier [0x7ff6f874f0a0+15420]
	chromedriver!(No symbol) [0x7ff6f8285b8d]
	chromedriver!(No symbol) [0x7ff6f825c9e2]
	chromedriver!(No symbol) [0x7ff6f8310d36]
	chromedriver!(No symbol) [0x7ff6f832e172]
	chromedriver!(No symbol) [0x7ff6f82d30cc]
	chromedriver!(No symbol) [0x7ff6f82d3fe3]
	chromedriver!GetHandleVerifier [0x7ff6f8d20d81+5e7101]
	chromedriver!GetHandleVerifier [0x7ff6f8d1b0ea+5e146a]
	chromedriver!GetHandleVerifier [0x7ff6f8d40a15+606d95]
	chromedriver!GetHandleVerifier [0x7ff6f876ca1e+32d9e]
	chromedriver!GetHandleVerifier [0x7ff6f877520c+3b58c]
	chromedriver!GetHandleVerifier [0x7ff6f87592b4+1f634]
	chromedriver!GetHandleVerifier [0x7ff6f8759444+1f7c4]
	chromedriver!GetHandleVerifier [0x7ff6f873bf67+22e7]
	KERNEL32!BaseThreadInitThunk [0x7ff86f0ee957+17]
	ntdll!RtlUserThreadStart [0x7ff86f68ad6c+2c]

[2026-07-23 01:11:54] [!] Check error: Message: no such window: target window already closed
from unknown error: web view not found
  (Session info: chrome=150.0.7871.130)
Stacktrace:
	chromedriver!GetHandleVerifier [0x7ff6f8cf3ff5+5ba375]
	chromedriver!GetHandleVerifier [0x7ff6f874f0a0+15420]
	chromedriver!(No symbol) [0x7ff6f8285b8d]
	chromedriver!(No symbol) [0x7ff6f825c9e2]
	chromedriver!(No symbol) [0x7ff6f8310d36]
	chromedriver!(No symbol) [0x7ff6f832e172]
	chromedriver!(No symbol) [0x7ff6f82d30cc]
	chromedriver!(No symbol) [0x7ff6f82d3fe3]
	chromedriver!GetHandleVerifier [0x7ff6f8d20d81+5e7101]
	chromedriver!GetHandleVerifier [0x7ff6f8d1b0ea+5e146a]
	chromedriver!GetHandleVerifier [0x7ff6f8d40a15+606d95]
	chromedriver!GetHandleVerifier [0x7ff6f876ca1e+32d9e]
	chromedriver!GetHandleVerifier [0x7ff6f877520c+3b58c]
	chromedriver!GetHandleVerifier [0x7ff6f87592b4+1f634]
	chromedriver!GetHandleVerifier [0x7ff6f8759444+1f7c4]
	chromedriver!GetHandleVerifier [0x7ff6f873bf67+22e7]
	KERNEL32!BaseThreadInitThunk [0x7ff86f0ee957+17]
	ntdll!RtlUserThreadStart [0x7ff86f68ad6c+2c]

[2026-07-23 01:11:56] [!] Check error: Message: no such window: target window already closed
from unknown error: web view not found
  (Session info: chrome=150.0.7871.130)
Stacktrace:
	chromedriver!GetHandleVerifier [0x7ff6f8cf3ff5+5ba375]
	chromedriver!GetHandleVerifier [0x7ff6f874f0a0+15420]
	chromedriver!(No symbol) [0x7ff6f8285b8d]
	chromedriver!(No symbol) [0x7ff6f825c9e2]
	chromedriver!(No symbol) [0x7ff6f8310d36]
	chromedriver!(No symbol) [0x7ff6f832e172]
	chromedriver!(No symbol) [0x7ff6f82d30cc]
	chromedriver!(No symbol) [0x7ff6f82d3fe3]
	chromedriver!GetHandleVerifier [0x7ff6f8d20d81+5e7101]
	chromedriver!GetHandleVerifier [0x7ff6f8d1b0ea+5e146a]
	chromedriver!GetHandleVerifier [0x7ff6f8d40a15+606d95]
	chromedriver!GetHandleVerifier [0x7ff6f876ca1e+32d9e]
	chromedriver!GetHandleVerifier [0x7ff6f877520c+3b58c]
	chromedriver!GetHandleVerifier [0x7ff6f87592b4+1f634]
	chromedriver!GetHandleVerifier [0x7ff6f8759444+1f7c4]
	chromedriver!GetHandleVerifier [0x7ff6f873bf67+22e7]
	KERNEL32!BaseThreadInitThunk [0x7ff86f0ee957+17]
	ntdll!RtlUserThreadStart [0x7ff86f68ad6c+2c]

[2026-07-23 01:11:58] [!] Check error: Message: no such window: target window already closed
from unknown error: web view not found
  (Session info: chrome=150.0.7871.130)
Stacktrace:
	chromedriver!GetHandleVerifier [0x7ff6f8cf3ff5+5ba375]
	chromedriver!GetHandleVerifier [0x7ff6f874f0a0+15420]
	chromedriver!(No symbol) [0x7ff6f8285b8d]
	chromedriver!(No symbol) [0x7ff6f825c9e2]
	chromedriver!(No symbol) [0x7ff6f8310d36]
	chromedriver!(No symbol) [0x7ff6f832e172]
	chromedriver!(No symbol) [0x7ff6f82d30cc]
	chromedriver!(No symbol) [0x7ff6f82d3fe3]
	chromedriver!GetHandleVerifier [0x7ff6f8d20d81+5e7101]
	chromedriver!GetHandleVerifier [0x7ff6f8d1b0ea+5e146a]
	chromedriver!GetHandleVerifier [0x7ff6f8d40a15+606d95]
	chromedriver!GetHandleVerifier [0x7ff6f876ca1e+32d9e]
	chromedriver!GetHandleVerifier [0x7ff6f877520c+3b58c]
	chromedriver!GetHandleVerifier [0x7ff6f87592b4+1f634]
	chromedriver!GetHandleVerifier [0x7ff6f8759444+1f7c4]
	chromedriver!GetHandleVerifier [0x7ff6f873bf67+22e7]
	KERNEL32!BaseThreadInitThunk [0x7ff86f0ee957+17]
	ntdll!RtlUserThreadStart [0x7ff86f68ad6c+2c]

[2026-07-23 01:12:00] [!] Check error: Message: no such window: target window already closed
from unknown error: web view not found
  (Session info: chrome=150.0.7871.130)
Stacktrace:
	chromedriver!GetHandleVerifier [0x7ff6f8cf3ff5+5ba375]
	chromedriver!GetHandleVerifier [0x7ff6f874f0a0+15420]
	chromedriver!(No symbol) [0x7ff6f8285b8d]
	chromedriver!(No symbol) [0x7ff6f825c9e2]
	chromedriver!(No symbol) [0x7ff6f8310d36]
	chromedriver!(No symbol) [0x7ff6f832e172]
	chromedriver!(No symbol) [0x7ff6f82d30cc]
	chromedriver!(No symbol) [0x7ff6f82d3fe3]
	chromedriver!GetHandleVerifier [0x7ff6f8d20d81+5e7101]
	chromedriver!GetHandleVerifier [0x7ff6f8d1b0ea+5e146a]
	chromedriver!GetHandleVerifier [0x7ff6f8d40a15+606d95]
	chromedriver!GetHandleVerifier [0x7ff6f876ca1e+32d9e]
	chromedriver!GetHandleVerifier [0x7ff6f877520c+3b58c]
	chromedriver!GetHandleVerifier [0x7ff6f87592b4+1f634]
	chromedriver!GetHandleVerifier [0x7ff6f8759444+1f7c4]
	chromedriver!GetHandleVerifier [0x7ff6f873bf67+22e7]
	KERNEL32!BaseThreadInitThunk [0x7ff86f0ee957+17]
	ntdll!RtlUserThreadStart [0x7ff86f68ad6c+2c]

[2026-07-23 01:12:02] [!] Check error: Message: no such window: target window already closed
from unknown error: web view not found
  (Session info: chrome=150.0.7871.130)
Stacktrace:
	chromedriver!GetHandleVerifier [0x7ff6f8cf3ff5+5ba375]
	chromedriver!GetHandleVerifier [0x7ff6f874f0a0+15420]
	chromedriver!(No symbol) [0x7ff6f8285b8d]
	chromedriver!(No symbol) [0x7ff6f825c9e2]
	chromedriver!(No symbol) [0x7ff6f8310d36]
	chromedriver!(No symbol) [0x7ff6f832e172]
	chromedriver!(No symbol) [0x7ff6f82d30cc]
	chromedriver!(No symbol) [0x7ff6f82d3fe3]
	chromedriver!GetHandleVerifier [0x7ff6f8d20d81+5e7101]
	chromedriver!GetHandleVerifier [0x7ff6f8d1b0ea+5e146a]
	chromedriver!GetHandleVerifier [0x7ff6f8d40a15+606d95]
	chromedriver!GetHandleVerifier [0x7ff6f876ca1e+32d9e]
	chromedriver!GetHandleVerifier [0x7ff6f877520c+3b58c]
	chromedriver!GetHandleVerifier [0x7ff6f87592b4+1f634]
	chromedriver!GetHandleVerifier [0x7ff6f8759444+1f7c4]
	chromedriver!GetHandleVerifier [0x7ff6f873bf67+22e7]
	KERNEL32!BaseThreadInitThunk [0x7ff86f0ee957+17]
	ntdll!RtlUserThreadStart [0x7ff86f68ad6c+2c]

[2026-07-23 01:12:04] [!] Check error: Message: no such window: target window already closed
from unknown error: web view not found
  (Session info: chrome=150.0.7871.130)
Stacktrace:
	chromedriver!GetHandleVerifier [0x7ff6f8cf3ff5+5ba375]
	chromedriver!GetHandleVerifier [0x7ff6f874f0a0+15420]
	chromedriver!(No symbol) [0x7ff6f8285b8d]
	chromedriver!(No symbol) [0x7ff6f825c9e2]
	chromedriver!(No symbol) [0x7ff6f8310d36]
	chromedriver!(No symbol) [0x7ff6f832e172]
	chromedriver!(No symbol) [0x7ff6f82d30cc]
	chromedriver!(No symbol) [0x7ff6f82d3fe3]
	chromedriver!GetHandleVerifier [0x7ff6f8d20d81+5e7101]
	chromedriver!GetHandleVerifier [0x7ff6f8d1b0ea+5e146a]
	chromedriver!GetHandleVerifier [0x7ff6f8d40a15+606d95]
	chromedriver!GetHandleVerifier [0x7ff6f876ca1e+32d9e]
	chromedriver!GetHandleVerifier [0x7ff6f877520c+3b58c]
	chromedriver!GetHandleVerifier [0x7ff6f87592b4+1f634]
	chromedriver!GetHandleVerifier [0x7ff6f8759444+1f7c4]
	chromedriver!GetHandleVerifier [0x7ff6f873bf67+22e7]
	KERNEL32!BaseThreadInitThunk [0x7ff86f0ee957+17]
	ntdll!RtlUserThreadStart [0x7ff86f68ad6c+2c]

[2026-07-23 01:12:06] [!] Check error: Message: no such window: target window already closed
from unknown error: web view not found
  (Session info: chrome=150.0.7871.130)
Stacktrace:
	chromedriver!GetHandleVerifier [0x7ff6f8cf3ff5+5ba375]
	chromedriver!GetHandleVerifier [0x7ff6f874f0a0+15420]
	chromedriver!(No symbol) [0x7ff6f8285b8d]
	chromedriver!(No symbol) [0x7ff6f825c9e2]
	chromedriver!(No symbol) [0x7ff6f8310d36]
	chromedriver!(No symbol) [0x7ff6f832e172]
	chromedriver!(No symbol) [0x7ff6f82d30cc]
	chromedriver!(No symbol) [0x7ff6f82d3fe3]
	chromedriver!GetHandleVerifier [0x7ff6f8d20d81+5e7101]
	chromedriver!GetHandleVerifier [0x7ff6f8d1b0ea+5e146a]
	chromedriver!GetHandleVerifier [0x7ff6f8d40a15+606d95]
	chromedriver!GetHandleVerifier [0x7ff6f876ca1e+32d9e]
	chromedriver!GetHandleVerifier [0x7ff6f877520c+3b58c]
	chromedriver!GetHandleVerifier [0x7ff6f87592b4+1f634]
	chromedriver!GetHandleVerifier [0x7ff6f8759444+1f7c4]
	chromedriver!GetHandleVerifier [0x7ff6f873bf67+22e7]
	KERNEL32!BaseThreadInitThunk [0x7ff86f0ee957+17]
	ntdll!RtlUserThreadStart [0x7ff86f68ad6c+2c]

[2026-07-23 01:12:08] [!] Check error: Message: no such window: target window already closed
from unknown error: web view not found
  (Session info: chrome=150.0.7871.130)
Stacktrace:
	chromedriver!GetHandleVerifier [0x7ff6f8cf3ff5+5ba375]
	chromedriver!GetHandleVerifier [0x7ff6f874f0a0+15420]
	chromedriver!(No symbol) [0x7ff6f8285b8d]
	chromedriver!(No symbol) [0x7ff6f825c9e2]
	chromedriver!(No symbol) [0x7ff6f8310d36]
	chromedriver!(No symbol) [0x7ff6f832e172]
	chromedriver!(No symbol) [0x7ff6f82d30cc]
	chromedriver!(No symbol) [0x7ff6f82d3fe3]
	chromedriver!GetHandleVerifier [0x7ff6f8d20d81+5e7101]
	chromedriver!GetHandleVerifier [0x7ff6f8d1b0ea+5e146a]
	chromedriver!GetHandleVerifier [0x7ff6f8d40a15+606d95]
	chromedriver!GetHandleVerifier [0x7ff6f876ca1e+32d9e]
	chromedriver!GetHandleVerifier [0x7ff6f877520c+3b58c]
	chromedriver!GetHandleVerifier [0x7ff6f87592b4+1f634]
	chromedriver!GetHandleVerifier [0x7ff6f8759444+1f7c4]
	chromedriver!GetHandleVerifier [0x7ff6f873bf67+22e7]
	KERNEL32!BaseThreadInitThunk [0x7ff86f0ee957+17]
	ntdll!RtlUserThreadStart [0x7ff86f68ad6c+2c]

[2026-07-23 01:12:10] [!] Check error: Message: no such window: target window already closed
from unknown error: web view not found
  (Session info: chrome=150.0.7871.130)
Stacktrace:
	chromedriver!GetHandleVerifier [0x7ff6f8cf3ff5+5ba375]
	chromedriver!GetHandleVerifier [0x7ff6f874f0a0+15420]
	chromedriver!(No symbol) [0x7ff6f8285b8d]
	chromedriver!(No symbol) [0x7ff6f825c9e2]
	chromedriver!(No symbol) [0x7ff6f8310d36]
	chromedriver!(No symbol) [0x7ff6f832e172]
	chromedriver!(No symbol) [0x7ff6f82d30cc]
	chromedriver!(No symbol) [0x7ff6f82d3fe3]
	chromedriver!GetHandleVerifier [0x7ff6f8d20d81+5e7101]
	chromedriver!GetHandleVerifier [0x7ff6f8d1b0ea+5e146a]
	chromedriver!GetHandleVerifier [0x7ff6f8d40a15+606d95]
	chromedriver!GetHandleVerifier [0x7ff6f876ca1e+32d9e]
	chromedriver!GetHandleVerifier [0x7ff6f877520c+3b58c]
	chromedriver!GetHandleVerifier [0x7ff6f87592b4+1f634]
	chromedriver!GetHandleVerifier [0x7ff6f8759444+1f7c4]
	chromedriver!GetHandleVerifier [0x7ff6f873bf67+22e7]
	KERNEL32!BaseThreadInitThunk [0x7ff86f0ee957+17]
	ntdll!RtlUserThreadStart [0x7ff86f68ad6c+2c]

[2026-07-23 01:12:12] [!] Check error: Message: no such window: target window already closed
from unknown error: web view not found
  (Session info: chrome=150.0.7871.130)
Stacktrace:
	chromedriver!GetHandleVerifier [0x7ff6f8cf3ff5+5ba375]
	chromedriver!GetHandleVerifier [0x7ff6f874f0a0+15420]
	chromedriver!(No symbol) [0x7ff6f8285b8d]
	chromedriver!(No symbol) [0x7ff6f825c9e2]
	chromedriver!(No symbol) [0x7ff6f8310d36]
	chromedriver!(No symbol) [0x7ff6f832e172]
	chromedriver!(No symbol) [0x7ff6f82d30cc]
	chromedriver!(No symbol) [0x7ff6f82d3fe3]
	chromedriver!GetHandleVerifier [0x7ff6f8d20d81+5e7101]
	chromedriver!GetHandleVerifier [0x7ff6f8d1b0ea+5e146a]
	chromedriver!GetHandleVerifier [0x7ff6f8d40a15+606d95]
	chromedriver!GetHandleVerifier [0x7ff6f876ca1e+32d9e]
	chromedriver!GetHandleVerifier [0x7ff6f877520c+3b58c]
	chromedriver!GetHandleVerifier [0x7ff6f87592b4+1f634]
	chromedriver!GetHandleVerifier [0x7ff6f8759444+1f7c4]
	chromedriver!GetHandleVerifier [0x7ff6f873bf67+22e7]
	KERNEL32!BaseThreadInitThunk [0x7ff86f0ee957+17]
	ntdll!RtlUserThreadStart [0x7ff86f68ad6c+2c]

[2026-07-23 01:12:14] [!] Check error: Message: no such window: target window already closed
from unknown error: web view not found
  (Session info: chrome=150.0.7871.130)
Stacktrace:
	chromedriver!GetHandleVerifier [0x7ff6f8cf3ff5+5ba375]
	chromedriver!GetHandleVerifier [0x7ff6f874f0a0+15420]
	chromedriver!(No symbol) [0x7ff6f8285b8d]
	chromedriver!(No symbol) [0x7ff6f825c9e2]
	chromedriver!(No symbol) [0x7ff6f8310d36]
	chromedriver!(No symbol) [0x7ff6f832e172]
	chromedriver!(No symbol) [0x7ff6f82d30cc]
	chromedriver!(No symbol) [0x7ff6f82d3fe3]
	chromedriver!GetHandleVerifier [0x7ff6f8d20d81+5e7101]
	chromedriver!GetHandleVerifier [0x7ff6f8d1b0ea+5e146a]
	chromedriver!GetHandleVerifier [0x7ff6f8d40a15+606d95]
	chromedriver!GetHandleVerifier [0x7ff6f876ca1e+32d9e]
	chromedriver!GetHandleVerifier [0x7ff6f877520c+3b58c]
	chromedriver!GetHandleVerifier [0x7ff6f87592b4+1f634]
	chromedriver!GetHandleVerifier [0x7ff6f8759444+1f7c4]
	chromedriver!GetHandleVerifier [0x7ff6f873bf67+22e7]
	KERNEL32!BaseThreadInitThunk [0x7ff86f0ee957+17]
	ntdll!RtlUserThreadStart [0x7ff86f68ad6c+2c]

[2026-07-23 01:12:16] [!] Check error: Message: no such window: target window already closed
from unknown error: web view not found
  (Session info: chrome=150.0.7871.130)
Stacktrace:
	chromedriver!GetHandleVerifier [0x7ff6f8cf3ff5+5ba375]
	chromedriver!GetHandleVerifier [0x7ff6f874f0a0+15420]
	chromedriver!(No symbol) [0x7ff6f8285b8d]
	chromedriver!(No symbol) [0x7ff6f825c9e2]
	chromedriver!(No symbol) [0x7ff6f8310d36]
	chromedriver!(No symbol) [0x7ff6f832e172]
	chromedriver!(No symbol) [0x7ff6f82d30cc]
	chromedriver!(No symbol) [0x7ff6f82d3fe3]
	chromedriver!GetHandleVerifier [0x7ff6f8d20d81+5e7101]
	chromedriver!GetHandleVerifier [0x7ff6f8d1b0ea+5e146a]
	chromedriver!GetHandleVerifier [0x7ff6f8d40a15+606d95]
	chromedriver!GetHandleVerifier [0x7ff6f876ca1e+32d9e]
	chromedriver!GetHandleVerifier [0x7ff6f877520c+3b58c]
	chromedriver!GetHandleVerifier [0x7ff6f87592b4+1f634]
	chromedriver!GetHandleVerifier [0x7ff6f8759444+1f7c4]
	chromedriver!GetHandleVerifier [0x7ff6f873bf67+22e7]
	KERNEL32!BaseThreadInitThunk [0x7ff86f0ee957+17]
	ntdll!RtlUserThreadStart [0x7ff86f68ad6c+2c]

[2026-07-23 01:12:18] [!] Check error: Message: no such window: target window already closed
from unknown error: web view not found
  (Session info: chrome=150.0.7871.130)
Stacktrace:
	chromedriver!GetHandleVerifier [0x7ff6f8cf3ff5+5ba375]
	chromedriver!GetHandleVerifier [0x7ff6f874f0a0+15420]
	chromedriver!(No symbol) [0x7ff6f8285b8d]
	chromedriver!(No symbol) [0x7ff6f825c9e2]
	chromedriver!(No symbol) [0x7ff6f8310d36]
	chromedriver!(No symbol) [0x7ff6f832e172]
	chromedriver!(No symbol) [0x7ff6f82d30cc]
	chromedriver!(No symbol) [0x7ff6f82d3fe3]
	chromedriver!GetHandleVerifier [0x7ff6f8d20d81+5e7101]
	chromedriver!GetHandleVerifier [0x7ff6f8d1b0ea+5e146a]
	chromedriver!GetHandleVerifier [0x7ff6f8d40a15+606d95]
	chromedriver!GetHandleVerifier [0x7ff6f876ca1e+32d9e]
	chromedriver!GetHandleVerifier [0x7ff6f877520c+3b58c]
	chromedriver!GetHandleVerifier [0x7ff6f87592b4+1f634]
	chromedriver!GetHandleVerifier [0x7ff6f8759444+1f7c4]
	chromedriver!GetHandleVerifier [0x7ff6f873bf67+22e7]
	KERNEL32!BaseThreadInitThunk [0x7ff86f0ee957+17]
	ntdll!RtlUserThreadStart [0x7ff86f68ad6c+2c]

[2026-07-23 01:12:20] [!] Check error: Message: no such window: target window already closed
from unknown error: web view not found
  (Session info: chrome=150.0.7871.130)
Stacktrace:
	chromedriver!GetHandleVerifier [0x7ff6f8cf3ff5+5ba375]
	chromedriver!GetHandleVerifier [0x7ff6f874f0a0+15420]
	chromedriver!(No symbol) [0x7ff6f8285b8d]
	chromedriver!(No symbol) [0x7ff6f825c9e2]
	chromedriver!(No symbol) [0x7ff6f8310d36]
	chromedriver!(No symbol) [0x7ff6f832e172]
	chromedriver!(No symbol) [0x7ff6f82d30cc]
	chromedriver!(No symbol) [0x7ff6f82d3fe3]
	chromedriver!GetHandleVerifier [0x7ff6f8d20d81+5e7101]
	chromedriver!GetHandleVerifier [0x7ff6f8d1b0ea+5e146a]
	chromedriver!GetHandleVerifier [0x7ff6f8d40a15+606d95]
	chromedriver!GetHandleVerifier [0x7ff6f876ca1e+32d9e]
	chromedriver!GetHandleVerifier [0x7ff6f877520c+3b58c]
	chromedriver!GetHandleVerifier [0x7ff6f87592b4+1f634]
	chromedriver!GetHandleVerifier [0x7ff6f8759444+1f7c4]
	chromedriver!GetHandleVerifier [0x7ff6f873bf67+22e7]
	KERNEL32!BaseThreadInitThunk [0x7ff86f0ee957+17]
	ntdll!RtlUserThreadStart [0x7ff86f68ad6c+2c]

[2026-07-23 01:12:22] [!] Check error: Message: no such window: target window already closed
from unknown error: web view not found
  (Session info: chrome=150.0.7871.130)
Stacktrace:
	chromedriver!GetHandleVerifier [0x7ff6f8cf3ff5+5ba375]
	chromedriver!GetHandleVerifier [0x7ff6f874f0a0+15420]
	chromedriver!(No symbol) [0x7ff6f8285b8d]
	chromedriver!(No symbol) [0x7ff6f825c9e2]
	chromedriver!(No symbol) [0x7ff6f8310d36]
	chromedriver!(No symbol) [0x7ff6f832e172]
	chromedriver!(No symbol) [0x7ff6f82d30cc]
	chromedriver!(No symbol) [0x7ff6f82d3fe3]
	chromedriver!GetHandleVerifier [0x7ff6f8d20d81+5e7101]
	chromedriver!GetHandleVerifier [0x7ff6f8d1b0ea+5e146a]
	chromedriver!GetHandleVerifier [0x7ff6f8d40a15+606d95]
	chromedriver!GetHandleVerifier [0x7ff6f876ca1e+32d9e]
	chromedriver!GetHandleVerifier [0x7ff6f877520c+3b58c]
	chromedriver!GetHandleVerifier [0x7ff6f87592b4+1f634]
	chromedriver!GetHandleVerifier [0x7ff6f8759444+1f7c4]
	chromedriver!GetHandleVerifier [0x7ff6f873bf67+22e7]
	KERNEL32!BaseThreadInitThunk [0x7ff86f0ee957+17]
	ntdll!RtlUserThreadStart [0x7ff86f68ad6c+2c]

[2026-07-23 01:12:24] [!] Check error: Message: no such window: target window already closed
from unknown error: web view not found
  (Session info: chrome=150.0.7871.130)
Stacktrace:
	chromedriver!GetHandleVerifier [0x7ff6f8cf3ff5+5ba375]
	chromedriver!GetHandleVerifier [0x7ff6f874f0a0+15420]
	chromedriver!(No symbol) [0x7ff6f8285b8d]
	chromedriver!(No symbol) [0x7ff6f825c9e2]
	chromedriver!(No symbol) [0x7ff6f8310d36]
	chromedriver!(No symbol) [0x7ff6f832e172]
	chromedriver!(No symbol) [0x7ff6f82d30cc]
	chromedriver!(No symbol) [0x7ff6f82d3fe3]
	chromedriver!GetHandleVerifier [0x7ff6f8d20d81+5e7101]
	chromedriver!GetHandleVerifier [0x7ff6f8d1b0ea+5e146a]
	chromedriver!GetHandleVerifier [0x7ff6f8d40a15+606d95]
	chromedriver!GetHandleVerifier [0x7ff6f876ca1e+32d9e]
	chromedriver!GetHandleVerifier [0x7ff6f877520c+3b58c]
	chromedriver!GetHandleVerifier [0x7ff6f87592b4+1f634]
	chromedriver!GetHandleVerifier [0x7ff6f8759444+1f7c4]
	chromedriver!GetHandleVerifier [0x7ff6f873bf67+22e7]
	KERNEL32!BaseThreadInitThunk [0x7ff86f0ee957+17]
	ntdll!RtlUserThreadStart [0x7ff86f68ad6c+2c]

[2026-07-23 01:12:26] [!] Check error: Message: no such window: target window already closed
from unknown error: web view not found
  (Session info: chrome=150.0.7871.130)
Stacktrace:
	chromedriver!GetHandleVerifier [0x7ff6f8cf3ff5+5ba375]
	chromedriver!GetHandleVerifier [0x7ff6f874f0a0+15420]
	chromedriver!(No symbol) [0x7ff6f8285b8d]
	chromedriver!(No symbol) [0x7ff6f825c9e2]
	chromedriver!(No symbol) [0x7ff6f8310d36]
	chromedriver!(No symbol) [0x7ff6f832e172]
	chromedriver!(No symbol) [0x7ff6f82d30cc]
	chromedriver!(No symbol) [0x7ff6f82d3fe3]
	chromedriver!GetHandleVerifier [0x7ff6f8d20d81+5e7101]
	chromedriver!GetHandleVerifier [0x7ff6f8d1b0ea+5e146a]
	chromedriver!GetHandleVerifier [0x7ff6f8d40a15+606d95]
	chromedriver!GetHandleVerifier [0x7ff6f876ca1e+32d9e]
	chromedriver!GetHandleVerifier [0x7ff6f877520c+3b58c]
	chromedriver!GetHandleVerifier [0x7ff6f87592b4+1f634]
	chromedriver!GetHandleVerifier [0x7ff6f8759444+1f7c4]
	chromedriver!GetHandleVerifier [0x7ff6f873bf67+22e7]
	KERNEL32!BaseThreadInitThunk [0x7ff86f0ee957+17]
	ntdll!RtlUserThreadStart [0x7ff86f68ad6c+2c]

[2026-07-23 01:12:28] [!] Check error: Message: no such window: target window already closed
from unknown error: web view not found
  (Session info: chrome=150.0.7871.130)
Stacktrace:
	chromedriver!GetHandleVerifier [0x7ff6f8cf3ff5+5ba375]
	chromedriver!GetHandleVerifier [0x7ff6f874f0a0+15420]
	chromedriver!(No symbol) [0x7ff6f8285b8d]
	chromedriver!(No symbol) [0x7ff6f825c9e2]
	chromedriver!(No symbol) [0x7ff6f8310d36]
	chromedriver!(No symbol) [0x7ff6f832e172]
	chromedriver!(No symbol) [0x7ff6f82d30cc]
	chromedriver!(No symbol) [0x7ff6f82d3fe3]
	chromedriver!GetHandleVerifier [0x7ff6f8d20d81+5e7101]
	chromedriver!GetHandleVerifier [0x7ff6f8d1b0ea+5e146a]
	chromedriver!GetHandleVerifier [0x7ff6f8d40a15+606d95]
	chromedriver!GetHandleVerifier [0x7ff6f876ca1e+32d9e]
	chromedriver!GetHandleVerifier [0x7ff6f877520c+3b58c]
	chromedriver!GetHandleVerifier [0x7ff6f87592b4+1f634]
	chromedriver!GetHandleVerifier [0x7ff6f8759444+1f7c4]
	chromedriver!GetHandleVerifier [0x7ff6f873bf67+22e7]
	KERNEL32!BaseThreadInitThunk [0x7ff86f0ee957+17]
	ntdll!RtlUserThreadStart [0x7ff86f68ad6c+2c]

[2026-07-23 01:12:30] [!] Check error: Message: no such window: target window already closed
from unknown error: web view not found
  (Session info: chrome=150.0.7871.130)
Stacktrace:
	chromedriver!GetHandleVerifier [0x7ff6f8cf3ff5+5ba375]
	chromedriver!GetHandleVerifier [0x7ff6f874f0a0+15420]
	chromedriver!(No symbol) [0x7ff6f8285b8d]
	chromedriver!(No symbol) [0x7ff6f825c9e2]
	chromedriver!(No symbol) [0x7ff6f8310d36]
	chromedriver!(No symbol) [0x7ff6f832e172]
	chromedriver!(No symbol) [0x7ff6f82d30cc]
	chromedriver!(No symbol) [0x7ff6f82d3fe3]
	chromedriver!GetHandleVerifier [0x7ff6f8d20d81+5e7101]
	chromedriver!GetHandleVerifier [0x7ff6f8d1b0ea+5e146a]
	chromedriver!GetHandleVerifier [0x7ff6f8d40a15+606d95]
	chromedriver!GetHandleVerifier [0x7ff6f876ca1e+32d9e]
	chromedriver!GetHandleVerifier [0x7ff6f877520c+3b58c]
	chromedriver!GetHandleVerifier [0x7ff6f87592b4+1f634]
	chromedriver!GetHandleVerifier [0x7ff6f8759444+1f7c4]
	chromedriver!GetHandleVerifier [0x7ff6f873bf67+22e7]
	KERNEL32!BaseThreadInitThunk [0x7ff86f0ee957+17]
	ntdll!RtlUserThreadStart [0x7ff86f68ad6c+2c]

[2026-07-23 01:12:32] [!] Check error: Message: no such window: target window already closed
from unknown error: web view not found
  (Session info: chrome=150.0.7871.130)
Stacktrace:
	chromedriver!GetHandleVerifier [0x7ff6f8cf3ff5+5ba375]
	chromedriver!GetHandleVerifier [0x7ff6f874f0a0+15420]
	chromedriver!(No symbol) [0x7ff6f8285b8d]
	chromedriver!(No symbol) [0x7ff6f825c9e2]
	chromedriver!(No symbol) [0x7ff6f8310d36]
	chromedriver!(No symbol) [0x7ff6f832e172]
	chromedriver!(No symbol) [0x7ff6f82d30cc]
	chromedriver!(No symbol) [0x7ff6f82d3fe3]
	chromedriver!GetHandleVerifier [0x7ff6f8d20d81+5e7101]
	chromedriver!GetHandleVerifier [0x7ff6f8d1b0ea+5e146a]
	chromedriver!GetHandleVerifier [0x7ff6f8d40a15+606d95]
	chromedriver!GetHandleVerifier [0x7ff6f876ca1e+32d9e]
	chromedriver!GetHandleVerifier [0x7ff6f877520c+3b58c]
	chromedriver!GetHandleVerifier [0x7ff6f87592b4+1f634]
	chromedriver!GetHandleVerifier [0x7ff6f8759444+1f7c4]
	chromedriver!GetHandleVerifier [0x7ff6f873bf67+22e7]
	KERNEL32!BaseThreadInitThunk [0x7ff86f0ee957+17]
	ntdll!RtlUserThreadStart [0x7ff86f68ad6c+2c]

[2026-07-23 01:12:34] [!] Check error: Message: no such window: target window already closed
from unknown error: web view not found
  (Session info: chrome=150.0.7871.130)
Stacktrace:
	chromedriver!GetHandleVerifier [0x7ff6f8cf3ff5+5ba375]
	chromedriver!GetHandleVerifier [0x7ff6f874f0a0+15420]
	chromedriver!(No symbol) [0x7ff6f8285b8d]
	chromedriver!(No symbol) [0x7ff6f825c9e2]
	chromedriver!(No symbol) [0x7ff6f8310d36]
	chromedriver!(No symbol) [0x7ff6f832e172]
	chromedriver!(No symbol) [0x7ff6f82d30cc]
	chromedriver!(No symbol) [0x7ff6f82d3fe3]
	chromedriver!GetHandleVerifier [0x7ff6f8d20d81+5e7101]
	chromedriver!GetHandleVerifier [0x7ff6f8d1b0ea+5e146a]
	chromedriver!GetHandleVerifier [0x7ff6f8d40a15+606d95]
	chromedriver!GetHandleVerifier [0x7ff6f876ca1e+32d9e]
	chromedriver!GetHandleVerifier [0x7ff6f877520c+3b58c]
	chromedriver!GetHandleVerifier [0x7ff6f87592b4+1f634]
	chromedriver!GetHandleVerifier [0x7ff6f8759444+1f7c4]
	chromedriver!GetHandleVerifier [0x7ff6f873bf67+22e7]
	KERNEL32!BaseThreadInitThunk [0x7ff86f0ee957+17]
	ntdll!RtlUserThreadStart [0x7ff86f68ad6c+2c]

[2026-07-23 01:12:36] [!] Check error: Message: no such window: target window already closed
from unknown error: web view not found
  (Session info: chrome=150.0.7871.130)
Stacktrace:
	chromedriver!GetHandleVerifier [0x7ff6f8cf3ff5+5ba375]
	chromedriver!GetHandleVerifier [0x7ff6f874f0a0+15420]
	chromedriver!(No symbol) [0x7ff6f8285b8d]
	chromedriver!(No symbol) [0x7ff6f825c9e2]
	chromedriver!(No symbol) [0x7ff6f8310d36]
	chromedriver!(No symbol) [0x7ff6f832e172]
	chromedriver!(No symbol) [0x7ff6f82d30cc]
	chromedriver!(No symbol) [0x7ff6f82d3fe3]
	chromedriver!GetHandleVerifier [0x7ff6f8d20d81+5e7101]
	chromedriver!GetHandleVerifier [0x7ff6f8d1b0ea+5e146a]
	chromedriver!GetHandleVerifier [0x7ff6f8d40a15+606d95]
	chromedriver!GetHandleVerifier [0x7ff6f876ca1e+32d9e]
	chromedriver!GetHandleVerifier [0x7ff6f877520c+3b58c]
	chromedriver!GetHandleVerifier [0x7ff6f87592b4+1f634]
	chromedriver!GetHandleVerifier [0x7ff6f8759444+1f7c4]
	chromedriver!GetHandleVerifier [0x7ff6f873bf67+22e7]
	KERNEL32!BaseThreadInitThunk [0x7ff86f0ee957+17]
	ntdll!RtlUserThreadStart [0x7ff86f68ad6c+2c]

[2026-07-23 01:12:38] [!] Check error: Message: no such window: target window already closed
from unknown error: web view not found
  (Session info: chrome=150.0.7871.130)
Stacktrace:
	chromedriver!GetHandleVerifier [0x7ff6f8cf3ff5+5ba375]
	chromedriver!GetHandleVerifier [0x7ff6f874f0a0+15420]
	chromedriver!(No symbol) [0x7ff6f8285b8d]
	chromedriver!(No symbol) [0x7ff6f825c9e2]
	chromedriver!(No symbol) [0x7ff6f8310d36]
	chromedriver!(No symbol) [0x7ff6f832e172]
	chromedriver!(No symbol) [0x7ff6f82d30cc]
	chromedriver!(No symbol) [0x7ff6f82d3fe3]
	chromedriver!GetHandleVerifier [0x7ff6f8d20d81+5e7101]
	chromedriver!GetHandleVerifier [0x7ff6f8d1b0ea+5e146a]
	chromedriver!GetHandleVerifier [0x7ff6f8d40a15+606d95]
	chromedriver!GetHandleVerifier [0x7ff6f876ca1e+32d9e]
	chromedriver!GetHandleVerifier [0x7ff6f877520c+3b58c]
	chromedriver!GetHandleVerifier [0x7ff6f87592b4+1f634]
	chromedriver!GetHandleVerifier [0x7ff6f8759444+1f7c4]
	chromedriver!GetHandleVerifier [0x7ff6f873bf67+22e7]
	KERNEL32!BaseThreadInitThunk [0x7ff86f0ee957+17]
	ntdll!RtlUserThreadStart [0x7ff86f68ad6c+2c]

[2026-07-23 01:12:40] [!] Check error: Message: no such window: target window already closed
from unknown error: web view not found
  (Session info: chrome=150.0.7871.130)
Stacktrace:
	chromedriver!GetHandleVerifier [0x7ff6f8cf3ff5+5ba375]
	chromedriver!GetHandleVerifier [0x7ff6f874f0a0+15420]
	chromedriver!(No symbol) [0x7ff6f8285b8d]
	chromedriver!(No symbol) [0x7ff6f825c9e2]
	chromedriver!(No symbol) [0x7ff6f8310d36]
	chromedriver!(No symbol) [0x7ff6f832e172]
	chromedriver!(No symbol) [0x7ff6f82d30cc]
	chromedriver!(No symbol) [0x7ff6f82d3fe3]
	chromedriver!GetHandleVerifier [0x7ff6f8d20d81+5e7101]
	chromedriver!GetHandleVerifier [0x7ff6f8d1b0ea+5e146a]
	chromedriver!GetHandleVerifier [0x7ff6f8d40a15+606d95]
	chromedriver!GetHandleVerifier [0x7ff6f876ca1e+32d9e]
	chromedriver!GetHandleVerifier [0x7ff6f877520c+3b58c]
	chromedriver!GetHandleVerifier [0x7ff6f87592b4+1f634]
	chromedriver!GetHandleVerifier [0x7ff6f8759444+1f7c4]
	chromedriver!GetHandleVerifier [0x7ff6f873bf67+22e7]
	KERNEL32!BaseThreadInitThunk [0x7ff86f0ee957+17]
	ntdll!RtlUserThreadStart [0x7ff86f68ad6c+2c]

[2026-07-23 01:12:42] [!] Check error: Message: no such window: target window already closed
from unknown error: web view not found
  (Session info: chrome=150.0.7871.130)
Stacktrace:
	chromedriver!GetHandleVerifier [0x7ff6f8cf3ff5+5ba375]
	chromedriver!GetHandleVerifier [0x7ff6f874f0a0+15420]
	chromedriver!(No symbol) [0x7ff6f8285b8d]
	chromedriver!(No symbol) [0x7ff6f825c9e2]
	chromedriver!(No symbol) [0x7ff6f8310d36]
	chromedriver!(No symbol) [0x7ff6f832e172]
	chromedriver!(No symbol) [0x7ff6f82d30cc]
	chromedriver!(No symbol) [0x7ff6f82d3fe3]
	chromedriver!GetHandleVerifier [0x7ff6f8d20d81+5e7101]
	chromedriver!GetHandleVerifier [0x7ff6f8d1b0ea+5e146a]
	chromedriver!GetHandleVerifier [0x7ff6f8d40a15+606d95]
	chromedriver!GetHandleVerifier [0x7ff6f876ca1e+32d9e]
	chromedriver!GetHandleVerifier [0x7ff6f877520c+3b58c]
	chromedriver!GetHandleVerifier [0x7ff6f87592b4+1f634]
	chromedriver!GetHandleVerifier [0x7ff6f8759444+1f7c4]
	chromedriver!GetHandleVerifier [0x7ff6f873bf67+22e7]
	KERNEL32!BaseThreadInitThunk [0x7ff86f0ee957+17]
	ntdll!RtlUserThreadStart [0x7ff86f68ad6c+2c]

[2026-07-23 01:12:44] [!] Check error: Message: no such window: target window already closed
from unknown error: web view not found
  (Session info: chrome=150.0.7871.130)
Stacktrace:
	chromedriver!GetHandleVerifier [0x7ff6f8cf3ff5+5ba375]
	chromedriver!GetHandleVerifier [0x7ff6f874f0a0+15420]
	chromedriver!(No symbol) [0x7ff6f8285b8d]
	chromedriver!(No symbol) [0x7ff6f825c9e2]
	chromedriver!(No symbol) [0x7ff6f8310d36]
	chromedriver!(No symbol) [0x7ff6f832e172]
	chromedriver!(No symbol) [0x7ff6f82d30cc]
	chromedriver!(No symbol) [0x7ff6f82d3fe3]
	chromedriver!GetHandleVerifier [0x7ff6f8d20d81+5e7101]
	chromedriver!GetHandleVerifier [0x7ff6f8d1b0ea+5e146a]
	chromedriver!GetHandleVerifier [0x7ff6f8d40a15+606d95]
	chromedriver!GetHandleVerifier [0x7ff6f876ca1e+32d9e]
	chromedriver!GetHandleVerifier [0x7ff6f877520c+3b58c]
	chromedriver!GetHandleVerifier [0x7ff6f87592b4+1f634]
	chromedriver!GetHandleVerifier [0x7ff6f8759444+1f7c4]
	chromedriver!GetHandleVerifier [0x7ff6f873bf67+22e7]
	KERNEL32!BaseThreadInitThunk [0x7ff86f0ee957+17]
	ntdll!RtlUserThreadStart [0x7ff86f68ad6c+2c]

[2026-07-23 01:12:46] [!] Check error: Message: no such window: target window already closed
from unknown error: web view not found
  (Session info: chrome=150.0.7871.130)
Stacktrace:
	chromedriver!GetHandleVerifier [0x7ff6f8cf3ff5+5ba375]
	chromedriver!GetHandleVerifier [0x7ff6f874f0a0+15420]
	chromedriver!(No symbol) [0x7ff6f8285b8d]
	chromedriver!(No symbol) [0x7ff6f825c9e2]
	chromedriver!(No symbol) [0x7ff6f8310d36]
	chromedriver!(No symbol) [0x7ff6f832e172]
	chromedriver!(No symbol) [0x7ff6f82d30cc]
	chromedriver!(No symbol) [0x7ff6f82d3fe3]
	chromedriver!GetHandleVerifier [0x7ff6f8d20d81+5e7101]
	chromedriver!GetHandleVerifier [0x7ff6f8d1b0ea+5e146a]
	chromedriver!GetHandleVerifier [0x7ff6f8d40a15+606d95]
	chromedriver!GetHandleVerifier [0x7ff6f876ca1e+32d9e]
	chromedriver!GetHandleVerifier [0x7ff6f877520c+3b58c]
	chromedriver!GetHandleVerifier [0x7ff6f87592b4+1f634]
	chromedriver!GetHandleVerifier [0x7ff6f8759444+1f7c4]
	chromedriver!GetHandleVerifier [0x7ff6f873bf67+22e7]
	KERNEL32!BaseThreadInitThunk [0x7ff86f0ee957+17]
	ntdll!RtlUserThreadStart [0x7ff86f68ad6c+2c]

[2026-07-23 01:12:48] [!] Check error: Message: no such window: target window already closed
from unknown error: web view not found
  (Session info: chrome=150.0.7871.130)
Stacktrace:
	chromedriver!GetHandleVerifier [0x7ff6f8cf3ff5+5ba375]
	chromedriver!GetHandleVerifier [0x7ff6f874f0a0+15420]
	chromedriver!(No symbol) [0x7ff6f8285b8d]
	chromedriver!(No symbol) [0x7ff6f825c9e2]
	chromedriver!(No symbol) [0x7ff6f8310d36]
	chromedriver!(No symbol) [0x7ff6f832e172]
	chromedriver!(No symbol) [0x7ff6f82d30cc]
	chromedriver!(No symbol) [0x7ff6f82d3fe3]
	chromedriver!GetHandleVerifier [0x7ff6f8d20d81+5e7101]
	chromedriver!GetHandleVerifier [0x7ff6f8d1b0ea+5e146a]
	chromedriver!GetHandleVerifier [0x7ff6f8d40a15+606d95]
	chromedriver!GetHandleVerifier [0x7ff6f876ca1e+32d9e]
	chromedriver!GetHandleVerifier [0x7ff6f877520c+3b58c]
	chromedriver!GetHandleVerifier [0x7ff6f87592b4+1f634]
	chromedriver!GetHandleVerifier [0x7ff6f8759444+1f7c4]
	chromedriver!GetHandleVerifier [0x7ff6f873bf67+22e7]
	KERNEL32!BaseThreadInitThunk [0x7ff86f0ee957+17]
	ntdll!RtlUserThreadStart [0x7ff86f68ad6c+2c]

[2026-07-23 01:12:50] [!] Check error: Message: no such window: target window already closed
from unknown error: web view not found
  (Session info: chrome=150.0.7871.130)
Stacktrace:
	chromedriver!GetHandleVerifier [0x7ff6f8cf3ff5+5ba375]
	chromedriver!GetHandleVerifier [0x7ff6f874f0a0+15420]
	chromedriver!(No symbol) [0x7ff6f8285b8d]
	chromedriver!(No symbol) [0x7ff6f825c9e2]
	chromedriver!(No symbol) [0x7ff6f8310d36]
	chromedriver!(No symbol) [0x7ff6f832e172]
	chromedriver!(No symbol) [0x7ff6f82d30cc]
	chromedriver!(No symbol) [0x7ff6f82d3fe3]
	chromedriver!GetHandleVerifier [0x7ff6f8d20d81+5e7101]
	chromedriver!GetHandleVerifier [0x7ff6f8d1b0ea+5e146a]
	chromedriver!GetHandleVerifier [0x7ff6f8d40a15+606d95]
	chromedriver!GetHandleVerifier [0x7ff6f876ca1e+32d9e]
	chromedriver!GetHandleVerifier [0x7ff6f877520c+3b58c]
	chromedriver!GetHandleVerifier [0x7ff6f87592b4+1f634]
	chromedriver!GetHandleVerifier [0x7ff6f8759444+1f7c4]
	chromedriver!GetHandleVerifier [0x7ff6f873bf67+22e7]
	KERNEL32!BaseThreadInitThunk [0x7ff86f0ee957+17]
	ntdll!RtlUserThreadStart [0x7ff86f68ad6c+2c]

[2026-07-23 01:12:52] [!] Check error: Message: no such window: target window already closed
from unknown error: web view not found
  (Session info: chrome=150.0.7871.130)
Stacktrace:
	chromedriver!GetHandleVerifier [0x7ff6f8cf3ff5+5ba375]
	chromedriver!GetHandleVerifier [0x7ff6f874f0a0+15420]
	chromedriver!(No symbol) [0x7ff6f8285b8d]
	chromedriver!(No symbol) [0x7ff6f825c9e2]
	chromedriver!(No symbol) [0x7ff6f8310d36]
	chromedriver!(No symbol) [0x7ff6f832e172]
	chromedriver!(No symbol) [0x7ff6f82d30cc]
	chromedriver!(No symbol) [0x7ff6f82d3fe3]
	chromedriver!GetHandleVerifier [0x7ff6f8d20d81+5e7101]
	chromedriver!GetHandleVerifier [0x7ff6f8d1b0ea+5e146a]
	chromedriver!GetHandleVerifier [0x7ff6f8d40a15+606d95]
	chromedriver!GetHandleVerifier [0x7ff6f876ca1e+32d9e]
	chromedriver!GetHandleVerifier [0x7ff6f877520c+3b58c]
	chromedriver!GetHandleVerifier [0x7ff6f87592b4+1f634]
	chromedriver!GetHandleVerifier [0x7ff6f8759444+1f7c4]
	chromedriver!GetHandleVerifier [0x7ff6f873bf67+22e7]
	KERNEL32!BaseThreadInitThunk [0x7ff86f0ee957+17]
	ntdll!RtlUserThreadStart [0x7ff86f68ad6c+2c]

[2026-07-23 01:12:54] [!] Check error: Message: no such window: target window already closed
from unknown error: web view not found
  (Session info: chrome=150.0.7871.130)
Stacktrace:
	chromedriver!GetHandleVerifier [0x7ff6f8cf3ff5+5ba375]
	chromedriver!GetHandleVerifier [0x7ff6f874f0a0+15420]
	chromedriver!(No symbol) [0x7ff6f8285b8d]
	chromedriver!(No symbol) [0x7ff6f825c9e2]
	chromedriver!(No symbol) [0x7ff6f8310d36]
	chromedriver!(No symbol) [0x7ff6f832e172]
	chromedriver!(No symbol) [0x7ff6f82d30cc]
	chromedriver!(No symbol) [0x7ff6f82d3fe3]
	chromedriver!GetHandleVerifier [0x7ff6f8d20d81+5e7101]
	chromedriver!GetHandleVerifier [0x7ff6f8d1b0ea+5e146a]
	chromedriver!GetHandleVerifier [0x7ff6f8d40a15+606d95]
	chromedriver!GetHandleVerifier [0x7ff6f876ca1e+32d9e]
	chromedriver!GetHandleVerifier [0x7ff6f877520c+3b58c]
	chromedriver!GetHandleVerifier [0x7ff6f87592b4+1f634]
	chromedriver!GetHandleVerifier [0x7ff6f8759444+1f7c4]
	chromedriver!GetHandleVerifier [0x7ff6f873bf67+22e7]
	KERNEL32!BaseThreadInitThunk [0x7ff86f0ee957+17]
	ntdll!RtlUserThreadStart [0x7ff86f68ad6c+2c]

[2026-07-23 01:12:56] [!] Check error: Message: no such window: target window already closed
from unknown error: web view not found
  (Session info: chrome=150.0.7871.130)
Stacktrace:
	chromedriver!GetHandleVerifier [0x7ff6f8cf3ff5+5ba375]
	chromedriver!GetHandleVerifier [0x7ff6f874f0a0+15420]
	chromedriver!(No symbol) [0x7ff6f8285b8d]
	chromedriver!(No symbol) [0x7ff6f825c9e2]
	chromedriver!(No symbol) [0x7ff6f8310d36]
	chromedriver!(No symbol) [0x7ff6f832e172]
	chromedriver!(No symbol) [0x7ff6f82d30cc]
	chromedriver!(No symbol) [0x7ff6f82d3fe3]
	chromedriver!GetHandleVerifier [0x7ff6f8d20d81+5e7101]
	chromedriver!GetHandleVerifier [0x7ff6f8d1b0ea+5e146a]
	chromedriver!GetHandleVerifier [0x7ff6f8d40a15+606d95]
	chromedriver!GetHandleVerifier [0x7ff6f876ca1e+32d9e]
	chromedriver!GetHandleVerifier [0x7ff6f877520c+3b58c]
	chromedriver!GetHandleVerifier [0x7ff6f87592b4+1f634]
	chromedriver!GetHandleVerifier [0x7ff6f8759444+1f7c4]
	chromedriver!GetHandleVerifier [0x7ff6f873bf67+22e7]
	KERNEL32!BaseThreadInitThunk [0x7ff86f0ee957+17]
	ntdll!RtlUserThreadStart [0x7ff86f68ad6c+2c]

[2026-07-23 01:12:58] [!] Check error: Message: no such window: target window already closed
from unknown error: web view not found
  (Session info: chrome=150.0.7871.130)
Stacktrace:
	chromedriver!GetHandleVerifier [0x7ff6f8cf3ff5+5ba375]
	chromedriver!GetHandleVerifier [0x7ff6f874f0a0+15420]
	chromedriver!(No symbol) [0x7ff6f8285b8d]
	chromedriver!(No symbol) [0x7ff6f825c9e2]
	chromedriver!(No symbol) [0x7ff6f8310d36]
	chromedriver!(No symbol) [0x7ff6f832e172]
	chromedriver!(No symbol) [0x7ff6f82d30cc]
	chromedriver!(No symbol) [0x7ff6f82d3fe3]
	chromedriver!GetHandleVerifier [0x7ff6f8d20d81+5e7101]
	chromedriver!GetHandleVerifier [0x7ff6f8d1b0ea+5e146a]
	chromedriver!GetHandleVerifier [0x7ff6f8d40a15+606d95]
	chromedriver!GetHandleVerifier [0x7ff6f876ca1e+32d9e]
	chromedriver!GetHandleVerifier [0x7ff6f877520c+3b58c]
	chromedriver!GetHandleVerifier [0x7ff6f87592b4+1f634]
	chromedriver!GetHandleVerifier [0x7ff6f8759444+1f7c4]
	chromedriver!GetHandleVerifier [0x7ff6f873bf67+22e7]
	KERNEL32!BaseThreadInitThunk [0x7ff86f0ee957+17]
	ntdll!RtlUserThreadStart [0x7ff86f68ad6c+2c]

[2026-07-23 01:13:00] [!] Check error: Message: no such window: target window already closed
from unknown error: web view not found
  (Session info: chrome=150.0.7871.130)
Stacktrace:
	chromedriver!GetHandleVerifier [0x7ff6f8cf3ff5+5ba375]
	chromedriver!GetHandleVerifier [0x7ff6f874f0a0+15420]
	chromedriver!(No symbol) [0x7ff6f8285b8d]
	chromedriver!(No symbol) [0x7ff6f825c9e2]
	chromedriver!(No symbol) [0x7ff6f8310d36]
	chromedriver!(No symbol) [0x7ff6f832e172]
	chromedriver!(No symbol) [0x7ff6f82d30cc]
	chromedriver!(No symbol) [0x7ff6f82d3fe3]
	chromedriver!GetHandleVerifier [0x7ff6f8d20d81+5e7101]
	chromedriver!GetHandleVerifier [0x7ff6f8d1b0ea+5e146a]
	chromedriver!GetHandleVerifier [0x7ff6f8d40a15+606d95]
	chromedriver!GetHandleVerifier [0x7ff6f876ca1e+32d9e]
	chromedriver!GetHandleVerifier [0x7ff6f877520c+3b58c]
	chromedriver!GetHandleVerifier [0x7ff6f87592b4+1f634]
	chromedriver!GetHandleVerifier [0x7ff6f8759444+1f7c4]
	chromedriver!GetHandleVerifier [0x7ff6f873bf67+22e7]
	KERNEL32!BaseThreadInitThunk [0x7ff86f0ee957+17]
	ntdll!RtlUserThreadStart [0x7ff86f68ad6c+2c]

[2026-07-23 01:13:02] [!] Check error: Message: no such window: target window already closed
from unknown error: web view not found
  (Session info: chrome=150.0.7871.130)
Stacktrace:
	chromedriver!GetHandleVerifier [0x7ff6f8cf3ff5+5ba375]
	chromedriver!GetHandleVerifier [0x7ff6f874f0a0+15420]
	chromedriver!(No symbol) [0x7ff6f8285b8d]
	chromedriver!(No symbol) [0x7ff6f825c9e2]
	chromedriver!(No symbol) [0x7ff6f8310d36]
	chromedriver!(No symbol) [0x7ff6f832e172]
	chromedriver!(No symbol) [0x7ff6f82d30cc]
	chromedriver!(No symbol) [0x7ff6f82d3fe3]
	chromedriver!GetHandleVerifier [0x7ff6f8d20d81+5e7101]
	chromedriver!GetHandleVerifier [0x7ff6f8d1b0ea+5e146a]
	chromedriver!GetHandleVerifier [0x7ff6f8d40a15+606d95]
	chromedriver!GetHandleVerifier [0x7ff6f876ca1e+32d9e]
	chromedriver!GetHandleVerifier [0x7ff6f877520c+3b58c]
	chromedriver!GetHandleVerifier [0x7ff6f87592b4+1f634]
	chromedriver!GetHandleVerifier [0x7ff6f8759444+1f7c4]
	chromedriver!GetHandleVerifier [0x7ff6f873bf67+22e7]
	KERNEL32!BaseThreadInitThunk [0x7ff86f0ee957+17]
	ntdll!RtlUserThreadStart [0x7ff86f68ad6c+2c]

[2026-07-23 01:13:04] [!] Check error: Message: no such window: target window already closed
from unknown error: web view not found
  (Session info: chrome=150.0.7871.130)
Stacktrace:
	chromedriver!GetHandleVerifier [0x7ff6f8cf3ff5+5ba375]
	chromedriver!GetHandleVerifier [0x7ff6f874f0a0+15420]
	chromedriver!(No symbol) [0x7ff6f8285b8d]
	chromedriver!(No symbol) [0x7ff6f825c9e2]
	chromedriver!(No symbol) [0x7ff6f8310d36]
	chromedriver!(No symbol) [0x7ff6f832e172]
	chromedriver!(No symbol) [0x7ff6f82d30cc]
	chromedriver!(No symbol) [0x7ff6f82d3fe3]
	chromedriver!GetHandleVerifier [0x7ff6f8d20d81+5e7101]
	chromedriver!GetHandleVerifier [0x7ff6f8d1b0ea+5e146a]
	chromedriver!GetHandleVerifier [0x7ff6f8d40a15+606d95]
	chromedriver!GetHandleVerifier [0x7ff6f876ca1e+32d9e]
	chromedriver!GetHandleVerifier [0x7ff6f877520c+3b58c]
	chromedriver!GetHandleVerifier [0x7ff6f87592b4+1f634]
	chromedriver!GetHandleVerifier [0x7ff6f8759444+1f7c4]
	chromedriver!GetHandleVerifier [0x7ff6f873bf67+22e7]
	KERNEL32!BaseThreadInitThunk [0x7ff86f0ee957+17]
	ntdll!RtlUserThreadStart [0x7ff86f68ad6c+2c]

[2026-07-23 01:13:06] [!] Check error: Message: no such window: target window already closed
from unknown error: web view not found
  (Session info: chrome=150.0.7871.130)
Stacktrace:
	chromedriver!GetHandleVerifier [0x7ff6f8cf3ff5+5ba375]
	chromedriver!GetHandleVerifier [0x7ff6f874f0a0+15420]
	chromedriver!(No symbol) [0x7ff6f8285b8d]
	chromedriver!(No symbol) [0x7ff6f825c9e2]
	chromedriver!(No symbol) [0x7ff6f8310d36]
	chromedriver!(No symbol) [0x7ff6f832e172]
	chromedriver!(No symbol) [0x7ff6f82d30cc]
	chromedriver!(No symbol) [0x7ff6f82d3fe3]
	chromedriver!GetHandleVerifier [0x7ff6f8d20d81+5e7101]
	chromedriver!GetHandleVerifier [0x7ff6f8d1b0ea+5e146a]
	chromedriver!GetHandleVerifier [0x7ff6f8d40a15+606d95]
	chromedriver!GetHandleVerifier [0x7ff6f876ca1e+32d9e]
	chromedriver!GetHandleVerifier [0x7ff6f877520c+3b58c]
	chromedriver!GetHandleVerifier [0x7ff6f87592b4+1f634]
	chromedriver!GetHandleVerifier [0x7ff6f8759444+1f7c4]
	chromedriver!GetHandleVerifier [0x7ff6f873bf67+22e7]
	KERNEL32!BaseThreadInitThunk [0x7ff86f0ee957+17]
	ntdll!RtlUserThreadStart [0x7ff86f68ad6c+2c]

[2026-07-23 01:13:08] [!] Check error: Message: no such window: target window already closed
from unknown error: web view not found
  (Session info: chrome=150.0.7871.130)
Stacktrace:
	chromedriver!GetHandleVerifier [0x7ff6f8cf3ff5+5ba375]
	chromedriver!GetHandleVerifier [0x7ff6f874f0a0+15420]
	chromedriver!(No symbol) [0x7ff6f8285b8d]
	chromedriver!(No symbol) [0x7ff6f825c9e2]
	chromedriver!(No symbol) [0x7ff6f8310d36]
	chromedriver!(No symbol) [0x7ff6f832e172]
	chromedriver!(No symbol) [0x7ff6f82d30cc]
	chromedriver!(No symbol) [0x7ff6f82d3fe3]
	chromedriver!GetHandleVerifier [0x7ff6f8d20d81+5e7101]
	chromedriver!GetHandleVerifier [0x7ff6f8d1b0ea+5e146a]
	chromedriver!GetHandleVerifier [0x7ff6f8d40a15+606d95]
	chromedriver!GetHandleVerifier [0x7ff6f876ca1e+32d9e]
	chromedriver!GetHandleVerifier [0x7ff6f877520c+3b58c]
	chromedriver!GetHandleVerifier [0x7ff6f87592b4+1f634]
	chromedriver!GetHandleVerifier [0x7ff6f8759444+1f7c4]
	chromedriver!GetHandleVerifier [0x7ff6f873bf67+22e7]
	KERNEL32!BaseThreadInitThunk [0x7ff86f0ee957+17]
	ntdll!RtlUserThreadStart [0x7ff86f68ad6c+2c]

[2026-07-23 01:13:10] [!] Check error: Message: no such window: target window already closed
from unknown error: web view not found
  (Session info: chrome=150.0.7871.130)
Stacktrace:
	chromedriver!GetHandleVerifier [0x7ff6f8cf3ff5+5ba375]
	chromedriver!GetHandleVerifier [0x7ff6f874f0a0+15420]
	chromedriver!(No symbol) [0x7ff6f8285b8d]
	chromedriver!(No symbol) [0x7ff6f825c9e2]
	chromedriver!(No symbol) [0x7ff6f8310d36]
	chromedriver!(No symbol) [0x7ff6f832e172]
	chromedriver!(No symbol) [0x7ff6f82d30cc]
	chromedriver!(No symbol) [0x7ff6f82d3fe3]
	chromedriver!GetHandleVerifier [0x7ff6f8d20d81+5e7101]
	chromedriver!GetHandleVerifier [0x7ff6f8d1b0ea+5e146a]
	chromedriver!GetHandleVerifier [0x7ff6f8d40a15+606d95]
	chromedriver!GetHandleVerifier [0x7ff6f876ca1e+32d9e]
	chromedriver!GetHandleVerifier [0x7ff6f877520c+3b58c]
	chromedriver!GetHandleVerifier [0x7ff6f87592b4+1f634]
	chromedriver!GetHandleVerifier [0x7ff6f8759444+1f7c4]
	chromedriver!GetHandleVerifier [0x7ff6f873bf67+22e7]
	KERNEL32!BaseThreadInitThunk [0x7ff86f0ee957+17]
	ntdll!RtlUserThreadStart [0x7ff86f68ad6c+2c]

[2026-07-23 01:13:12] [!] Check error: Message: no such window: target window already closed
from unknown error: web view not found
  (Session info: chrome=150.0.7871.130)
Stacktrace:
	chromedriver!GetHandleVerifier [0x7ff6f8cf3ff5+5ba375]
	chromedriver!GetHandleVerifier [0x7ff6f874f0a0+15420]
	chromedriver!(No symbol) [0x7ff6f8285b8d]
	chromedriver!(No symbol) [0x7ff6f825c9e2]
	chromedriver!(No symbol) [0x7ff6f8310d36]
	chromedriver!(No symbol) [0x7ff6f832e172]
	chromedriver!(No symbol) [0x7ff6f82d30cc]
	chromedriver!(No symbol) [0x7ff6f82d3fe3]
	chromedriver!GetHandleVerifier [0x7ff6f8d20d81+5e7101]
	chromedriver!GetHandleVerifier [0x7ff6f8d1b0ea+5e146a]
	chromedriver!GetHandleVerifier [0x7ff6f8d40a15+606d95]
	chromedriver!GetHandleVerifier [0x7ff6f876ca1e+32d9e]
	chromedriver!GetHandleVerifier [0x7ff6f877520c+3b58c]
	chromedriver!GetHandleVerifier [0x7ff6f87592b4+1f634]
	chromedriver!GetHandleVerifier [0x7ff6f8759444+1f7c4]
	chromedriver!GetHandleVerifier [0x7ff6f873bf67+22e7]
	KERNEL32!BaseThreadInitThunk [0x7ff86f0ee957+17]
	ntdll!RtlUserThreadStart [0x7ff86f68ad6c+2c]

[2026-07-23 01:13:14] [!] Check error: Message: no such window: target window already closed
from unknown error: web view not found
  (Session info: chrome=150.0.7871.130)
Stacktrace:
	chromedriver!GetHandleVerifier [0x7ff6f8cf3ff5+5ba375]
	chromedriver!GetHandleVerifier [0x7ff6f874f0a0+15420]
	chromedriver!(No symbol) [0x7ff6f8285b8d]
	chromedriver!(No symbol) [0x7ff6f825c9e2]
	chromedriver!(No symbol) [0x7ff6f8310d36]
	chromedriver!(No symbol) [0x7ff6f832e172]
	chromedriver!(No symbol) [0x7ff6f82d30cc]
	chromedriver!(No symbol) [0x7ff6f82d3fe3]
	chromedriver!GetHandleVerifier [0x7ff6f8d20d81+5e7101]
	chromedriver!GetHandleVerifier [0x7ff6f8d1b0ea+5e146a]
	chromedriver!GetHandleVerifier [0x7ff6f8d40a15+606d95]
	chromedriver!GetHandleVerifier [0x7ff6f876ca1e+32d9e]
	chromedriver!GetHandleVerifier [0x7ff6f877520c+3b58c]
	chromedriver!GetHandleVerifier [0x7ff6f87592b4+1f634]
	chromedriver!GetHandleVerifier [0x7ff6f8759444+1f7c4]
	chromedriver!GetHandleVerifier [0x7ff6f873bf67+22e7]
	KERNEL32!BaseThreadInitThunk [0x7ff86f0ee957+17]
	ntdll!RtlUserThreadStart [0x7ff86f68ad6c+2c]

[2026-07-23 01:13:16] [!] Check error: Message: no such window: target window already closed
from unknown error: web view not found
  (Session info: chrome=150.0.7871.130)
Stacktrace:
	chromedriver!GetHandleVerifier [0x7ff6f8cf3ff5+5ba375]
	chromedriver!GetHandleVerifier [0x7ff6f874f0a0+15420]
	chromedriver!(No symbol) [0x7ff6f8285b8d]
	chromedriver!(No symbol) [0x7ff6f825c9e2]
	chromedriver!(No symbol) [0x7ff6f8310d36]
	chromedriver!(No symbol) [0x7ff6f832e172]
	chromedriver!(No symbol) [0x7ff6f82d30cc]
	chromedriver!(No symbol) [0x7ff6f82d3fe3]
	chromedriver!GetHandleVerifier [0x7ff6f8d20d81+5e7101]
	chromedriver!GetHandleVerifier [0x7ff6f8d1b0ea+5e146a]
	chromedriver!GetHandleVerifier [0x7ff6f8d40a15+606d95]
	chromedriver!GetHandleVerifier [0x7ff6f876ca1e+32d9e]
	chromedriver!GetHandleVerifier [0x7ff6f877520c+3b58c]
	chromedriver!GetHandleVerifier [0x7ff6f87592b4+1f634]
	chromedriver!GetHandleVerifier [0x7ff6f8759444+1f7c4]
	chromedriver!GetHandleVerifier [0x7ff6f873bf67+22e7]
	KERNEL32!BaseThreadInitThunk [0x7ff86f0ee957+17]
	ntdll!RtlUserThreadStart [0x7ff86f68ad6c+2c]

[2026-07-23 01:13:18] [!] Check error: Message: no such window: target window already closed
from unknown error: web view not found
  (Session info: chrome=150.0.7871.130)
Stacktrace:
	chromedriver!GetHandleVerifier [0x7ff6f8cf3ff5+5ba375]
	chromedriver!GetHandleVerifier [0x7ff6f874f0a0+15420]
	chromedriver!(No symbol) [0x7ff6f8285b8d]
	chromedriver!(No symbol) [0x7ff6f825c9e2]
	chromedriver!(No symbol) [0x7ff6f8310d36]
	chromedriver!(No symbol) [0x7ff6f832e172]
	chromedriver!(No symbol) [0x7ff6f82d30cc]
	chromedriver!(No symbol) [0x7ff6f82d3fe3]
	chromedriver!GetHandleVerifier [0x7ff6f8d20d81+5e7101]
	chromedriver!GetHandleVerifier [0x7ff6f8d1b0ea+5e146a]
	chromedriver!GetHandleVerifier [0x7ff6f8d40a15+606d95]
	chromedriver!GetHandleVerifier [0x7ff6f876ca1e+32d9e]
	chromedriver!GetHandleVerifier [0x7ff6f877520c+3b58c]
	chromedriver!GetHandleVerifier [0x7ff6f87592b4+1f634]
	chromedriver!GetHandleVerifier [0x7ff6f8759444+1f7c4]
	chromedriver!GetHandleVerifier [0x7ff6f873bf67+22e7]
	KERNEL32!BaseThreadInitThunk [0x7ff86f0ee957+17]
	ntdll!RtlUserThreadStart [0x7ff86f68ad6c+2c]

[2026-07-23 01:13:20] [!] Check error: Message: no such window: target window already closed
from unknown error: web view not found
  (Session info: chrome=150.0.7871.130)
Stacktrace:
	chromedriver!GetHandleVerifier [0x7ff6f8cf3ff5+5ba375]
	chromedriver!GetHandleVerifier [0x7ff6f874f0a0+15420]
	chromedriver!(No symbol) [0x7ff6f8285b8d]
	chromedriver!(No symbol) [0x7ff6f825c9e2]
	chromedriver!(No symbol) [0x7ff6f8310d36]
	chromedriver!(No symbol) [0x7ff6f832e172]
	chromedriver!(No symbol) [0x7ff6f82d30cc]
	chromedriver!(No symbol) [0x7ff6f82d3fe3]
	chromedriver!GetHandleVerifier [0x7ff6f8d20d81+5e7101]
	chromedriver!GetHandleVerifier [0x7ff6f8d1b0ea+5e146a]
	chromedriver!GetHandleVerifier [0x7ff6f8d40a15+606d95]
	chromedriver!GetHandleVerifier [0x7ff6f876ca1e+32d9e]
	chromedriver!GetHandleVerifier [0x7ff6f877520c+3b58c]
	chromedriver!GetHandleVerifier [0x7ff6f87592b4+1f634]
	chromedriver!GetHandleVerifier [0x7ff6f8759444+1f7c4]
	chromedriver!GetHandleVerifier [0x7ff6f873bf67+22e7]
	KERNEL32!BaseThreadInitThunk [0x7ff86f0ee957+17]
	ntdll!RtlUserThreadStart [0x7ff86f68ad6c+2c]

[2026-07-23 01:13:22] [!] Check error: Message: no such window: target window already closed
from unknown error: web view not found
  (Session info: chrome=150.0.7871.130)
Stacktrace:
	chromedriver!GetHandleVerifier [0x7ff6f8cf3ff5+5ba375]
	chromedriver!GetHandleVerifier [0x7ff6f874f0a0+15420]
	chromedriver!(No symbol) [0x7ff6f8285b8d]
	chromedriver!(No symbol) [0x7ff6f825c9e2]
	chromedriver!(No symbol) [0x7ff6f8310d36]
	chromedriver!(No symbol) [0x7ff6f832e172]
	chromedriver!(No symbol) [0x7ff6f82d30cc]
	chromedriver!(No symbol) [0x7ff6f82d3fe3]
	chromedriver!GetHandleVerifier [0x7ff6f8d20d81+5e7101]
	chromedriver!GetHandleVerifier [0x7ff6f8d1b0ea+5e146a]
	chromedriver!GetHandleVerifier [0x7ff6f8d40a15+606d95]
	chromedriver!GetHandleVerifier [0x7ff6f876ca1e+32d9e]
	chromedriver!GetHandleVerifier [0x7ff6f877520c+3b58c]
	chromedriver!GetHandleVerifier [0x7ff6f87592b4+1f634]
	chromedriver!GetHandleVerifier [0x7ff6f8759444+1f7c4]
	chromedriver!GetHandleVerifier [0x7ff6f873bf67+22e7]
	KERNEL32!BaseThreadInitThunk [0x7ff86f0ee957+17]
	ntdll!RtlUserThreadStart [0x7ff86f68ad6c+2c]

[2026-07-23 01:13:24] [!] Check error: Message: no such window: target window already closed
from unknown error: web view not found
  (Session info: chrome=150.0.7871.130)
Stacktrace:
	chromedriver!GetHandleVerifier [0x7ff6f8cf3ff5+5ba375]
	chromedriver!GetHandleVerifier [0x7ff6f874f0a0+15420]
	chromedriver!(No symbol) [0x7ff6f8285b8d]
	chromedriver!(No symbol) [0x7ff6f825c9e2]
	chromedriver!(No symbol) [0x7ff6f8310d36]
	chromedriver!(No symbol) [0x7ff6f832e172]
	chromedriver!(No symbol) [0x7ff6f82d30cc]
	chromedriver!(No symbol) [0x7ff6f82d3fe3]
	chromedriver!GetHandleVerifier [0x7ff6f8d20d81+5e7101]
	chromedriver!GetHandleVerifier [0x7ff6f8d1b0ea+5e146a]
	chromedriver!GetHandleVerifier [0x7ff6f8d40a15+606d95]
	chromedriver!GetHandleVerifier [0x7ff6f876ca1e+32d9e]
	chromedriver!GetHandleVerifier [0x7ff6f877520c+3b58c]
	chromedriver!GetHandleVerifier [0x7ff6f87592b4+1f634]
	chromedriver!GetHandleVerifier [0x7ff6f8759444+1f7c4]
	chromedriver!GetHandleVerifier [0x7ff6f873bf67+22e7]
	KERNEL32!BaseThreadInitThunk [0x7ff86f0ee957+17]
	ntdll!RtlUserThreadStart [0x7ff86f68ad6c+2c]

[2026-07-23 01:13:26] [!] Check error: Message: no such window: target window already closed
from unknown error: web view not found
  (Session info: chrome=150.0.7871.130)
Stacktrace:
	chromedriver!GetHandleVerifier [0x7ff6f8cf3ff5+5ba375]
	chromedriver!GetHandleVerifier [0x7ff6f874f0a0+15420]
	chromedriver!(No symbol) [0x7ff6f8285b8d]
	chromedriver!(No symbol) [0x7ff6f825c9e2]
	chromedriver!(No symbol) [0x7ff6f8310d36]
	chromedriver!(No symbol) [0x7ff6f832e172]
	chromedriver!(No symbol) [0x7ff6f82d30cc]
	chromedriver!(No symbol) [0x7ff6f82d3fe3]
	chromedriver!GetHandleVerifier [0x7ff6f8d20d81+5e7101]
	chromedriver!GetHandleVerifier [0x7ff6f8d1b0ea+5e146a]
	chromedriver!GetHandleVerifier [0x7ff6f8d40a15+606d95]
	chromedriver!GetHandleVerifier [0x7ff6f876ca1e+32d9e]
	chromedriver!GetHandleVerifier [0x7ff6f877520c+3b58c]
	chromedriver!GetHandleVerifier [0x7ff6f87592b4+1f634]
	chromedriver!GetHandleVerifier [0x7ff6f8759444+1f7c4]
	chromedriver!GetHandleVerifier [0x7ff6f873bf67+22e7]
	KERNEL32!BaseThreadInitThunk [0x7ff86f0ee957+17]
	ntdll!RtlUserThreadStart [0x7ff86f68ad6c+2c]

[2026-07-23 01:13:28] [!] Check error: Message: no such window: target window already closed
from unknown error: web view not found
  (Session info: chrome=150.0.7871.130)
Stacktrace:
	chromedriver!GetHandleVerifier [0x7ff6f8cf3ff5+5ba375]
	chromedriver!GetHandleVerifier [0x7ff6f874f0a0+15420]
	chromedriver!(No symbol) [0x7ff6f8285b8d]
	chromedriver!(No symbol) [0x7ff6f825c9e2]
	chromedriver!(No symbol) [0x7ff6f8310d36]
	chromedriver!(No symbol) [0x7ff6f832e172]
	chromedriver!(No symbol) [0x7ff6f82d30cc]
	chromedriver!(No symbol) [0x7ff6f82d3fe3]
	chromedriver!GetHandleVerifier [0x7ff6f8d20d81+5e7101]
	chromedriver!GetHandleVerifier [0x7ff6f8d1b0ea+5e146a]
	chromedriver!GetHandleVerifier [0x7ff6f8d40a15+606d95]
	chromedriver!GetHandleVerifier [0x7ff6f876ca1e+32d9e]
	chromedriver!GetHandleVerifier [0x7ff6f877520c+3b58c]
	chromedriver!GetHandleVerifier [0x7ff6f87592b4+1f634]
	chromedriver!GetHandleVerifier [0x7ff6f8759444+1f7c4]
	chromedriver!GetHandleVerifier [0x7ff6f873bf67+22e7]
	KERNEL32!BaseThreadInitThunk [0x7ff86f0ee957+17]
	ntdll!RtlUserThreadStart [0x7ff86f68ad6c+2c]

[2026-07-23 01:13:30] [!] Check error: Message: no such window: target window already closed
from unknown error: web view not found
  (Session info: chrome=150.0.7871.130)
Stacktrace:
	chromedriver!GetHandleVerifier [0x7ff6f8cf3ff5+5ba375]
	chromedriver!GetHandleVerifier [0x7ff6f874f0a0+15420]
	chromedriver!(No symbol) [0x7ff6f8285b8d]
	chromedriver!(No symbol) [0x7ff6f825c9e2]
	chromedriver!(No symbol) [0x7ff6f8310d36]
	chromedriver!(No symbol) [0x7ff6f832e172]
	chromedriver!(No symbol) [0x7ff6f82d30cc]
	chromedriver!(No symbol) [0x7ff6f82d3fe3]
	chromedriver!GetHandleVerifier [0x7ff6f8d20d81+5e7101]
	chromedriver!GetHandleVerifier [0x7ff6f8d1b0ea+5e146a]
	chromedriver!GetHandleVerifier [0x7ff6f8d40a15+606d95]
	chromedriver!GetHandleVerifier [0x7ff6f876ca1e+32d9e]
	chromedriver!GetHandleVerifier [0x7ff6f877520c+3b58c]
	chromedriver!GetHandleVerifier [0x7ff6f87592b4+1f634]
	chromedriver!GetHandleVerifier [0x7ff6f8759444+1f7c4]
	chromedriver!GetHandleVerifier [0x7ff6f873bf67+22e7]
	KERNEL32!BaseThreadInitThunk [0x7ff86f0ee957+17]
	ntdll!RtlUserThreadStart [0x7ff86f68ad6c+2c]

[2026-07-23 01:13:32] [!] Check error: Message: no such window: target window already closed
from unknown error: web view not found
  (Session info: chrome=150.0.7871.130)
Stacktrace:
	chromedriver!GetHandleVerifier [0x7ff6f8cf3ff5+5ba375]
	chromedriver!GetHandleVerifier [0x7ff6f874f0a0+15420]
	chromedriver!(No symbol) [0x7ff6f8285b8d]
	chromedriver!(No symbol) [0x7ff6f825c9e2]
	chromedriver!(No symbol) [0x7ff6f8310d36]
	chromedriver!(No symbol) [0x7ff6f832e172]
	chromedriver!(No symbol) [0x7ff6f82d30cc]
	chromedriver!(No symbol) [0x7ff6f82d3fe3]
	chromedriver!GetHandleVerifier [0x7ff6f8d20d81+5e7101]
	chromedriver!GetHandleVerifier [0x7ff6f8d1b0ea+5e146a]
	chromedriver!GetHandleVerifier [0x7ff6f8d40a15+606d95]
	chromedriver!GetHandleVerifier [0x7ff6f876ca1e+32d9e]
	chromedriver!GetHandleVerifier [0x7ff6f877520c+3b58c]
	chromedriver!GetHandleVerifier [0x7ff6f87592b4+1f634]
	chromedriver!GetHandleVerifier [0x7ff6f8759444+1f7c4]
	chromedriver!GetHandleVerifier [0x7ff6f873bf67+22e7]
	KERNEL32!BaseThreadInitThunk [0x7ff86f0ee957+17]
	ntdll!RtlUserThreadStart [0x7ff86f68ad6c+2c]

[2026-07-23 01:13:34] [!] Check error: Message: no such window: target window already closed
from unknown error: web view not found
  (Session info: chrome=150.0.7871.130)
Stacktrace:
	chromedriver!GetHandleVerifier [0x7ff6f8cf3ff5+5ba375]
	chromedriver!GetHandleVerifier [0x7ff6f874f0a0+15420]
	chromedriver!(No symbol) [0x7ff6f8285b8d]
	chromedriver!(No symbol) [0x7ff6f825c9e2]
	chromedriver!(No symbol) [0x7ff6f8310d36]
	chromedriver!(No symbol) [0x7ff6f832e172]
	chromedriver!(No symbol) [0x7ff6f82d30cc]
	chromedriver!(No symbol) [0x7ff6f82d3fe3]
	chromedriver!GetHandleVerifier [0x7ff6f8d20d81+5e7101]
	chromedriver!GetHandleVerifier [0x7ff6f8d1b0ea+5e146a]
	chromedriver!GetHandleVerifier [0x7ff6f8d40a15+606d95]
	chromedriver!GetHandleVerifier [0x7ff6f876ca1e+32d9e]
	chromedriver!GetHandleVerifier [0x7ff6f877520c+3b58c]
	chromedriver!GetHandleVerifier [0x7ff6f87592b4+1f634]
	chromedriver!GetHandleVerifier [0x7ff6f8759444+1f7c4]
	chromedriver!GetHandleVerifier [0x7ff6f873bf67+22e7]
	KERNEL32!BaseThreadInitThunk [0x7ff86f0ee957+17]
	ntdll!RtlUserThreadStart [0x7ff86f68ad6c+2c]

[2026-07-23 01:13:36] [!] Check error: Message: no such window: target window already closed
from unknown error: web view not found
  (Session info: chrome=150.0.7871.130)
Stacktrace:
	chromedriver!GetHandleVerifier [0x7ff6f8cf3ff5+5ba375]
	chromedriver!GetHandleVerifier [0x7ff6f874f0a0+15420]
	chromedriver!(No symbol) [0x7ff6f8285b8d]
	chromedriver!(No symbol) [0x7ff6f825c9e2]
	chromedriver!(No symbol) [0x7ff6f8310d36]
	chromedriver!(No symbol) [0x7ff6f832e172]
	chromedriver!(No symbol) [0x7ff6f82d30cc]
	chromedriver!(No symbol) [0x7ff6f82d3fe3]
	chromedriver!GetHandleVerifier [0x7ff6f8d20d81+5e7101]
	chromedriver!GetHandleVerifier [0x7ff6f8d1b0ea+5e146a]
	chromedriver!GetHandleVerifier [0x7ff6f8d40a15+606d95]
	chromedriver!GetHandleVerifier [0x7ff6f876ca1e+32d9e]
	chromedriver!GetHandleVerifier [0x7ff6f877520c+3b58c]
	chromedriver!GetHandleVerifier [0x7ff6f87592b4+1f634]
	chromedriver!GetHandleVerifier [0x7ff6f8759444+1f7c4]
	chromedriver!GetHandleVerifier [0x7ff6f873bf67+22e7]
	KERNEL32!BaseThreadInitThunk [0x7ff86f0ee957+17]
	ntdll!RtlUserThreadStart [0x7ff86f68ad6c+2c]

[2026-07-23 01:13:38] [!] Check error: Message: no such window: target window already closed
from unknown error: web view not found
  (Session info: chrome=150.0.7871.130)
Stacktrace:
	chromedriver!GetHandleVerifier [0x7ff6f8cf3ff5+5ba375]
	chromedriver!GetHandleVerifier [0x7ff6f874f0a0+15420]
	chromedriver!(No symbol) [0x7ff6f8285b8d]
	chromedriver!(No symbol) [0x7ff6f825c9e2]
	chromedriver!(No symbol) [0x7ff6f8310d36]
	chromedriver!(No symbol) [0x7ff6f832e172]
	chromedriver!(No symbol) [0x7ff6f82d30cc]
	chromedriver!(No symbol) [0x7ff6f82d3fe3]
	chromedriver!GetHandleVerifier [0x7ff6f8d20d81+5e7101]
	chromedriver!GetHandleVerifier [0x7ff6f8d1b0ea+5e146a]
	chromedriver!GetHandleVerifier [0x7ff6f8d40a15+606d95]
	chromedriver!GetHandleVerifier [0x7ff6f876ca1e+32d9e]
	chromedriver!GetHandleVerifier [0x7ff6f877520c+3b58c]
	chromedriver!GetHandleVerifier [0x7ff6f87592b4+1f634]
	chromedriver!GetHandleVerifier [0x7ff6f8759444+1f7c4]
	chromedriver!GetHandleVerifier [0x7ff6f873bf67+22e7]
	KERNEL32!BaseThreadInitThunk [0x7ff86f0ee957+17]
	ntdll!RtlUserThreadStart [0x7ff86f68ad6c+2c]

[2026-07-23 01:13:40] [!] Check error: Message: no such window: target window already closed
from unknown error: web view not found
  (Session info: chrome=150.0.7871.130)
Stacktrace:
	chromedriver!GetHandleVerifier [0x7ff6f8cf3ff5+5ba375]
	chromedriver!GetHandleVerifier [0x7ff6f874f0a0+15420]
	chromedriver!(No symbol) [0x7ff6f8285b8d]
	chromedriver!(No symbol) [0x7ff6f825c9e2]
	chromedriver!(No symbol) [0x7ff6f8310d36]
	chromedriver!(No symbol) [0x7ff6f832e172]
	chromedriver!(No symbol) [0x7ff6f82d30cc]
	chromedriver!(No symbol) [0x7ff6f82d3fe3]
	chromedriver!GetHandleVerifier [0x7ff6f8d20d81+5e7101]
	chromedriver!GetHandleVerifier [0x7ff6f8d1b0ea+5e146a]
	chromedriver!GetHandleVerifier [0x7ff6f8d40a15+606d95]
	chromedriver!GetHandleVerifier [0x7ff6f876ca1e+32d9e]
	chromedriver!GetHandleVerifier [0x7ff6f877520c+3b58c]
	chromedriver!GetHandleVerifier [0x7ff6f87592b4+1f634]
	chromedriver!GetHandleVerifier [0x7ff6f8759444+1f7c4]
	chromedriver!GetHandleVerifier [0x7ff6f873bf67+22e7]
	KERNEL32!BaseThreadInitThunk [0x7ff86f0ee957+17]
	ntdll!RtlUserThreadStart [0x7ff86f68ad6c+2c]

[2026-07-23 01:13:42] [!] Check error: Message: no such window: target window already closed
from unknown error: web view not found
  (Session info: chrome=150.0.7871.130)
Stacktrace:
	chromedriver!GetHandleVerifier [0x7ff6f8cf3ff5+5ba375]
	chromedriver!GetHandleVerifier [0x7ff6f874f0a0+15420]
	chromedriver!(No symbol) [0x7ff6f8285b8d]
	chromedriver!(No symbol) [0x7ff6f825c9e2]
	chromedriver!(No symbol) [0x7ff6f8310d36]
	chromedriver!(No symbol) [0x7ff6f832e172]
	chromedriver!(No symbol) [0x7ff6f82d30cc]
	chromedriver!(No symbol) [0x7ff6f82d3fe3]
	chromedriver!GetHandleVerifier [0x7ff6f8d20d81+5e7101]
	chromedriver!GetHandleVerifier [0x7ff6f8d1b0ea+5e146a]
	chromedriver!GetHandleVerifier [0x7ff6f8d40a15+606d95]
	chromedriver!GetHandleVerifier [0x7ff6f876ca1e+32d9e]
	chromedriver!GetHandleVerifier [0x7ff6f877520c+3b58c]
	chromedriver!GetHandleVerifier [0x7ff6f87592b4+1f634]
	chromedriver!GetHandleVerifier [0x7ff6f8759444+1f7c4]
	chromedriver!GetHandleVerifier [0x7ff6f873bf67+22e7]
	KERNEL32!BaseThreadInitThunk [0x7ff86f0ee957+17]
	ntdll!RtlUserThreadStart [0x7ff86f68ad6c+2c]

[2026-07-23 01:13:44] [!] Check error: Message: no such window: target window already closed
from unknown error: web view not found
  (Session info: chrome=150.0.7871.130)
Stacktrace:
	chromedriver!GetHandleVerifier [0x7ff6f8cf3ff5+5ba375]
	chromedriver!GetHandleVerifier [0x7ff6f874f0a0+15420]
	chromedriver!(No symbol) [0x7ff6f8285b8d]
	chromedriver!(No symbol) [0x7ff6f825c9e2]
	chromedriver!(No symbol) [0x7ff6f8310d36]
	chromedriver!(No symbol) [0x7ff6f832e172]
	chromedriver!(No symbol) [0x7ff6f82d30cc]
	chromedriver!(No symbol) [0x7ff6f82d3fe3]
	chromedriver!GetHandleVerifier [0x7ff6f8d20d81+5e7101]
	chromedriver!GetHandleVerifier [0x7ff6f8d1b0ea+5e146a]
	chromedriver!GetHandleVerifier [0x7ff6f8d40a15+606d95]
	chromedriver!GetHandleVerifier [0x7ff6f876ca1e+32d9e]
	chromedriver!GetHandleVerifier [0x7ff6f877520c+3b58c]
	chromedriver!GetHandleVerifier [0x7ff6f87592b4+1f634]
	chromedriver!GetHandleVerifier [0x7ff6f8759444+1f7c4]
	chromedriver!GetHandleVerifier [0x7ff6f873bf67+22e7]
	KERNEL32!BaseThreadInitThunk [0x7ff86f0ee957+17]
	ntdll!RtlUserThreadStart [0x7ff86f68ad6c+2c]

[2026-07-23 01:13:46] [!] Check error: Message: no such window: target window already closed
from unknown error: web view not found
  (Session info: chrome=150.0.7871.130)
Stacktrace:
	chromedriver!GetHandleVerifier [0x7ff6f8cf3ff5+5ba375]
	chromedriver!GetHandleVerifier [0x7ff6f874f0a0+15420]
	chromedriver!(No symbol) [0x7ff6f8285b8d]
	chromedriver!(No symbol) [0x7ff6f825c9e2]
	chromedriver!(No symbol) [0x7ff6f8310d36]
	chromedriver!(No symbol) [0x7ff6f832e172]
	chromedriver!(No symbol) [0x7ff6f82d30cc]
	chromedriver!(No symbol) [0x7ff6f82d3fe3]
	chromedriver!GetHandleVerifier [0x7ff6f8d20d81+5e7101]
	chromedriver!GetHandleVerifier [0x7ff6f8d1b0ea+5e146a]
	chromedriver!GetHandleVerifier [0x7ff6f8d40a15+606d95]
	chromedriver!GetHandleVerifier [0x7ff6f876ca1e+32d9e]
	chromedriver!GetHandleVerifier [0x7ff6f877520c+3b58c]
	chromedriver!GetHandleVerifier [0x7ff6f87592b4+1f634]
	chromedriver!GetHandleVerifier [0x7ff6f8759444+1f7c4]
	chromedriver!GetHandleVerifier [0x7ff6f873bf67+22e7]
	KERNEL32!BaseThreadInitThunk [0x7ff86f0ee957+17]
	ntdll!RtlUserThreadStart [0x7ff86f68ad6c+2c]

[2026-07-23 01:13:48] [!] Check error: Message: no such window: target window already closed
from unknown error: web view not found
  (Session info: chrome=150.0.7871.130)
Stacktrace:
	chromedriver!GetHandleVerifier [0x7ff6f8cf3ff5+5ba375]
	chromedriver!GetHandleVerifier [0x7ff6f874f0a0+15420]
	chromedriver!(No symbol) [0x7ff6f8285b8d]
	chromedriver!(No symbol) [0x7ff6f825c9e2]
	chromedriver!(No symbol) [0x7ff6f8310d36]
	chromedriver!(No symbol) [0x7ff6f832e172]
	chromedriver!(No symbol) [0x7ff6f82d30cc]
	chromedriver!(No symbol) [0x7ff6f82d3fe3]
	chromedriver!GetHandleVerifier [0x7ff6f8d20d81+5e7101]
	chromedriver!GetHandleVerifier [0x7ff6f8d1b0ea+5e146a]
	chromedriver!GetHandleVerifier [0x7ff6f8d40a15+606d95]
	chromedriver!GetHandleVerifier [0x7ff6f876ca1e+32d9e]
	chromedriver!GetHandleVerifier [0x7ff6f877520c+3b58c]
	chromedriver!GetHandleVerifier [0x7ff6f87592b4+1f634]
	chromedriver!GetHandleVerifier [0x7ff6f8759444+1f7c4]
	chromedriver!GetHandleVerifier [0x7ff6f873bf67+22e7]
	KERNEL32!BaseThreadInitThunk [0x7ff86f0ee957+17]
	ntdll!RtlUserThreadStart [0x7ff86f68ad6c+2c]

[2026-07-23 01:13:50] [!] Check error: Message: no such window: target window already closed
from unknown error: web view not found
  (Session info: chrome=150.0.7871.130)
Stacktrace:
	chromedriver!GetHandleVerifier [0x7ff6f8cf3ff5+5ba375]
	chromedriver!GetHandleVerifier [0x7ff6f874f0a0+15420]
	chromedriver!(No symbol) [0x7ff6f8285b8d]
	chromedriver!(No symbol) [0x7ff6f825c9e2]
	chromedriver!(No symbol) [0x7ff6f8310d36]
	chromedriver!(No symbol) [0x7ff6f832e172]
	chromedriver!(No symbol) [0x7ff6f82d30cc]
	chromedriver!(No symbol) [0x7ff6f82d3fe3]
	chromedriver!GetHandleVerifier [0x7ff6f8d20d81+5e7101]
	chromedriver!GetHandleVerifier [0x7ff6f8d1b0ea+5e146a]
	chromedriver!GetHandleVerifier [0x7ff6f8d40a15+606d95]
	chromedriver!GetHandleVerifier [0x7ff6f876ca1e+32d9e]
	chromedriver!GetHandleVerifier [0x7ff6f877520c+3b58c]
	chromedriver!GetHandleVerifier [0x7ff6f87592b4+1f634]
	chromedriver!GetHandleVerifier [0x7ff6f8759444+1f7c4]
	chromedriver!GetHandleVerifier [0x7ff6f873bf67+22e7]
	KERNEL32!BaseThreadInitThunk [0x7ff86f0ee957+17]
	ntdll!RtlUserThreadStart [0x7ff86f68ad6c+2c]

[2026-07-23 01:13:52] [!] Check error: Message: no such window: target window already closed
from unknown error: web view not found
  (Session info: chrome=150.0.7871.130)
Stacktrace:
	chromedriver!GetHandleVerifier [0x7ff6f8cf3ff5+5ba375]
	chromedriver!GetHandleVerifier [0x7ff6f874f0a0+15420]
	chromedriver!(No symbol) [0x7ff6f8285b8d]
	chromedriver!(No symbol) [0x7ff6f825c9e2]
	chromedriver!(No symbol) [0x7ff6f8310d36]
	chromedriver!(No symbol) [0x7ff6f832e172]
	chromedriver!(No symbol) [0x7ff6f82d30cc]
	chromedriver!(No symbol) [0x7ff6f82d3fe3]
	chromedriver!GetHandleVerifier [0x7ff6f8d20d81+5e7101]
	chromedriver!GetHandleVerifier [0x7ff6f8d1b0ea+5e146a]
	chromedriver!GetHandleVerifier [0x7ff6f8d40a15+606d95]
	chromedriver!GetHandleVerifier [0x7ff6f876ca1e+32d9e]
	chromedriver!GetHandleVerifier [0x7ff6f877520c+3b58c]
	chromedriver!GetHandleVerifier [0x7ff6f87592b4+1f634]
	chromedriver!GetHandleVerifier [0x7ff6f8759444+1f7c4]
	chromedriver!GetHandleVerifier [0x7ff6f873bf67+22e7]
	KERNEL32!BaseThreadInitThunk [0x7ff86f0ee957+17]
	ntdll!RtlUserThreadStart [0x7ff86f68ad6c+2c]

[2026-07-23 01:13:54] [!] Check error: Message: no such window: target window already closed
from unknown error: web view not found
  (Session info: chrome=150.0.7871.130)
Stacktrace:
	chromedriver!GetHandleVerifier [0x7ff6f8cf3ff5+5ba375]
	chromedriver!GetHandleVerifier [0x7ff6f874f0a0+15420]
	chromedriver!(No symbol) [0x7ff6f8285b8d]
	chromedriver!(No symbol) [0x7ff6f825c9e2]
	chromedriver!(No symbol) [0x7ff6f8310d36]
	chromedriver!(No symbol) [0x7ff6f832e172]
	chromedriver!(No symbol) [0x7ff6f82d30cc]
	chromedriver!(No symbol) [0x7ff6f82d3fe3]
	chromedriver!GetHandleVerifier [0x7ff6f8d20d81+5e7101]
	chromedriver!GetHandleVerifier [0x7ff6f8d1b0ea+5e146a]
	chromedriver!GetHandleVerifier [0x7ff6f8d40a15+606d95]
	chromedriver!GetHandleVerifier [0x7ff6f876ca1e+32d9e]
	chromedriver!GetHandleVerifier [0x7ff6f877520c+3b58c]
	chromedriver!GetHandleVerifier [0x7ff6f87592b4+1f634]
	chromedriver!GetHandleVerifier [0x7ff6f8759444+1f7c4]
	chromedriver!GetHandleVerifier [0x7ff6f873bf67+22e7]
	KERNEL32!BaseThreadInitThunk [0x7ff86f0ee957+17]
	ntdll!RtlUserThreadStart [0x7ff86f68ad6c+2c]

[2026-07-23 01:13:56] [!] Check error: Message: no such window: target window already closed
from unknown error: web view not found
  (Session info: chrome=150.0.7871.130)
Stacktrace:
	chromedriver!GetHandleVerifier [0x7ff6f8cf3ff5+5ba375]
	chromedriver!GetHandleVerifier [0x7ff6f874f0a0+15420]
	chromedriver!(No symbol) [0x7ff6f8285b8d]
	chromedriver!(No symbol) [0x7ff6f825c9e2]
	chromedriver!(No symbol) [0x7ff6f8310d36]
	chromedriver!(No symbol) [0x7ff6f832e172]
	chromedriver!(No symbol) [0x7ff6f82d30cc]
	chromedriver!(No symbol) [0x7ff6f82d3fe3]
	chromedriver!GetHandleVerifier [0x7ff6f8d20d81+5e7101]
	chromedriver!GetHandleVerifier [0x7ff6f8d1b0ea+5e146a]
	chromedriver!GetHandleVerifier [0x7ff6f8d40a15+606d95]
	chromedriver!GetHandleVerifier [0x7ff6f876ca1e+32d9e]
	chromedriver!GetHandleVerifier [0x7ff6f877520c+3b58c]
	chromedriver!GetHandleVerifier [0x7ff6f87592b4+1f634]
	chromedriver!GetHandleVerifier [0x7ff6f8759444+1f7c4]
	chromedriver!GetHandleVerifier [0x7ff6f873bf67+22e7]
	KERNEL32!BaseThreadInitThunk [0x7ff86f0ee957+17]
	ntdll!RtlUserThreadStart [0x7ff86f68ad6c+2c]

[2026-07-23 01:13:58] [!] Check error: Message: no such window: target window already closed
from unknown error: web view not found
  (Session info: chrome=150.0.7871.130)
Stacktrace:
	chromedriver!GetHandleVerifier [0x7ff6f8cf3ff5+5ba375]
	chromedriver!GetHandleVerifier [0x7ff6f874f0a0+15420]
	chromedriver!(No symbol) [0x7ff6f8285b8d]
	chromedriver!(No symbol) [0x7ff6f825c9e2]
	chromedriver!(No symbol) [0x7ff6f8310d36]
	chromedriver!(No symbol) [0x7ff6f832e172]
	chromedriver!(No symbol) [0x7ff6f82d30cc]
	chromedriver!(No symbol) [0x7ff6f82d3fe3]
	chromedriver!GetHandleVerifier [0x7ff6f8d20d81+5e7101]
	chromedriver!GetHandleVerifier [0x7ff6f8d1b0ea+5e146a]
	chromedriver!GetHandleVerifier [0x7ff6f8d40a15+606d95]
	chromedriver!GetHandleVerifier [0x7ff6f876ca1e+32d9e]
	chromedriver!GetHandleVerifier [0x7ff6f877520c+3b58c]
	chromedriver!GetHandleVerifier [0x7ff6f87592b4+1f634]
	chromedriver!GetHandleVerifier [0x7ff6f8759444+1f7c4]
	chromedriver!GetHandleVerifier [0x7ff6f873bf67+22e7]
	KERNEL32!BaseThreadInitThunk [0x7ff86f0ee957+17]
	ntdll!RtlUserThreadStart [0x7ff86f68ad6c+2c]

[2026-07-23 01:14:00] [!] Check error: Message: no such window: target window already closed
from unknown error: web view not found
  (Session info: chrome=150.0.7871.130)
Stacktrace:
	chromedriver!GetHandleVerifier [0x7ff6f8cf3ff5+5ba375]
	chromedriver!GetHandleVerifier [0x7ff6f874f0a0+15420]
	chromedriver!(No symbol) [0x7ff6f8285b8d]
	chromedriver!(No symbol) [0x7ff6f825c9e2]
	chromedriver!(No symbol) [0x7ff6f8310d36]
	chromedriver!(No symbol) [0x7ff6f832e172]
	chromedriver!(No symbol) [0x7ff6f82d30cc]
	chromedriver!(No symbol) [0x7ff6f82d3fe3]
	chromedriver!GetHandleVerifier [0x7ff6f8d20d81+5e7101]
	chromedriver!GetHandleVerifier [0x7ff6f8d1b0ea+5e146a]
	chromedriver!GetHandleVerifier [0x7ff6f8d40a15+606d95]
	chromedriver!GetHandleVerifier [0x7ff6f876ca1e+32d9e]
	chromedriver!GetHandleVerifier [0x7ff6f877520c+3b58c]
	chromedriver!GetHandleVerifier [0x7ff6f87592b4+1f634]
	chromedriver!GetHandleVerifier [0x7ff6f8759444+1f7c4]
	chromedriver!GetHandleVerifier [0x7ff6f873bf67+22e7]
	KERNEL32!BaseThreadInitThunk [0x7ff86f0ee957+17]
	ntdll!RtlUserThreadStart [0x7ff86f68ad6c+2c]

[2026-07-23 01:14:02] [!] Check error: Message: no such window: target window already closed
from unknown error: web view not found
  (Session info: chrome=150.0.7871.130)
Stacktrace:
	chromedriver!GetHandleVerifier [0x7ff6f8cf3ff5+5ba375]
	chromedriver!GetHandleVerifier [0x7ff6f874f0a0+15420]
	chromedriver!(No symbol) [0x7ff6f8285b8d]
	chromedriver!(No symbol) [0x7ff6f825c9e2]
	chromedriver!(No symbol) [0x7ff6f8310d36]
	chromedriver!(No symbol) [0x7ff6f832e172]
	chromedriver!(No symbol) [0x7ff6f82d30cc]
	chromedriver!(No symbol) [0x7ff6f82d3fe3]
	chromedriver!GetHandleVerifier [0x7ff6f8d20d81+5e7101]
	chromedriver!GetHandleVerifier [0x7ff6f8d1b0ea+5e146a]
	chromedriver!GetHandleVerifier [0x7ff6f8d40a15+606d95]
	chromedriver!GetHandleVerifier [0x7ff6f876ca1e+32d9e]
	chromedriver!GetHandleVerifier [0x7ff6f877520c+3b58c]
	chromedriver!GetHandleVerifier [0x7ff6f87592b4+1f634]
	chromedriver!GetHandleVerifier [0x7ff6f8759444+1f7c4]
	chromedriver!GetHandleVerifier [0x7ff6f873bf67+22e7]
	KERNEL32!BaseThreadInitThunk [0x7ff86f0ee957+17]
	ntdll!RtlUserThreadStart [0x7ff86f68ad6c+2c]

[2026-07-23 01:14:04] [!] Check error: Message: no such window: target window already closed
from unknown error: web view not found
  (Session info: chrome=150.0.7871.130)
Stacktrace:
	chromedriver!GetHandleVerifier [0x7ff6f8cf3ff5+5ba375]
	chromedriver!GetHandleVerifier [0x7ff6f874f0a0+15420]
	chromedriver!(No symbol) [0x7ff6f8285b8d]
	chromedriver!(No symbol) [0x7ff6f825c9e2]
	chromedriver!(No symbol) [0x7ff6f8310d36]
	chromedriver!(No symbol) [0x7ff6f832e172]
	chromedriver!(No symbol) [0x7ff6f82d30cc]
	chromedriver!(No symbol) [0x7ff6f82d3fe3]
	chromedriver!GetHandleVerifier [0x7ff6f8d20d81+5e7101]
	chromedriver!GetHandleVerifier [0x7ff6f8d1b0ea+5e146a]
	chromedriver!GetHandleVerifier [0x7ff6f8d40a15+606d95]
	chromedriver!GetHandleVerifier [0x7ff6f876ca1e+32d9e]
	chromedriver!GetHandleVerifier [0x7ff6f877520c+3b58c]
	chromedriver!GetHandleVerifier [0x7ff6f87592b4+1f634]
	chromedriver!GetHandleVerifier [0x7ff6f8759444+1f7c4]
	chromedriver!GetHandleVerifier [0x7ff6f873bf67+22e7]
	KERNEL32!BaseThreadInitThunk [0x7ff86f0ee957+17]
	ntdll!RtlUserThreadStart [0x7ff86f68ad6c+2c]

[2026-07-23 01:14:06] [!] Check error: Message: no such window: target window already closed
from unknown error: web view not found
  (Session info: chrome=150.0.7871.130)
Stacktrace:
	chromedriver!GetHandleVerifier [0x7ff6f8cf3ff5+5ba375]
	chromedriver!GetHandleVerifier [0x7ff6f874f0a0+15420]
	chromedriver!(No symbol) [0x7ff6f8285b8d]
	chromedriver!(No symbol) [0x7ff6f825c9e2]
	chromedriver!(No symbol) [0x7ff6f8310d36]
	chromedriver!(No symbol) [0x7ff6f832e172]
	chromedriver!(No symbol) [0x7ff6f82d30cc]
	chromedriver!(No symbol) [0x7ff6f82d3fe3]
	chromedriver!GetHandleVerifier [0x7ff6f8d20d81+5e7101]
	chromedriver!GetHandleVerifier [0x7ff6f8d1b0ea+5e146a]
	chromedriver!GetHandleVerifier [0x7ff6f8d40a15+606d95]
	chromedriver!GetHandleVerifier [0x7ff6f876ca1e+32d9e]
	chromedriver!GetHandleVerifier [0x7ff6f877520c+3b58c]
	chromedriver!GetHandleVerifier [0x7ff6f87592b4+1f634]
	chromedriver!GetHandleVerifier [0x7ff6f8759444+1f7c4]
	chromedriver!GetHandleVerifier [0x7ff6f873bf67+22e7]
	KERNEL32!BaseThreadInitThunk [0x7ff86f0ee957+17]
	ntdll!RtlUserThreadStart [0x7ff86f68ad6c+2c]

[2026-07-23 01:14:08] [!] Check error: Message: no such window: target window already closed
from unknown error: web view not found
  (Session info: chrome=150.0.7871.130)
Stacktrace:
	chromedriver!GetHandleVerifier [0x7ff6f8cf3ff5+5ba375]
	chromedriver!GetHandleVerifier [0x7ff6f874f0a0+15420]
	chromedriver!(No symbol) [0x7ff6f8285b8d]
	chromedriver!(No symbol) [0x7ff6f825c9e2]
	chromedriver!(No symbol) [0x7ff6f8310d36]
	chromedriver!(No symbol) [0x7ff6f832e172]
	chromedriver!(No symbol) [0x7ff6f82d30cc]
	chromedriver!(No symbol) [0x7ff6f82d3fe3]
	chromedriver!GetHandleVerifier [0x7ff6f8d20d81+5e7101]
	chromedriver!GetHandleVerifier [0x7ff6f8d1b0ea+5e146a]
	chromedriver!GetHandleVerifier [0x7ff6f8d40a15+606d95]
	chromedriver!GetHandleVerifier [0x7ff6f876ca1e+32d9e]
	chromedriver!GetHandleVerifier [0x7ff6f877520c+3b58c]
	chromedriver!GetHandleVerifier [0x7ff6f87592b4+1f634]
	chromedriver!GetHandleVerifier [0x7ff6f8759444+1f7c4]
	chromedriver!GetHandleVerifier [0x7ff6f873bf67+22e7]
	KERNEL32!BaseThreadInitThunk [0x7ff86f0ee957+17]
	ntdll!RtlUserThreadStart [0x7ff86f68ad6c+2c]

[2026-07-23 01:14:10] [!] Check error: Message: no such window: target window already closed
from unknown error: web view not found
  (Session info: chrome=150.0.7871.130)
Stacktrace:
	chromedriver!GetHandleVerifier [0x7ff6f8cf3ff5+5ba375]
	chromedriver!GetHandleVerifier [0x7ff6f874f0a0+15420]
	chromedriver!(No symbol) [0x7ff6f8285b8d]
	chromedriver!(No symbol) [0x7ff6f825c9e2]
	chromedriver!(No symbol) [0x7ff6f8310d36]
	chromedriver!(No symbol) [0x7ff6f832e172]
	chromedriver!(No symbol) [0x7ff6f82d30cc]
	chromedriver!(No symbol) [0x7ff6f82d3fe3]
	chromedriver!GetHandleVerifier [0x7ff6f8d20d81+5e7101]
	chromedriver!GetHandleVerifier [0x7ff6f8d1b0ea+5e146a]
	chromedriver!GetHandleVerifier [0x7ff6f8d40a15+606d95]
	chromedriver!GetHandleVerifier [0x7ff6f876ca1e+32d9e]
	chromedriver!GetHandleVerifier [0x7ff6f877520c+3b58c]
	chromedriver!GetHandleVerifier [0x7ff6f87592b4+1f634]
	chromedriver!GetHandleVerifier [0x7ff6f8759444+1f7c4]
	chromedriver!GetHandleVerifier [0x7ff6f873bf67+22e7]
	KERNEL32!BaseThreadInitThunk [0x7ff86f0ee957+17]
	ntdll!RtlUserThreadStart [0x7ff86f68ad6c+2c]

[2026-07-23 01:14:12] [!] Check error: Message: no such window: target window already closed
from unknown error: web view not found
  (Session info: chrome=150.0.7871.130)
Stacktrace:
	chromedriver!GetHandleVerifier [0x7ff6f8cf3ff5+5ba375]
	chromedriver!GetHandleVerifier [0x7ff6f874f0a0+15420]
	chromedriver!(No symbol) [0x7ff6f8285b8d]
	chromedriver!(No symbol) [0x7ff6f825c9e2]
	chromedriver!(No symbol) [0x7ff6f8310d36]
	chromedriver!(No symbol) [0x7ff6f832e172]
	chromedriver!(No symbol) [0x7ff6f82d30cc]
	chromedriver!(No symbol) [0x7ff6f82d3fe3]
	chromedriver!GetHandleVerifier [0x7ff6f8d20d81+5e7101]
	chromedriver!GetHandleVerifier [0x7ff6f8d1b0ea+5e146a]
	chromedriver!GetHandleVerifier [0x7ff6f8d40a15+606d95]
	chromedriver!GetHandleVerifier [0x7ff6f876ca1e+32d9e]
	chromedriver!GetHandleVerifier [0x7ff6f877520c+3b58c]
	chromedriver!GetHandleVerifier [0x7ff6f87592b4+1f634]
	chromedriver!GetHandleVerifier [0x7ff6f8759444+1f7c4]
	chromedriver!GetHandleVerifier [0x7ff6f873bf67+22e7]
	KERNEL32!BaseThreadInitThunk [0x7ff86f0ee957+17]
	ntdll!RtlUserThreadStart [0x7ff86f68ad6c+2c]

[2026-07-23 01:14:14] [!] Check error: Message: no such window: target window already closed
from unknown error: web view not found
  (Session info: chrome=150.0.7871.130)
Stacktrace:
	chromedriver!GetHandleVerifier [0x7ff6f8cf3ff5+5ba375]
	chromedriver!GetHandleVerifier [0x7ff6f874f0a0+15420]
	chromedriver!(No symbol) [0x7ff6f8285b8d]
	chromedriver!(No symbol) [0x7ff6f825c9e2]
	chromedriver!(No symbol) [0x7ff6f8310d36]
	chromedriver!(No symbol) [0x7ff6f832e172]
	chromedriver!(No symbol) [0x7ff6f82d30cc]
	chromedriver!(No symbol) [0x7ff6f82d3fe3]
	chromedriver!GetHandleVerifier [0x7ff6f8d20d81+5e7101]
	chromedriver!GetHandleVerifier [0x7ff6f8d1b0ea+5e146a]
	chromedriver!GetHandleVerifier [0x7ff6f8d40a15+606d95]
	chromedriver!GetHandleVerifier [0x7ff6f876ca1e+32d9e]
	chromedriver!GetHandleVerifier [0x7ff6f877520c+3b58c]
	chromedriver!GetHandleVerifier [0x7ff6f87592b4+1f634]
	chromedriver!GetHandleVerifier [0x7ff6f8759444+1f7c4]
	chromedriver!GetHandleVerifier [0x7ff6f873bf67+22e7]
	KERNEL32!BaseThreadInitThunk [0x7ff86f0ee957+17]
	ntdll!RtlUserThreadStart [0x7ff86f68ad6c+2c]

[2026-07-23 01:14:16] [!] Check error: Message: no such window: target window already closed
from unknown error: web view not found
  (Session info: chrome=150.0.7871.130)
Stacktrace:
	chromedriver!GetHandleVerifier [0x7ff6f8cf3ff5+5ba375]
	chromedriver!GetHandleVerifier [0x7ff6f874f0a0+15420]
	chromedriver!(No symbol) [0x7ff6f8285b8d]
	chromedriver!(No symbol) [0x7ff6f825c9e2]
	chromedriver!(No symbol) [0x7ff6f8310d36]
	chromedriver!(No symbol) [0x7ff6f832e172]
	chromedriver!(No symbol) [0x7ff6f82d30cc]
	chromedriver!(No symbol) [0x7ff6f82d3fe3]
	chromedriver!GetHandleVerifier [0x7ff6f8d20d81+5e7101]
	chromedriver!GetHandleVerifier [0x7ff6f8d1b0ea+5e146a]
	chromedriver!GetHandleVerifier [0x7ff6f8d40a15+606d95]
	chromedriver!GetHandleVerifier [0x7ff6f876ca1e+32d9e]
	chromedriver!GetHandleVerifier [0x7ff6f877520c+3b58c]
	chromedriver!GetHandleVerifier [0x7ff6f87592b4+1f634]
	chromedriver!GetHandleVerifier [0x7ff6f8759444+1f7c4]
	chromedriver!GetHandleVerifier [0x7ff6f873bf67+22e7]
	KERNEL32!BaseThreadInitThunk [0x7ff86f0ee957+17]
	ntdll!RtlUserThreadStart [0x7ff86f68ad6c+2c]

[2026-07-23 01:14:18] [!] Check error: Message: no such window: target window already closed
from unknown error: web view not found
  (Session info: chrome=150.0.7871.130)
Stacktrace:
	chromedriver!GetHandleVerifier [0x7ff6f8cf3ff5+5ba375]
	chromedriver!GetHandleVerifier [0x7ff6f874f0a0+15420]
	chromedriver!(No symbol) [0x7ff6f8285b8d]
	chromedriver!(No symbol) [0x7ff6f825c9e2]
	chromedriver!(No symbol) [0x7ff6f8310d36]
	chromedriver!(No symbol) [0x7ff6f832e172]
	chromedriver!(No symbol) [0x7ff6f82d30cc]
	chromedriver!(No symbol) [0x7ff6f82d3fe3]
	chromedriver!GetHandleVerifier [0x7ff6f8d20d81+5e7101]
	chromedriver!GetHandleVerifier [0x7ff6f8d1b0ea+5e146a]
	chromedriver!GetHandleVerifier [0x7ff6f8d40a15+606d95]
	chromedriver!GetHandleVerifier [0x7ff6f876ca1e+32d9e]
	chromedriver!GetHandleVerifier [0x7ff6f877520c+3b58c]
	chromedriver!GetHandleVerifier [0x7ff6f87592b4+1f634]
	chromedriver!GetHandleVerifier [0x7ff6f8759444+1f7c4]
	chromedriver!GetHandleVerifier [0x7ff6f873bf67+22e7]
	KERNEL32!BaseThreadInitThunk [0x7ff86f0ee957+17]
	ntdll!RtlUserThreadStart [0x7ff86f68ad6c+2c]

[2026-07-23 01:14:20] [!] Check error: Message: no such window: target window already closed
from unknown error: web view not found
  (Session info: chrome=150.0.7871.130)
Stacktrace:
	chromedriver!GetHandleVerifier [0x7ff6f8cf3ff5+5ba375]
	chromedriver!GetHandleVerifier [0x7ff6f874f0a0+15420]
	chromedriver!(No symbol) [0x7ff6f8285b8d]
	chromedriver!(No symbol) [0x7ff6f825c9e2]
	chromedriver!(No symbol) [0x7ff6f8310d36]
	chromedriver!(No symbol) [0x7ff6f832e172]
	chromedriver!(No symbol) [0x7ff6f82d30cc]
	chromedriver!(No symbol) [0x7ff6f82d3fe3]
	chromedriver!GetHandleVerifier [0x7ff6f8d20d81+5e7101]
	chromedriver!GetHandleVerifier [0x7ff6f8d1b0ea+5e146a]
	chromedriver!GetHandleVerifier [0x7ff6f8d40a15+606d95]
	chromedriver!GetHandleVerifier [0x7ff6f876ca1e+32d9e]
	chromedriver!GetHandleVerifier [0x7ff6f877520c+3b58c]
	chromedriver!GetHandleVerifier [0x7ff6f87592b4+1f634]
	chromedriver!GetHandleVerifier [0x7ff6f8759444+1f7c4]
	chromedriver!GetHandleVerifier [0x7ff6f873bf67+22e7]
	KERNEL32!BaseThreadInitThunk [0x7ff86f0ee957+17]
	ntdll!RtlUserThreadStart [0x7ff86f68ad6c+2c]

[2026-07-23 01:14:22] [!] Check error: Message: no such window: target window already closed
from unknown error: web view not found
  (Session info: chrome=150.0.7871.130)
Stacktrace:
	chromedriver!GetHandleVerifier [0x7ff6f8cf3ff5+5ba375]
	chromedriver!GetHandleVerifier [0x7ff6f874f0a0+15420]
	chromedriver!(No symbol) [0x7ff6f8285b8d]
	chromedriver!(No symbol) [0x7ff6f825c9e2]
	chromedriver!(No symbol) [0x7ff6f8310d36]
	chromedriver!(No symbol) [0x7ff6f832e172]
	chromedriver!(No symbol) [0x7ff6f82d30cc]
	chromedriver!(No symbol) [0x7ff6f82d3fe3]
	chromedriver!GetHandleVerifier [0x7ff6f8d20d81+5e7101]
	chromedriver!GetHandleVerifier [0x7ff6f8d1b0ea+5e146a]
	chromedriver!GetHandleVerifier [0x7ff6f8d40a15+606d95]
	chromedriver!GetHandleVerifier [0x7ff6f876ca1e+32d9e]
	chromedriver!GetHandleVerifier [0x7ff6f877520c+3b58c]
	chromedriver!GetHandleVerifier [0x7ff6f87592b4+1f634]
	chromedriver!GetHandleVerifier [0x7ff6f8759444+1f7c4]
	chromedriver!GetHandleVerifier [0x7ff6f873bf67+22e7]
	KERNEL32!BaseThreadInitThunk [0x7ff86f0ee957+17]
	ntdll!RtlUserThreadStart [0x7ff86f68ad6c+2c]

[2026-07-23 01:14:25] [!] Check error: Message: no such window: target window already closed
from unknown error: web view not found
  (Session info: chrome=150.0.7871.130)
Stacktrace:
	chromedriver!GetHandleVerifier [0x7ff6f8cf3ff5+5ba375]
	chromedriver!GetHandleVerifier [0x7ff6f874f0a0+15420]
	chromedriver!(No symbol) [0x7ff6f8285b8d]
	chromedriver!(No symbol) [0x7ff6f825c9e2]
	chromedriver!(No symbol) [0x7ff6f8310d36]
	chromedriver!(No symbol) [0x7ff6f832e172]
	chromedriver!(No symbol) [0x7ff6f82d30cc]
	chromedriver!(No symbol) [0x7ff6f82d3fe3]
	chromedriver!GetHandleVerifier [0x7ff6f8d20d81+5e7101]
	chromedriver!GetHandleVerifier [0x7ff6f8d1b0ea+5e146a]
	chromedriver!GetHandleVerifier [0x7ff6f8d40a15+606d95]
	chromedriver!GetHandleVerifier [0x7ff6f876ca1e+32d9e]
	chromedriver!GetHandleVerifier [0x7ff6f877520c+3b58c]
	chromedriver!GetHandleVerifier [0x7ff6f87592b4+1f634]
	chromedriver!GetHandleVerifier [0x7ff6f8759444+1f7c4]
	chromedriver!GetHandleVerifier [0x7ff6f873bf67+22e7]
	KERNEL32!BaseThreadInitThunk [0x7ff86f0ee957+17]
	ntdll!RtlUserThreadStart [0x7ff86f68ad6c+2c]

[2026-07-23 01:14:27] [!] Check error: Message: no such window: target window already closed
from unknown error: web view not found
  (Session info: chrome=150.0.7871.130)
Stacktrace:
	chromedriver!GetHandleVerifier [0x7ff6f8cf3ff5+5ba375]
	chromedriver!GetHandleVerifier [0x7ff6f874f0a0+15420]
	chromedriver!(No symbol) [0x7ff6f8285b8d]
	chromedriver!(No symbol) [0x7ff6f825c9e2]
	chromedriver!(No symbol) [0x7ff6f8310d36]
	chromedriver!(No symbol) [0x7ff6f832e172]
	chromedriver!(No symbol) [0x7ff6f82d30cc]
	chromedriver!(No symbol) [0x7ff6f82d3fe3]
	chromedriver!GetHandleVerifier [0x7ff6f8d20d81+5e7101]
	chromedriver!GetHandleVerifier [0x7ff6f8d1b0ea+5e146a]
	chromedriver!GetHandleVerifier [0x7ff6f8d40a15+606d95]
	chromedriver!GetHandleVerifier [0x7ff6f876ca1e+32d9e]
	chromedriver!GetHandleVerifier [0x7ff6f877520c+3b58c]
	chromedriver!GetHandleVerifier [0x7ff6f87592b4+1f634]
	chromedriver!GetHandleVerifier [0x7ff6f8759444+1f7c4]
	chromedriver!GetHandleVerifier [0x7ff6f873bf67+22e7]
	KERNEL32!BaseThreadInitThunk [0x7ff86f0ee957+17]
	ntdll!RtlUserThreadStart [0x7ff86f68ad6c+2c]

[2026-07-23 01:14:29] [!] Check error: Message: no such window: target window already closed
from unknown error: web view not found
  (Session info: chrome=150.0.7871.130)
Stacktrace:
	chromedriver!GetHandleVerifier [0x7ff6f8cf3ff5+5ba375]
	chromedriver!GetHandleVerifier [0x7ff6f874f0a0+15420]
	chromedriver!(No symbol) [0x7ff6f8285b8d]
	chromedriver!(No symbol) [0x7ff6f825c9e2]
	chromedriver!(No symbol) [0x7ff6f8310d36]
	chromedriver!(No symbol) [0x7ff6f832e172]
	chromedriver!(No symbol) [0x7ff6f82d30cc]
	chromedriver!(No symbol) [0x7ff6f82d3fe3]
	chromedriver!GetHandleVerifier [0x7ff6f8d20d81+5e7101]
	chromedriver!GetHandleVerifier [0x7ff6f8d1b0ea+5e146a]
	chromedriver!GetHandleVerifier [0x7ff6f8d40a15+606d95]
	chromedriver!GetHandleVerifier [0x7ff6f876ca1e+32d9e]
	chromedriver!GetHandleVerifier [0x7ff6f877520c+3b58c]
	chromedriver!GetHandleVerifier [0x7ff6f87592b4+1f634]
	chromedriver!GetHandleVerifier [0x7ff6f8759444+1f7c4]
	chromedriver!GetHandleVerifier [0x7ff6f873bf67+22e7]
	KERNEL32!BaseThreadInitThunk [0x7ff86f0ee957+17]
	ntdll!RtlUserThreadStart [0x7ff86f68ad6c+2c]

[2026-07-23 01:14:31] [!] Check error: Message: no such window: target window already closed
from unknown error: web view not found
  (Session info: chrome=150.0.7871.130)
Stacktrace:
	chromedriver!GetHandleVerifier [0x7ff6f8cf3ff5+5ba375]
	chromedriver!GetHandleVerifier [0x7ff6f874f0a0+15420]
	chromedriver!(No symbol) [0x7ff6f8285b8d]
	chromedriver!(No symbol) [0x7ff6f825c9e2]
	chromedriver!(No symbol) [0x7ff6f8310d36]
	chromedriver!(No symbol) [0x7ff6f832e172]
	chromedriver!(No symbol) [0x7ff6f82d30cc]
	chromedriver!(No symbol) [0x7ff6f82d3fe3]
	chromedriver!GetHandleVerifier [0x7ff6f8d20d81+5e7101]
	chromedriver!GetHandleVerifier [0x7ff6f8d1b0ea+5e146a]
	chromedriver!GetHandleVerifier [0x7ff6f8d40a15+606d95]
	chromedriver!GetHandleVerifier [0x7ff6f876ca1e+32d9e]
	chromedriver!GetHandleVerifier [0x7ff6f877520c+3b58c]
	chromedriver!GetHandleVerifier [0x7ff6f87592b4+1f634]
	chromedriver!GetHandleVerifier [0x7ff6f8759444+1f7c4]
	chromedriver!GetHandleVerifier [0x7ff6f873bf67+22e7]
	KERNEL32!BaseThreadInitThunk [0x7ff86f0ee957+17]
	ntdll!RtlUserThreadStart [0x7ff86f68ad6c+2c]

[2026-07-23 01:14:33] [!] Check error: Message: no such window: target window already closed
from unknown error: web view not found
  (Session info: chrome=150.0.7871.130)
Stacktrace:
	chromedriver!GetHandleVerifier [0x7ff6f8cf3ff5+5ba375]
	chromedriver!GetHandleVerifier [0x7ff6f874f0a0+15420]
	chromedriver!(No symbol) [0x7ff6f8285b8d]
	chromedriver!(No symbol) [0x7ff6f825c9e2]
	chromedriver!(No symbol) [0x7ff6f8310d36]
	chromedriver!(No symbol) [0x7ff6f832e172]
	chromedriver!(No symbol) [0x7ff6f82d30cc]
	chromedriver!(No symbol) [0x7ff6f82d3fe3]
	chromedriver!GetHandleVerifier [0x7ff6f8d20d81+5e7101]
	chromedriver!GetHandleVerifier [0x7ff6f8d1b0ea+5e146a]
	chromedriver!GetHandleVerifier [0x7ff6f8d40a15+606d95]
	chromedriver!GetHandleVerifier [0x7ff6f876ca1e+32d9e]
	chromedriver!GetHandleVerifier [0x7ff6f877520c+3b58c]
	chromedriver!GetHandleVerifier [0x7ff6f87592b4+1f634]
	chromedriver!GetHandleVerifier [0x7ff6f8759444+1f7c4]
	chromedriver!GetHandleVerifier [0x7ff6f873bf67+22e7]
	KERNEL32!BaseThreadInitThunk [0x7ff86f0ee957+17]
	ntdll!RtlUserThreadStart [0x7ff86f68ad6c+2c]

[2026-07-23 01:14:35] [!] Check error: Message: no such window: target window already closed
from unknown error: web view not found
  (Session info: chrome=150.0.7871.130)
Stacktrace:
	chromedriver!GetHandleVerifier [0x7ff6f8cf3ff5+5ba375]
	chromedriver!GetHandleVerifier [0x7ff6f874f0a0+15420]
	chromedriver!(No symbol) [0x7ff6f8285b8d]
	chromedriver!(No symbol) [0x7ff6f825c9e2]
	chromedriver!(No symbol) [0x7ff6f8310d36]
	chromedriver!(No symbol) [0x7ff6f832e172]
	chromedriver!(No symbol) [0x7ff6f82d30cc]
	chromedriver!(No symbol) [0x7ff6f82d3fe3]
	chromedriver!GetHandleVerifier [0x7ff6f8d20d81+5e7101]
	chromedriver!GetHandleVerifier [0x7ff6f8d1b0ea+5e146a]
	chromedriver!GetHandleVerifier [0x7ff6f8d40a15+606d95]
	chromedriver!GetHandleVerifier [0x7ff6f876ca1e+32d9e]
	chromedriver!GetHandleVerifier [0x7ff6f877520c+3b58c]
	chromedriver!GetHandleVerifier [0x7ff6f87592b4+1f634]
	chromedriver!GetHandleVerifier [0x7ff6f8759444+1f7c4]
	chromedriver!GetHandleVerifier [0x7ff6f873bf67+22e7]
	KERNEL32!BaseThreadInitThunk [0x7ff86f0ee957+17]
	ntdll!RtlUserThreadStart [0x7ff86f68ad6c+2c]

[2026-07-23 01:14:37] [!] Check error: Message: no such window: target window already closed
from unknown error: web view not found
  (Session info: chrome=150.0.7871.130)
Stacktrace:
	chromedriver!GetHandleVerifier [0x7ff6f8cf3ff5+5ba375]
	chromedriver!GetHandleVerifier [0x7ff6f874f0a0+15420]
	chromedriver!(No symbol) [0x7ff6f8285b8d]
	chromedriver!(No symbol) [0x7ff6f825c9e2]
	chromedriver!(No symbol) [0x7ff6f8310d36]
	chromedriver!(No symbol) [0x7ff6f832e172]
	chromedriver!(No symbol) [0x7ff6f82d30cc]
	chromedriver!(No symbol) [0x7ff6f82d3fe3]
	chromedriver!GetHandleVerifier [0x7ff6f8d20d81+5e7101]
	chromedriver!GetHandleVerifier [0x7ff6f8d1b0ea+5e146a]
	chromedriver!GetHandleVerifier [0x7ff6f8d40a15+606d95]
	chromedriver!GetHandleVerifier [0x7ff6f876ca1e+32d9e]
	chromedriver!GetHandleVerifier [0x7ff6f877520c+3b58c]
	chromedriver!GetHandleVerifier [0x7ff6f87592b4+1f634]
	chromedriver!GetHandleVerifier [0x7ff6f8759444+1f7c4]
	chromedriver!GetHandleVerifier [0x7ff6f873bf67+22e7]
	KERNEL32!BaseThreadInitThunk [0x7ff86f0ee957+17]
	ntdll!RtlUserThreadStart [0x7ff86f68ad6c+2c]

[2026-07-23 01:14:39] [!] Check error: Message: no such window: target window already closed
from unknown error: web view not found
  (Session info: chrome=150.0.7871.130)
Stacktrace:
	chromedriver!GetHandleVerifier [0x7ff6f8cf3ff5+5ba375]
	chromedriver!GetHandleVerifier [0x7ff6f874f0a0+15420]
	chromedriver!(No symbol) [0x7ff6f8285b8d]
	chromedriver!(No symbol) [0x7ff6f825c9e2]
	chromedriver!(No symbol) [0x7ff6f8310d36]
	chromedriver!(No symbol) [0x7ff6f832e172]
	chromedriver!(No symbol) [0x7ff6f82d30cc]
	chromedriver!(No symbol) [0x7ff6f82d3fe3]
	chromedriver!GetHandleVerifier [0x7ff6f8d20d81+5e7101]
	chromedriver!GetHandleVerifier [0x7ff6f8d1b0ea+5e146a]
	chromedriver!GetHandleVerifier [0x7ff6f8d40a15+606d95]
	chromedriver!GetHandleVerifier [0x7ff6f876ca1e+32d9e]
	chromedriver!GetHandleVerifier [0x7ff6f877520c+3b58c]
	chromedriver!GetHandleVerifier [0x7ff6f87592b4+1f634]
	chromedriver!GetHandleVerifier [0x7ff6f8759444+1f7c4]
	chromedriver!GetHandleVerifier [0x7ff6f873bf67+22e7]
	KERNEL32!BaseThreadInitThunk [0x7ff86f0ee957+17]
	ntdll!RtlUserThreadStart [0x7ff86f68ad6c+2c]

[2026-07-23 01:14:41] [!] Check error: Message: no such window: target window already closed
from unknown error: web view not found
  (Session info: chrome=150.0.7871.130)
Stacktrace:
	chromedriver!GetHandleVerifier [0x7ff6f8cf3ff5+5ba375]
	chromedriver!GetHandleVerifier [0x7ff6f874f0a0+15420]
	chromedriver!(No symbol) [0x7ff6f8285b8d]
	chromedriver!(No symbol) [0x7ff6f825c9e2]
	chromedriver!(No symbol) [0x7ff6f8310d36]
	chromedriver!(No symbol) [0x7ff6f832e172]
	chromedriver!(No symbol) [0x7ff6f82d30cc]
	chromedriver!(No symbol) [0x7ff6f82d3fe3]
	chromedriver!GetHandleVerifier [0x7ff6f8d20d81+5e7101]
	chromedriver!GetHandleVerifier [0x7ff6f8d1b0ea+5e146a]
	chromedriver!GetHandleVerifier [0x7ff6f8d40a15+606d95]
	chromedriver!GetHandleVerifier [0x7ff6f876ca1e+32d9e]
	chromedriver!GetHandleVerifier [0x7ff6f877520c+3b58c]
	chromedriver!GetHandleVerifier [0x7ff6f87592b4+1f634]
	chromedriver!GetHandleVerifier [0x7ff6f8759444+1f7c4]
	chromedriver!GetHandleVerifier [0x7ff6f873bf67+22e7]
	KERNEL32!BaseThreadInitThunk [0x7ff86f0ee957+17]
	ntdll!RtlUserThreadStart [0x7ff86f68ad6c+2c]

[2026-07-23 01:14:43] [!] Check error: Message: no such window: target window already closed
from unknown error: web view not found
  (Session info: chrome=150.0.7871.130)
Stacktrace:
	chromedriver!GetHandleVerifier [0x7ff6f8cf3ff5+5ba375]
	chromedriver!GetHandleVerifier [0x7ff6f874f0a0+15420]
	chromedriver!(No symbol) [0x7ff6f8285b8d]
	chromedriver!(No symbol) [0x7ff6f825c9e2]
	chromedriver!(No symbol) [0x7ff6f8310d36]
	chromedriver!(No symbol) [0x7ff6f832e172]
	chromedriver!(No symbol) [0x7ff6f82d30cc]
	chromedriver!(No symbol) [0x7ff6f82d3fe3]
	chromedriver!GetHandleVerifier [0x7ff6f8d20d81+5e7101]
	chromedriver!GetHandleVerifier [0x7ff6f8d1b0ea+5e146a]
	chromedriver!GetHandleVerifier [0x7ff6f8d40a15+606d95]
	chromedriver!GetHandleVerifier [0x7ff6f876ca1e+32d9e]
	chromedriver!GetHandleVerifier [0x7ff6f877520c+3b58c]
	chromedriver!GetHandleVerifier [0x7ff6f87592b4+1f634]
	chromedriver!GetHandleVerifier [0x7ff6f8759444+1f7c4]
	chromedriver!GetHandleVerifier [0x7ff6f873bf67+22e7]
	KERNEL32!BaseThreadInitThunk [0x7ff86f0ee957+17]
	ntdll!RtlUserThreadStart [0x7ff86f68ad6c+2c]

[2026-07-23 01:14:45] [!] Check error: Message: no such window: target window already closed
from unknown error: web view not found
  (Session info: chrome=150.0.7871.130)
Stacktrace:
	chromedriver!GetHandleVerifier [0x7ff6f8cf3ff5+5ba375]
	chromedriver!GetHandleVerifier [0x7ff6f874f0a0+15420]
	chromedriver!(No symbol) [0x7ff6f8285b8d]
	chromedriver!(No symbol) [0x7ff6f825c9e2]
	chromedriver!(No symbol) [0x7ff6f8310d36]
	chromedriver!(No symbol) [0x7ff6f832e172]
	chromedriver!(No symbol) [0x7ff6f82d30cc]
	chromedriver!(No symbol) [0x7ff6f82d3fe3]
	chromedriver!GetHandleVerifier [0x7ff6f8d20d81+5e7101]
	chromedriver!GetHandleVerifier [0x7ff6f8d1b0ea+5e146a]
	chromedriver!GetHandleVerifier [0x7ff6f8d40a15+606d95]
	chromedriver!GetHandleVerifier [0x7ff6f876ca1e+32d9e]
	chromedriver!GetHandleVerifier [0x7ff6f877520c+3b58c]
	chromedriver!GetHandleVerifier [0x7ff6f87592b4+1f634]
	chromedriver!GetHandleVerifier [0x7ff6f8759444+1f7c4]
	chromedriver!GetHandleVerifier [0x7ff6f873bf67+22e7]
	KERNEL32!BaseThreadInitThunk [0x7ff86f0ee957+17]
	ntdll!RtlUserThreadStart [0x7ff86f68ad6c+2c]

[2026-07-23 01:14:47] [!] Check error: Message: no such window: target window already closed
from unknown error: web view not found
  (Session info: chrome=150.0.7871.130)
Stacktrace:
	chromedriver!GetHandleVerifier [0x7ff6f8cf3ff5+5ba375]
	chromedriver!GetHandleVerifier [0x7ff6f874f0a0+15420]
	chromedriver!(No symbol) [0x7ff6f8285b8d]
	chromedriver!(No symbol) [0x7ff6f825c9e2]
	chromedriver!(No symbol) [0x7ff6f8310d36]
	chromedriver!(No symbol) [0x7ff6f832e172]
	chromedriver!(No symbol) [0x7ff6f82d30cc]
	chromedriver!(No symbol) [0x7ff6f82d3fe3]
	chromedriver!GetHandleVerifier [0x7ff6f8d20d81+5e7101]
	chromedriver!GetHandleVerifier [0x7ff6f8d1b0ea+5e146a]
	chromedriver!GetHandleVerifier [0x7ff6f8d40a15+606d95]
	chromedriver!GetHandleVerifier [0x7ff6f876ca1e+32d9e]
	chromedriver!GetHandleVerifier [0x7ff6f877520c+3b58c]
	chromedriver!GetHandleVerifier [0x7ff6f87592b4+1f634]
	chromedriver!GetHandleVerifier [0x7ff6f8759444+1f7c4]
	chromedriver!GetHandleVerifier [0x7ff6f873bf67+22e7]
	KERNEL32!BaseThreadInitThunk [0x7ff86f0ee957+17]
	ntdll!RtlUserThreadStart [0x7ff86f68ad6c+2c]

[2026-07-23 01:14:49] [!] Check error: Message: no such window: target window already closed
from unknown error: web view not found
  (Session info: chrome=150.0.7871.130)
Stacktrace:
	chromedriver!GetHandleVerifier [0x7ff6f8cf3ff5+5ba375]
	chromedriver!GetHandleVerifier [0x7ff6f874f0a0+15420]
	chromedriver!(No symbol) [0x7ff6f8285b8d]
	chromedriver!(No symbol) [0x7ff6f825c9e2]
	chromedriver!(No symbol) [0x7ff6f8310d36]
	chromedriver!(No symbol) [0x7ff6f832e172]
	chromedriver!(No symbol) [0x7ff6f82d30cc]
	chromedriver!(No symbol) [0x7ff6f82d3fe3]
	chromedriver!GetHandleVerifier [0x7ff6f8d20d81+5e7101]
	chromedriver!GetHandleVerifier [0x7ff6f8d1b0ea+5e146a]
	chromedriver!GetHandleVerifier [0x7ff6f8d40a15+606d95]
	chromedriver!GetHandleVerifier [0x7ff6f876ca1e+32d9e]
	chromedriver!GetHandleVerifier [0x7ff6f877520c+3b58c]
	chromedriver!GetHandleVerifier [0x7ff6f87592b4+1f634]
	chromedriver!GetHandleVerifier [0x7ff6f8759444+1f7c4]
	chromedriver!GetHandleVerifier [0x7ff6f873bf67+22e7]
	KERNEL32!BaseThreadInitThunk [0x7ff86f0ee957+17]
	ntdll!RtlUserThreadStart [0x7ff86f68ad6c+2c]

[2026-07-23 01:14:51] [!] Check error: Message: no such window: target window already closed
from unknown error: web view not found
  (Session info: chrome=150.0.7871.130)
Stacktrace:
	chromedriver!GetHandleVerifier [0x7ff6f8cf3ff5+5ba375]
	chromedriver!GetHandleVerifier [0x7ff6f874f0a0+15420]
	chromedriver!(No symbol) [0x7ff6f8285b8d]
	chromedriver!(No symbol) [0x7ff6f825c9e2]
	chromedriver!(No symbol) [0x7ff6f8310d36]
	chromedriver!(No symbol) [0x7ff6f832e172]
	chromedriver!(No symbol) [0x7ff6f82d30cc]
	chromedriver!(No symbol) [0x7ff6f82d3fe3]
	chromedriver!GetHandleVerifier [0x7ff6f8d20d81+5e7101]
	chromedriver!GetHandleVerifier [0x7ff6f8d1b0ea+5e146a]
	chromedriver!GetHandleVerifier [0x7ff6f8d40a15+606d95]
	chromedriver!GetHandleVerifier [0x7ff6f876ca1e+32d9e]
	chromedriver!GetHandleVerifier [0x7ff6f877520c+3b58c]
	chromedriver!GetHandleVerifier [0x7ff6f87592b4+1f634]
	chromedriver!GetHandleVerifier [0x7ff6f8759444+1f7c4]
	chromedriver!GetHandleVerifier [0x7ff6f873bf67+22e7]
	KERNEL32!BaseThreadInitThunk [0x7ff86f0ee957+17]
	ntdll!RtlUserThreadStart [0x7ff86f68ad6c+2c]

[2026-07-23 01:14:53] [!] Check error: Message: no such window: target window already closed
from unknown error: web view not found
  (Session info: chrome=150.0.7871.130)
Stacktrace:
	chromedriver!GetHandleVerifier [0x7ff6f8cf3ff5+5ba375]
	chromedriver!GetHandleVerifier [0x7ff6f874f0a0+15420]
	chromedriver!(No symbol) [0x7ff6f8285b8d]
	chromedriver!(No symbol) [0x7ff6f825c9e2]
	chromedriver!(No symbol) [0x7ff6f8310d36]
	chromedriver!(No symbol) [0x7ff6f832e172]
	chromedriver!(No symbol) [0x7ff6f82d30cc]
	chromedriver!(No symbol) [0x7ff6f82d3fe3]
	chromedriver!GetHandleVerifier [0x7ff6f8d20d81+5e7101]
	chromedriver!GetHandleVerifier [0x7ff6f8d1b0ea+5e146a]
	chromedriver!GetHandleVerifier [0x7ff6f8d40a15+606d95]
	chromedriver!GetHandleVerifier [0x7ff6f876ca1e+32d9e]
	chromedriver!GetHandleVerifier [0x7ff6f877520c+3b58c]
	chromedriver!GetHandleVerifier [0x7ff6f87592b4+1f634]
	chromedriver!GetHandleVerifier [0x7ff6f8759444+1f7c4]
	chromedriver!GetHandleVerifier [0x7ff6f873bf67+22e7]
	KERNEL32!BaseThreadInitThunk [0x7ff86f0ee957+17]
	ntdll!RtlUserThreadStart [0x7ff86f68ad6c+2c]

[2026-07-23 01:14:55] [!] Check error: Message: no such window: target window already closed
from unknown error: web view not found
  (Session info: chrome=150.0.7871.130)
Stacktrace:
	chromedriver!GetHandleVerifier [0x7ff6f8cf3ff5+5ba375]
	chromedriver!GetHandleVerifier [0x7ff6f874f0a0+15420]
	chromedriver!(No symbol) [0x7ff6f8285b8d]
	chromedriver!(No symbol) [0x7ff6f825c9e2]
	chromedriver!(No symbol) [0x7ff6f8310d36]
	chromedriver!(No symbol) [0x7ff6f832e172]
	chromedriver!(No symbol) [0x7ff6f82d30cc]
	chromedriver!(No symbol) [0x7ff6f82d3fe3]
	chromedriver!GetHandleVerifier [0x7ff6f8d20d81+5e7101]
	chromedriver!GetHandleVerifier [0x7ff6f8d1b0ea+5e146a]
	chromedriver!GetHandleVerifier [0x7ff6f8d40a15+606d95]
	chromedriver!GetHandleVerifier [0x7ff6f876ca1e+32d9e]
	chromedriver!GetHandleVerifier [0x7ff6f877520c+3b58c]
	chromedriver!GetHandleVerifier [0x7ff6f87592b4+1f634]
	chromedriver!GetHandleVerifier [0x7ff6f8759444+1f7c4]
	chromedriver!GetHandleVerifier [0x7ff6f873bf67+22e7]
	KERNEL32!BaseThreadInitThunk [0x7ff86f0ee957+17]
	ntdll!RtlUserThreadStart [0x7ff86f68ad6c+2c]

[2026-07-23 01:14:57] [!] Check error: Message: no such window: target window already closed
from unknown error: web view not found
  (Session info: chrome=150.0.7871.130)
Stacktrace:
	chromedriver!GetHandleVerifier [0x7ff6f8cf3ff5+5ba375]
	chromedriver!GetHandleVerifier [0x7ff6f874f0a0+15420]
	chromedriver!(No symbol) [0x7ff6f8285b8d]
	chromedriver!(No symbol) [0x7ff6f825c9e2]
	chromedriver!(No symbol) [0x7ff6f8310d36]
	chromedriver!(No symbol) [0x7ff6f832e172]
	chromedriver!(No symbol) [0x7ff6f82d30cc]
	chromedriver!(No symbol) [0x7ff6f82d3fe3]
	chromedriver!GetHandleVerifier [0x7ff6f8d20d81+5e7101]
	chromedriver!GetHandleVerifier [0x7ff6f8d1b0ea+5e146a]
	chromedriver!GetHandleVerifier [0x7ff6f8d40a15+606d95]
	chromedriver!GetHandleVerifier [0x7ff6f876ca1e+32d9e]
	chromedriver!GetHandleVerifier [0x7ff6f877520c+3b58c]
	chromedriver!GetHandleVerifier [0x7ff6f87592b4+1f634]
	chromedriver!GetHandleVerifier [0x7ff6f8759444+1f7c4]
	chromedriver!GetHandleVerifier [0x7ff6f873bf67+22e7]
	KERNEL32!BaseThreadInitThunk [0x7ff86f0ee957+17]
	ntdll!RtlUserThreadStart [0x7ff86f68ad6c+2c]

[2026-07-23 01:14:59] [!] Check error: Message: no such window: target window already closed
from unknown error: web view not found
  (Session info: chrome=150.0.7871.130)
Stacktrace:
	chromedriver!GetHandleVerifier [0x7ff6f8cf3ff5+5ba375]
	chromedriver!GetHandleVerifier [0x7ff6f874f0a0+15420]
	chromedriver!(No symbol) [0x7ff6f8285b8d]
	chromedriver!(No symbol) [0x7ff6f825c9e2]
	chromedriver!(No symbol) [0x7ff6f8310d36]
	chromedriver!(No symbol) [0x7ff6f832e172]
	chromedriver!(No symbol) [0x7ff6f82d30cc]
	chromedriver!(No symbol) [0x7ff6f82d3fe3]
	chromedriver!GetHandleVerifier [0x7ff6f8d20d81+5e7101]
	chromedriver!GetHandleVerifier [0x7ff6f8d1b0ea+5e146a]
	chromedriver!GetHandleVerifier [0x7ff6f8d40a15+606d95]
	chromedriver!GetHandleVerifier [0x7ff6f876ca1e+32d9e]
	chromedriver!GetHandleVerifier [0x7ff6f877520c+3b58c]
	chromedriver!GetHandleVerifier [0x7ff6f87592b4+1f634]
	chromedriver!GetHandleVerifier [0x7ff6f8759444+1f7c4]
	chromedriver!GetHandleVerifier [0x7ff6f873bf67+22e7]
	KERNEL32!BaseThreadInitThunk [0x7ff86f0ee957+17]
	ntdll!RtlUserThreadStart [0x7ff86f68ad6c+2c]

[2026-07-23 01:15:01] [!] Check error: Message: no such window: target window already closed
from unknown error: web view not found
  (Session info: chrome=150.0.7871.130)
Stacktrace:
	chromedriver!GetHandleVerifier [0x7ff6f8cf3ff5+5ba375]
	chromedriver!GetHandleVerifier [0x7ff6f874f0a0+15420]
	chromedriver!(No symbol) [0x7ff6f8285b8d]
	chromedriver!(No symbol) [0x7ff6f825c9e2]
	chromedriver!(No symbol) [0x7ff6f8310d36]
	chromedriver!(No symbol) [0x7ff6f832e172]
	chromedriver!(No symbol) [0x7ff6f82d30cc]
	chromedriver!(No symbol) [0x7ff6f82d3fe3]
	chromedriver!GetHandleVerifier [0x7ff6f8d20d81+5e7101]
	chromedriver!GetHandleVerifier [0x7ff6f8d1b0ea+5e146a]
	chromedriver!GetHandleVerifier [0x7ff6f8d40a15+606d95]
	chromedriver!GetHandleVerifier [0x7ff6f876ca1e+32d9e]
	chromedriver!GetHandleVerifier [0x7ff6f877520c+3b58c]
	chromedriver!GetHandleVerifier [0x7ff6f87592b4+1f634]
	chromedriver!GetHandleVerifier [0x7ff6f8759444+1f7c4]
	chromedriver!GetHandleVerifier [0x7ff6f873bf67+22e7]
	KERNEL32!BaseThreadInitThunk [0x7ff86f0ee957+17]
	ntdll!RtlUserThreadStart [0x7ff86f68ad6c+2c]

[2026-07-23 01:15:03] [!] Publish verification timeout (600s). Assuming published.
[2026-07-23 01:15:03] [10f] Handling post-publish popup...
[2026-07-23 01:15:03] [*] Checking for post-publish popup...
[2026-07-23 01:15:05] [!] Popup check error: Message: no such window: target window already closed
from unknown error: web view not found
  (Session info: chrome=150.0.7871.130)
Stacktrace:
	chromedriver!GetHandleVerifier [0x7ff6f8cf3ff5+5ba375]
	chromedriver!GetHandleVerifier [0x7ff6f874f0a0+15420]
	chromedriver!(No symbol) [0x7ff6f8285b8d]
	chromedriver!(No symbol) [0x7ff6f825c9e2]
	chromedriver!(No symbol) [0x7ff6f8310d36]
	chromedriver!(No symbol) [0x7ff6f832e172]
	chromedriver!(No symbol) [0x7ff6f82d30cc]
	chromedriver!(No symbol) [0x7ff6f82d3fe3]
	chromedriver!GetHandleVerifier [0x7ff6f8d20d81+5e7101]
	chromedriver!GetHandleVerifier [0x7ff6f8d1b0ea+5e146a]
	chromedriver!GetHandleVerifier [0x7ff6f8d40a15+606d95]
	chromedriver!GetHandleVerifier [0x7ff6f876ca1e+32d9e]
	chromedriver!GetHandleVerifier [0x7ff6f877520c+3b58c]
	chromedriver!GetHandleVerifier [0x7ff6f87592b4+1f634]
	chromedriver!GetHandleVerifier [0x7ff6f8759444+1f7c4]
	chromedriver!GetHandleVerifier [0x7ff6f873bf67+22e7]
	KERNEL32!BaseThreadInitThunk [0x7ff86f0ee957+17]
	ntdll!RtlUserThreadStart [0x7ff86f68ad6c+2c]

[2026-07-23 01:15:07] [!] Popup check error: Message: no such window: target window already closed
from unknown error: web view not found
  (Session info: chrome=150.0.7871.130)
Stacktrace:
	chromedriver!GetHandleVerifier [0x7ff6f8cf3ff5+5ba375]
	chromedriver!GetHandleVerifier [0x7ff6f874f0a0+15420]
	chromedriver!(No symbol) [0x7ff6f8285b8d]
	chromedriver!(No symbol) [0x7ff6f825c9e2]
	chromedriver!(No symbol) [0x7ff6f8310d36]
	chromedriver!(No symbol) [0x7ff6f832e172]
	chromedriver!(No symbol) [0x7ff6f82d30cc]
	chromedriver!(No symbol) [0x7ff6f82d3fe3]
	chromedriver!GetHandleVerifier [0x7ff6f8d20d81+5e7101]
	chromedriver!GetHandleVerifier [0x7ff6f8d1b0ea+5e146a]
	chromedriver!GetHandleVerifier [0x7ff6f8d40a15+606d95]
	chromedriver!GetHandleVerifier [0x7ff6f876ca1e+32d9e]
	chromedriver!GetHandleVerifier [0x7ff6f877520c+3b58c]
	chromedriver!GetHandleVerifier [0x7ff6f87592b4+1f634]
	chromedriver!GetHandleVerifier [0x7ff6f8759444+1f7c4]
	chromedriver!GetHandleVerifier [0x7ff6f873bf67+22e7]
	KERNEL32!BaseThreadInitThunk [0x7ff86f0ee957+17]
	ntdll!RtlUserThreadStart [0x7ff86f68ad6c+2c]

[2026-07-23 01:15:09] [!] Popup check error: Message: no such window: target window already closed
from unknown error: web view not found
  (Session info: chrome=150.0.7871.130)
Stacktrace:
	chromedriver!GetHandleVerifier [0x7ff6f8cf3ff5+5ba375]
	chromedriver!GetHandleVerifier [0x7ff6f874f0a0+15420]
	chromedriver!(No symbol) [0x7ff6f8285b8d]
	chromedriver!(No symbol) [0x7ff6f825c9e2]
	chromedriver!(No symbol) [0x7ff6f8310d36]
	chromedriver!(No symbol) [0x7ff6f832e172]
	chromedriver!(No symbol) [0x7ff6f82d30cc]
	chromedriver!(No symbol) [0x7ff6f82d3fe3]
	chromedriver!GetHandleVerifier [0x7ff6f8d20d81+5e7101]
	chromedriver!GetHandleVerifier [0x7ff6f8d1b0ea+5e146a]
	chromedriver!GetHandleVerifier [0x7ff6f8d40a15+606d95]
	chromedriver!GetHandleVerifier [0x7ff6f876ca1e+32d9e]
	chromedriver!GetHandleVerifier [0x7ff6f877520c+3b58c]
	chromedriver!GetHandleVerifier [0x7ff6f87592b4+1f634]
	chromedriver!GetHandleVerifier [0x7ff6f8759444+1f7c4]
	chromedriver!GetHandleVerifier [0x7ff6f873bf67+22e7]
	KERNEL32!BaseThreadInitThunk [0x7ff86f0ee957+17]
	ntdll!RtlUserThreadStart [0x7ff86f68ad6c+2c]

[2026-07-23 01:15:11] [!] Popup check error: Message: no such window: target window already closed
from unknown error: web view not found
  (Session info: chrome=150.0.7871.130)
Stacktrace:
	chromedriver!GetHandleVerifier [0x7ff6f8cf3ff5+5ba375]
	chromedriver!GetHandleVerifier [0x7ff6f874f0a0+15420]
	chromedriver!(No symbol) [0x7ff6f8285b8d]
	chromedriver!(No symbol) [0x7ff6f825c9e2]
	chromedriver!(No symbol) [0x7ff6f8310d36]
	chromedriver!(No symbol) [0x7ff6f832e172]
	chromedriver!(No symbol) [0x7ff6f82d30cc]
	chromedriver!(No symbol) [0x7ff6f82d3fe3]
	chromedriver!GetHandleVerifier [0x7ff6f8d20d81+5e7101]
	chromedriver!GetHandleVerifier [0x7ff6f8d1b0ea+5e146a]
	chromedriver!GetHandleVerifier [0x7ff6f8d40a15+606d95]
	chromedriver!GetHandleVerifier [0x7ff6f876ca1e+32d9e]
	chromedriver!GetHandleVerifier [0x7ff6f877520c+3b58c]
	chromedriver!GetHandleVerifier [0x7ff6f87592b4+1f634]
	chromedriver!GetHandleVerifier [0x7ff6f8759444+1f7c4]
	chromedriver!GetHandleVerifier [0x7ff6f873bf67+22e7]
	KERNEL32!BaseThreadInitThunk [0x7ff86f0ee957+17]
	ntdll!RtlUserThreadStart [0x7ff86f68ad6c+2c]

[2026-07-23 01:15:13] [!] Popup check error: Message: no such window: target window already closed
from unknown error: web view not found
  (Session info: chrome=150.0.7871.130)
Stacktrace:
	chromedriver!GetHandleVerifier [0x7ff6f8cf3ff5+5ba375]
	chromedriver!GetHandleVerifier [0x7ff6f874f0a0+15420]
	chromedriver!(No symbol) [0x7ff6f8285b8d]
	chromedriver!(No symbol) [0x7ff6f825c9e2]
	chromedriver!(No symbol) [0x7ff6f8310d36]
	chromedriver!(No symbol) [0x7ff6f832e172]
	chromedriver!(No symbol) [0x7ff6f82d30cc]
	chromedriver!(No symbol) [0x7ff6f82d3fe3]
	chromedriver!GetHandleVerifier [0x7ff6f8d20d81+5e7101]
	chromedriver!GetHandleVerifier [0x7ff6f8d1b0ea+5e146a]
	chromedriver!GetHandleVerifier [0x7ff6f8d40a15+606d95]
	chromedriver!GetHandleVerifier [0x7ff6f876ca1e+32d9e]
	chromedriver!GetHandleVerifier [0x7ff6f877520c+3b58c]
	chromedriver!GetHandleVerifier [0x7ff6f87592b4+1f634]
	chromedriver!GetHandleVerifier [0x7ff6f8759444+1f7c4]
	chromedriver!GetHandleVerifier [0x7ff6f873bf67+22e7]
	KERNEL32!BaseThreadInitThunk [0x7ff86f0ee957+17]
	ntdll!RtlUserThreadStart [0x7ff86f68ad6c+2c]

[2026-07-23 01:15:15] [!] Popup check error: Message: no such window: target window already closed
from unknown error: web view not found
  (Session info: chrome=150.0.7871.130)
Stacktrace:
	chromedriver!GetHandleVerifier [0x7ff6f8cf3ff5+5ba375]
	chromedriver!GetHandleVerifier [0x7ff6f874f0a0+15420]
	chromedriver!(No symbol) [0x7ff6f8285b8d]
	chromedriver!(No symbol) [0x7ff6f825c9e2]
	chromedriver!(No symbol) [0x7ff6f8310d36]
	chromedriver!(No symbol) [0x7ff6f832e172]
	chromedriver!(No symbol) [0x7ff6f82d30cc]
	chromedriver!(No symbol) [0x7ff6f82d3fe3]
	chromedriver!GetHandleVerifier [0x7ff6f8d20d81+5e7101]
	chromedriver!GetHandleVerifier [0x7ff6f8d1b0ea+5e146a]
	chromedriver!GetHandleVerifier [0x7ff6f8d40a15+606d95]
	chromedriver!GetHandleVerifier [0x7ff6f876ca1e+32d9e]
	chromedriver!GetHandleVerifier [0x7ff6f877520c+3b58c]
	chromedriver!GetHandleVerifier [0x7ff6f87592b4+1f634]
	chromedriver!GetHandleVerifier [0x7ff6f8759444+1f7c4]
	chromedriver!GetHandleVerifier [0x7ff6f873bf67+22e7]
	KERNEL32!BaseThreadInitThunk [0x7ff86f0ee957+17]
	ntdll!RtlUserThreadStart [0x7ff86f68ad6c+2c]

[2026-07-23 01:15:17] [!] Popup check error: Message: no such window: target window already closed
from unknown error: web view not found
  (Session info: chrome=150.0.7871.130)
Stacktrace:
	chromedriver!GetHandleVerifier [0x7ff6f8cf3ff5+5ba375]
	chromedriver!GetHandleVerifier [0x7ff6f874f0a0+15420]
	chromedriver!(No symbol) [0x7ff6f8285b8d]
	chromedriver!(No symbol) [0x7ff6f825c9e2]
	chromedriver!(No symbol) [0x7ff6f8310d36]
	chromedriver!(No symbol) [0x7ff6f832e172]
	chromedriver!(No symbol) [0x7ff6f82d30cc]
	chromedriver!(No symbol) [0x7ff6f82d3fe3]
	chromedriver!GetHandleVerifier [0x7ff6f8d20d81+5e7101]
	chromedriver!GetHandleVerifier [0x7ff6f8d1b0ea+5e146a]
	chromedriver!GetHandleVerifier [0x7ff6f8d40a15+606d95]
	chromedriver!GetHandleVerifier [0x7ff6f876ca1e+32d9e]
	chromedriver!GetHandleVerifier [0x7ff6f877520c+3b58c]
	chromedriver!GetHandleVerifier [0x7ff6f87592b4+1f634]
	chromedriver!GetHandleVerifier [0x7ff6f8759444+1f7c4]
	chromedriver!GetHandleVerifier [0x7ff6f873bf67+22e7]
	KERNEL32!BaseThreadInitThunk [0x7ff86f0ee957+17]
	ntdll!RtlUserThreadStart [0x7ff86f68ad6c+2c]

[2026-07-23 01:15:19] [!] Popup check error: Message: no such window: target window already closed
from unknown error: web view not found
  (Session info: chrome=150.0.7871.130)
Stacktrace:
	chromedriver!GetHandleVerifier [0x7ff6f8cf3ff5+5ba375]
	chromedriver!GetHandleVerifier [0x7ff6f874f0a0+15420]
	chromedriver!(No symbol) [0x7ff6f8285b8d]
	chromedriver!(No symbol) [0x7ff6f825c9e2]
	chromedriver!(No symbol) [0x7ff6f8310d36]
	chromedriver!(No symbol) [0x7ff6f832e172]
	chromedriver!(No symbol) [0x7ff6f82d30cc]
	chromedriver!(No symbol) [0x7ff6f82d3fe3]
	chromedriver!GetHandleVerifier [0x7ff6f8d20d81+5e7101]
	chromedriver!GetHandleVerifier [0x7ff6f8d1b0ea+5e146a]
	chromedriver!GetHandleVerifier [0x7ff6f8d40a15+606d95]
	chromedriver!GetHandleVerifier [0x7ff6f876ca1e+32d9e]
	chromedriver!GetHandleVerifier [0x7ff6f877520c+3b58c]
	chromedriver!GetHandleVerifier [0x7ff6f87592b4+1f634]
	chromedriver!GetHandleVerifier [0x7ff6f8759444+1f7c4]
	chromedriver!GetHandleVerifier [0x7ff6f873bf67+22e7]
	KERNEL32!BaseThreadInitThunk [0x7ff86f0ee957+17]
	ntdll!RtlUserThreadStart [0x7ff86f68ad6c+2c]

[2026-07-23 01:15:21] [!] Popup check error: Message: no such window: target window already closed
from unknown error: web view not found
  (Session info: chrome=150.0.7871.130)
Stacktrace:
	chromedriver!GetHandleVerifier [0x7ff6f8cf3ff5+5ba375]
	chromedriver!GetHandleVerifier [0x7ff6f874f0a0+15420]
	chromedriver!(No symbol) [0x7ff6f8285b8d]
	chromedriver!(No symbol) [0x7ff6f825c9e2]
	chromedriver!(No symbol) [0x7ff6f8310d36]
	chromedriver!(No symbol) [0x7ff6f832e172]
	chromedriver!(No symbol) [0x7ff6f82d30cc]
	chromedriver!(No symbol) [0x7ff6f82d3fe3]
	chromedriver!GetHandleVerifier [0x7ff6f8d20d81+5e7101]
	chromedriver!GetHandleVerifier [0x7ff6f8d1b0ea+5e146a]
	chromedriver!GetHandleVerifier [0x7ff6f8d40a15+606d95]
	chromedriver!GetHandleVerifier [0x7ff6f876ca1e+32d9e]
	chromedriver!GetHandleVerifier [0x7ff6f877520c+3b58c]
	chromedriver!GetHandleVerifier [0x7ff6f87592b4+1f634]
	chromedriver!GetHandleVerifier [0x7ff6f8759444+1f7c4]
	chromedriver!GetHandleVerifier [0x7ff6f873bf67+22e7]
	KERNEL32!BaseThreadInitThunk [0x7ff86f0ee957+17]
	ntdll!RtlUserThreadStart [0x7ff86f68ad6c+2c]

[2026-07-23 01:15:23] [!] Popup check error: Message: no such window: target window already closed
from unknown error: web view not found
  (Session info: chrome=150.0.7871.130)
Stacktrace:
	chromedriver!GetHandleVerifier [0x7ff6f8cf3ff5+5ba375]
	chromedriver!GetHandleVerifier [0x7ff6f874f0a0+15420]
	chromedriver!(No symbol) [0x7ff6f8285b8d]
	chromedriver!(No symbol) [0x7ff6f825c9e2]
	chromedriver!(No symbol) [0x7ff6f8310d36]
	chromedriver!(No symbol) [0x7ff6f832e172]
	chromedriver!(No symbol) [0x7ff6f82d30cc]
	chromedriver!(No symbol) [0x7ff6f82d3fe3]
	chromedriver!GetHandleVerifier [0x7ff6f8d20d81+5e7101]
	chromedriver!GetHandleVerifier [0x7ff6f8d1b0ea+5e146a]
	chromedriver!GetHandleVerifier [0x7ff6f8d40a15+606d95]
	chromedriver!GetHandleVerifier [0x7ff6f876ca1e+32d9e]
	chromedriver!GetHandleVerifier [0x7ff6f877520c+3b58c]
	chromedriver!GetHandleVerifier [0x7ff6f87592b4+1f634]
	chromedriver!GetHandleVerifier [0x7ff6f8759444+1f7c4]
	chromedriver!GetHandleVerifier [0x7ff6f873bf67+22e7]
	KERNEL32!BaseThreadInitThunk [0x7ff86f0ee957+17]
	ntdll!RtlUserThreadStart [0x7ff86f68ad6c+2c]

[2026-07-23 01:15:23] [*] No popup appeared (or already dismissed)
[2026-07-23 01:15:23] [⏳] Waiting for final screen change...
[2026-07-23 01:15:26] [✓] ✅✅ POST PUBLISHED SUCCESSFULLY!
[2026-07-23 01:15:26] [*] Closing browser in 3 seconds...
[2026-07-23 01:15:34] [*] Browser closed.
[2026-07-23 07:54:48] ==================================================
[2026-07-23 07:54:48] UPLOAD BOT | PAGE: Paradise 777 Slots
[2026-07-23 07:54:48] ==================================================
[2026-07-23 07:54:48] [PRE] ChromeDriver: C:\Users\Asus\Downloads\New Dev\FB_Empire_AutoBot_V9.1_Fixed (14)\app\chromedriver.exe
[2026-07-23 07:54:48] [PRE] Killing ONLY our Chrome profile...
[2026-07-23 07:54:48] [PRE] Target profile path: c:\chromebot
[2026-07-23 07:54:48] [PRE] No matching Chrome found. Other Chrome windows are safe!
[2026-07-23 07:54:49] [PRE] Done.
[2026-07-23 07:54:49] [1/10] User Data: C:\ChromeBot
[2026-07-23 07:54:49] [1/10] Profile : Default
[2026-07-23 07:54:49] [1/10] Page    : Paradise 777 Slots
[2026-07-23 07:54:49] [1/10] Video   : C:\Users\Asus\Downloads\New Dev\FB_Empire_AutoBot_V9.1_Fixed (14)\app\downloads\Paradise 777 Slots\edited_videos\[EDITED]_FastLane Jackpot.mp4
[2026-07-23 07:54:49] [2/10] Launching Chrome...
[2026-07-23 07:54:50] [3/10] ✅ Chrome launched!
[2026-07-23 07:54:50] [4/10] WARM-UP: 27s...
[2026-07-23 07:55:29] [4/10] WARM-UP done.
[2026-07-23 07:55:29] [5/10] Opening Business Suite...
[2026-07-23 07:55:47] [5/10] Landed: https://business.facebook.com/latest/home?asset_id=104857458997914&business_id=884449073586608&ir_qe_exposed=1
[2026-07-23 07:55:47] [6/10] Clicking 'Create Post'...
[2026-07-23 07:55:50] [✓] Create Post clicked!
[2026-07-23 07:55:57] [7/10] Composer opened.
[2026-07-23 07:55:57] [8/10] Attaching video via OS dialog...
[2026-07-23 07:55:57] [8a] Video path: C:\Users\Asus\Downloads\New Dev\FB_Empire_AutoBot_V9.1_Fixed (14)\app\downloads\Paradise 777 Slots\edited_videos\[EDITED]_FastLane Jackpot.mp4
[2026-07-23 07:55:57] [8b] Finding 'Add photo/video' button...
[2026-07-23 07:55:57] [8b] Total buttons: 19
[2026-07-23 07:55:57] [✓] Found button!
[2026-07-23 07:55:58] [8c] Clicking button (opens OS dialog)...
[2026-07-23 07:55:59] [✓] Button clicked!
[2026-07-23 07:55:59] [8d] Waiting 3s for OS dialog...
[2026-07-23 07:56:02] [8e] Typing file path in OS dialog...
[2026-07-23 07:56:04] [✓] ✅ Path pasted + Enter pressed!
[2026-07-23 07:56:09] [✓] ✅ File selected in dialog!
[2026-07-23 07:56:09] [8/10] Video attached. Waiting 5s...
[2026-07-23 07:56:14] [9/10] Filling caption...
[2026-07-23 07:56:14] [9a] Finding caption box...
[2026-07-23 07:56:19] [✓] Caption typed!
[2026-07-23 07:56:23] [10/10] Schedule: 'NOW'
[2026-07-23 07:56:23] [10/10] Handling composer state...
[2026-07-23 07:56:23] [10a] Closing popups...
[2026-07-23 07:56:26] [10b] Waiting for video upload complete...
[2026-07-23 07:56:31] [✓] 0m 5s | 'Share' ENABLED!
[2026-07-23 07:56:31] [✓] ✅ Upload complete! (0m 5s)
[2026-07-23 07:56:37] 
[10c] ═══ Transition 1 ═══
[10c] Current screen: 'create' (attempt #1)
[2026-07-23 07:56:37] [10d] On 'create' screen. Need to click 'Next'...
[2026-07-23 07:56:37] [10e] Clicking SMART 'Next' (bottom-right)...
[2026-07-23 07:56:37] [*] Finding SMART 'Next' button...
[2026-07-23 07:56:37] [*] Found 1 'Next' button(s)
[2026-07-23 07:56:37] [*] 'Next' candidate: pos=(1294, 605), size=63x36, score=95
[2026-07-23 07:56:37] [✓] BEST 'Next': pos=(1294, 605) score=95
[2026-07-23 07:56:39] [✓] 'Next' clicked!
[2026-07-23 07:56:39] [⏳] Waiting for screen change from 'create'...
[2026-07-23 07:56:41] [✓] Screen changed after 2s: 'create' → 'edit'
[2026-07-23 07:56:41] [✓] ✅ Moved to 'edit' screen!
[2026-07-23 07:56:46] 
[10c] ═══ Transition 2 ═══
[10c] Current screen: 'edit' (attempt #1)
[2026-07-23 07:56:46] [10d] On 'edit' screen. Need to click 'Next'...
[2026-07-23 07:56:46] [10e] Clicking SMART 'Next' (bottom-right)...
[2026-07-23 07:56:46] [*] Finding SMART 'Next' button...
[2026-07-23 07:56:46] [*] Found 1 'Next' button(s)
[2026-07-23 07:56:46] [*] 'Next' candidate: pos=(1294, 605), size=63x36, score=95
[2026-07-23 07:56:46] [✓] BEST 'Next': pos=(1294, 605) score=95
[2026-07-23 07:56:47] [✓] 'Next' clicked!
[2026-07-23 07:56:47] [⏳] Waiting for screen change from 'edit'...
[2026-07-23 07:56:49] [✓] Screen changed after 2s: 'edit' → 'share'
[2026-07-23 07:56:49] [✓] ✅ Moved to 'share' screen!
[2026-07-23 07:56:54] 
[10c] ═══ Transition 3 ═══
[10c] Current screen: 'share' (attempt #1)
[2026-07-23 07:56:54] [10d] ✅ On SHARE screen!
[2026-07-23 07:57:01] [10e] Clicking SMART 'Share' (bottom-right)...
[2026-07-23 07:57:01] [*] Finding SMART 'Share' button...
[2026-07-23 07:57:01] [*] Found 2 'Share' button(s)
[2026-07-23 07:57:01] [*] 'Share' candidate: pos=(290, 78), size=84x36, score=-120
[2026-07-23 07:57:01] [*] 'Share' candidate: pos=(1291, 605), size=69x36, score=95
[2026-07-23 07:57:01] [✓] BEST 'Share': pos=(1291, 605) score=95
[2026-07-23 07:57:02] [✓] 'Share' clicked!
[2026-07-23 07:57:02] [✓] ✅✅ 'Share' CLICKED!
[2026-07-23 07:57:04] [⏳] Now actively verifying publish...
[2026-07-23 07:57:04] [⏳] Verifying publish status...
[2026-07-23 07:57:04] [⏳] Initial 3s wait...
[2026-07-23 07:57:14] [⏳] 6s | PUBLISHING... (Publishing, Take a moment, Spinner)
[2026-07-23 07:57:20] [⏳] 12s | PUBLISHING... (Publishing, Take a moment, Spinner)
[2026-07-23 07:57:26] [⏳] 18s | PUBLISHING... (Publishing, Take a moment, Spinner)
[2026-07-23 07:57:32] [⏳] 24s | PUBLISHING... (Publishing, Take a moment, Spinner)
[2026-07-23 07:57:38] [⏳] 30s | PUBLISHING... (Publishing, Take a moment, Spinner)
[2026-07-23 07:57:44] [⏳] 37s | PUBLISHING... (Publishing, Take a moment, Spinner)
[2026-07-23 07:57:51] [⏳] 43s | PUBLISHING... (Publishing, Take a moment, Spinner)
[2026-07-23 07:57:57] [⏳] 49s | PUBLISHING... (Publishing, Take a moment, Spinner)
[2026-07-23 07:58:03] [⏳] 55s | PUBLISHING... (Publishing, Take a moment, Spinner)
[2026-07-23 07:58:09] [⏳] 61s | PUBLISHING... (Publishing, Take a moment, Spinner)
[2026-07-23 07:58:15] [⏳] 67s | PUBLISHING... (Publishing, Take a moment, Spinner)
[2026-07-23 07:58:19] [⏳] 72s | PUBLISHING... (Publishing, Take a moment, Spinner)
[2026-07-23 07:58:26] [⏳] 78s | PUBLISHING... (Publishing, Take a moment, Spinner)
[2026-07-23 07:58:32] [⏳] 84s | PUBLISHING... (Publishing, Take a moment, Spinner)
[2026-07-23 07:58:38] [⏳] 90s | PUBLISHING... (Publishing, Take a moment, Spinner)
[2026-07-23 07:58:44] [⏳] 96s | PUBLISHING... (Publishing, Take a moment, Spinner)
[2026-07-23 07:58:50] [⏳] 102s | PUBLISHING... (Publishing, Take a moment, Spinner)
[2026-07-23 07:58:56] [⏳] 109s | PUBLISHING... (Publishing, Take a moment, Spinner)
[2026-07-23 07:59:03] [⏳] 115s | PUBLISHING... (Publishing, Take a moment, Spinner)
[2026-07-23 07:59:09] [⏳] 121s | PUBLISHING... (Publishing, Take a moment, Spinner)
[2026-07-23 07:59:15] [⏳] 127s | PUBLISHING... (Publishing, Take a moment, Spinner)
[2026-07-23 07:59:21] [⏳] 133s | PUBLISHING... (Publishing, Take a moment, Spinner)
[2026-07-23 07:59:27] [⏳] 139s | PUBLISHING... (Publishing, Take a moment, Spinner)
[2026-07-23 07:59:31] [⏳] 144s | PUBLISHING... (Publishing, Take a moment, Spinner)
[2026-07-23 07:59:38] [⏳] 150s | PUBLISHING... (Publishing, Take a moment, Spinner)
[2026-07-23 07:59:44] [⏳] 156s | PUBLISHING... (Publishing, Take a moment, Spinner)
[2026-07-23 07:59:50] [⏳] 162s | PUBLISHING... (Publishing, Take a moment, Spinner)
[2026-07-23 07:59:56] [⏳] 168s | PUBLISHING... (Publishing, Take a moment, Spinner)
[2026-07-23 08:00:02] [⏳] 174s | PUBLISHING... (Publishing, Take a moment, Spinner)
[2026-07-23 08:00:06] [⏳] 179s | PUBLISHING... (Publishing, Take a moment, Spinner)
[2026-07-23 08:00:13] [⏳] 185s | PUBLISHING... (Publishing, Take a moment, Spinner)
[2026-07-23 08:00:19] [⏳] 191s | PUBLISHING... (Publishing, Take a moment, Spinner)
[2026-07-23 08:00:25] [⏳] 197s | PUBLISHING... (Publishing, Take a moment, Spinner)
[2026-07-23 08:00:31] [⏳] 203s | PUBLISHING... (Publishing, Take a moment, Spinner)
[2026-07-23 08:00:37] [⏳] 209s | PUBLISHING... (Publishing, Take a moment, Spinner)
[2026-07-23 08:00:41] [⏳] 214s | PUBLISHING... (Publishing, Take a moment, Spinner)
[2026-07-23 08:00:48] [⏳] 220s | PUBLISHING... (Publishing, Take a moment, Spinner)
[2026-07-23 08:00:54] [⏳] 226s | PUBLISHING... (Publishing, Take a moment, Spinner)
[2026-07-23 08:01:00] [⏳] 232s | PUBLISHING... (Publishing, Take a moment, Spinner)
[2026-07-23 08:01:06] [⏳] 238s | PUBLISHING... (Publishing, Take a moment, Spinner)
[2026-07-23 08:01:10] [⏳] 243s | PUBLISHING... (Publishing, Take a moment, Spinner)
[2026-07-23 08:01:17] [⏳] 249s | PUBLISHING... (Publishing, Take a moment, Spinner)
[2026-07-23 08:01:23] [⏳] 255s | PUBLISHING... (Publishing, Take a moment, Spinner)
[2026-07-23 08:01:29] [⏳] 261s | PUBLISHING... (Publishing, Take a moment, Spinner)
[2026-07-23 08:01:35] [⏳] 267s | PUBLISHING... (Publishing, Take a moment, Spinner)
[2026-07-23 08:01:41] [⏳] 274s | PUBLISHING... (Publishing, Take a moment, Spinner)
[2026-07-23 08:01:48] [⏳] 280s | PUBLISHING... (Publishing, Take a moment, Spinner)
[2026-07-23 08:01:54] [⏳] 286s | PUBLISHING... (Publishing, Take a moment, Spinner)
[2026-07-23 08:02:00] [⏳] 292s | PUBLISHING... (Publishing, Take a moment, Spinner)
[2026-07-23 08:02:06] [⏳] 298s | PUBLISHING... (Publishing, Take a moment, Spinner)
[2026-07-23 08:02:12] [⏳] 304s | PUBLISHING... (Publishing, Take a moment, Spinner)
[2026-07-23 08:02:16] [⏳] 309s | PUBLISHING... (Publishing, Take a moment, Spinner)
[2026-07-23 08:02:24] [⏳] 315s | PUBLISHING... (Publishing, Take a moment, Spinner)
[2026-07-23 08:02:37] [⏳] 326s | PUBLISHING... (Spinner)
[2026-07-23 08:02:44] [⏳] 332s | PUBLISHING... (Spinner)
[2026-07-23 08:02:46] [⏳] 338s | No overlay (1/3 stable)
[2026-07-23 08:02:50] [✓] ✅ Overlay disappeared! Publish complete after 342s
[2026-07-23 08:02:50] [10f] Handling post-publish popup...
[2026-07-23 08:02:50] [*] Checking for post-publish popup...
[2026-07-23 08:02:56] [⏳] 6s | No popup detected yet...
[2026-07-23 08:03:02] [⏳] 12s | No popup detected yet...
[2026-07-23 08:03:08] [⏳] 18s | No popup detected yet...
[2026-07-23 08:03:10] [*] No popup appeared (or already dismissed)
[2026-07-23 08:03:10] [⏳] Waiting for final screen change...
[2026-07-23 08:03:14] [✓] ✅✅ Success indicator found: 'published'
[2026-07-23 08:03:14] [✓] ✅✅ POST PUBLISHED SUCCESSFULLY!
[2026-07-23 08:03:14] [*] Closing browser in 3 seconds...
[2026-07-23 08:03:22] [*] Browser closed.
[2026-07-23 08:12:08] ==================================================
[2026-07-23 08:12:08] UPLOAD BOT | PAGE: Paradise 777 Slots
[2026-07-23 08:12:08] ==================================================
[2026-07-23 08:12:08] [PRE] ChromeDriver: C:\Users\Asus\Downloads\New Dev\FB_Empire_AutoBot_V9.1_Fixed (14)\app\chromedriver.exe
[2026-07-23 08:12:08] [PRE] Killing ONLY our Chrome profile...
[2026-07-23 08:12:08] [PRE] Target profile path: c:\chromebot
[2026-07-23 08:12:08] [PRE] No matching Chrome found. Other Chrome windows are safe!
[2026-07-23 08:12:09] [PRE] Done.
[2026-07-23 08:12:09] [1/10] User Data: C:\ChromeBot
[2026-07-23 08:12:09] [1/10] Profile : Default
[2026-07-23 08:12:09] [1/10] Page    : Paradise 777 Slots
[2026-07-23 08:12:09] [1/10] Video   : C:\Users\Asus\Downloads\New Dev\FB_Empire_AutoBot_V9.1_Fixed (14)\app\downloads\Paradise 777 Slots\edited_videos\[EDITED]_0610.mp4
[2026-07-23 08:12:09] [2/10] Launching Chrome...
[2026-07-23 08:12:10] [3/10] ✅ Chrome launched!
[2026-07-23 08:12:10] [4/10] WARM-UP: 41s...
[2026-07-23 08:13:01] [4/10] WARM-UP done.
[2026-07-23 08:13:01] [5/10] Opening Business Suite...
[2026-07-23 08:13:13] [5/10] Landed: https://business.facebook.com/latest/home?asset_id=104857458997914&business_id=884449073586608&ir_qe_exposed=1
[2026-07-23 08:13:13] [6/10] Clicking 'Create Post'...
[2026-07-23 08:13:16] [✓] Create Post clicked!
[2026-07-23 08:13:23] [7/10] Composer opened.
[2026-07-23 08:13:23] [8/10] Attaching video via OS dialog...
[2026-07-23 08:13:23] [8a] Video path: C:\Users\Asus\Downloads\New Dev\FB_Empire_AutoBot_V9.1_Fixed (14)\app\downloads\Paradise 777 Slots\edited_videos\[EDITED]_0610.mp4
[2026-07-23 08:13:23] [8b] Finding 'Add photo/video' button...
[2026-07-23 08:13:23] [8b] Total buttons: 19
[2026-07-23 08:13:23] [✓] Found button!
[2026-07-23 08:13:24] [8c] Clicking button (opens OS dialog)...
[2026-07-23 08:13:25] [✓] Button clicked!
[2026-07-23 08:13:25] [8d] Waiting 3s for OS dialog...
[2026-07-23 08:13:28] [8e] Typing file path in OS dialog...
[2026-07-23 08:13:30] [✓] ✅ Path pasted + Enter pressed!
[2026-07-23 08:13:35] [✓] ✅ File selected in dialog!
[2026-07-23 08:13:35] [8/10] Video attached. Waiting 5s...
[2026-07-23 08:13:40] [9/10] Filling caption...
[2026-07-23 08:13:40] [9a] Finding caption box...
[2026-07-23 08:13:49] [✓] Caption typed!
[2026-07-23 08:13:54] [10/10] Schedule: 'NOW'
[2026-07-23 08:13:54] [10/10] Handling composer state...
[2026-07-23 08:13:54] [10a] Closing popups...
[2026-07-23 08:13:57] [10b] Waiting for video upload complete...
[2026-07-23 08:14:03] [⏳] 0m 5s | 'Share' disabled (59%)
[2026-07-23 08:14:08] [⏳] 0m 11s | 'Share' disabled (69%)
[2026-07-23 08:14:14] [⏳] 0m 16s | 'Share' disabled (81%)
[2026-07-23 08:14:19] [⏳] 0m 22s | 'Share' disabled (91%)
[2026-07-23 08:14:25] [✓] 0m 27s | 'Share' ENABLED!
[2026-07-23 08:14:25] [✓] ✅ Upload complete! (0m 27s)
[2026-07-23 08:14:31] 
[10c] ═══ Transition 1 ═══
[10c] Current screen: 'create' (attempt #1)
[2026-07-23 08:14:31] [10d] On 'create' screen. Need to click 'Next'...
[2026-07-23 08:14:31] [10e] Clicking SMART 'Next' (bottom-right)...
[2026-07-23 08:14:31] [*] Finding SMART 'Next' button...
[2026-07-23 08:14:31] [*] Found 1 'Next' button(s)
[2026-07-23 08:14:31] [*] 'Next' candidate: pos=(1294, 605), size=63x36, score=95
[2026-07-23 08:14:31] [✓] BEST 'Next': pos=(1294, 605) score=95
[2026-07-23 08:14:33] [✓] 'Next' clicked!
[2026-07-23 08:14:33] [⏳] Waiting for screen change from 'create'...
[2026-07-23 08:14:35] [✓] Screen changed after 2s: 'create' → 'edit'
[2026-07-23 08:14:35] [✓] ✅ Moved to 'edit' screen!
[2026-07-23 08:14:40] 
[10c] ═══ Transition 2 ═══
[10c] Current screen: 'edit' (attempt #1)
[2026-07-23 08:14:40] [10d] On 'edit' screen. Need to click 'Next'...
[2026-07-23 08:14:40] [10e] Clicking SMART 'Next' (bottom-right)...
[2026-07-23 08:14:40] [*] Finding SMART 'Next' button...
[2026-07-23 08:14:40] [*] Found 1 'Next' button(s)
[2026-07-23 08:14:40] [*] 'Next' candidate: pos=(1294, 605), size=63x36, score=95
[2026-07-23 08:14:40] [✓] BEST 'Next': pos=(1294, 605) score=95
[2026-07-23 08:14:42] [✓] 'Next' clicked!
[2026-07-23 08:14:42] [⏳] Waiting for screen change from 'edit'...
[2026-07-23 08:14:45] [✓] Screen changed after 2s: 'edit' → 'share'
[2026-07-23 08:14:45] [✓] ✅ Moved to 'share' screen!
[2026-07-23 08:14:50] 
[10c] ═══ Transition 3 ═══
[10c] Current screen: 'share' (attempt #1)
[2026-07-23 08:14:50] [10d] ✅ On SHARE screen!
[2026-07-23 08:14:57] [10e] Clicking SMART 'Share' (bottom-right)...
[2026-07-23 08:14:57] [*] Finding SMART 'Share' button...
[2026-07-23 08:14:57] [*] Found 2 'Share' button(s)
[2026-07-23 08:14:57] [*] 'Share' candidate: pos=(290, 78), size=84x36, score=-120
[2026-07-23 08:14:57] [*] 'Share' candidate: pos=(1291, 605), size=69x36, score=95
[2026-07-23 08:14:57] [✓] BEST 'Share': pos=(1291, 605) score=95
[2026-07-23 08:14:59] [✓] 'Share' clicked!
[2026-07-23 08:14:59] [✓] ✅✅ 'Share' CLICKED!
[2026-07-23 08:15:01] [⏳] Now actively verifying publish...
[2026-07-23 08:15:01] [⏳] Verifying publish status...
[2026-07-23 08:15:01] [⏳] Initial 3s wait...
[2026-07-23 08:15:10] [⏳] 6s | PUBLISHING... (Publishing, Take a moment, Spinner)
[2026-07-23 08:15:16] [⏳] 12s | PUBLISHING... (Publishing, Take a moment, Spinner)
[2026-07-23 08:15:23] [⏳] 18s | PUBLISHING... (Publishing, Take a moment, Spinner)
[2026-07-23 08:15:27] [⏳] 23s | PUBLISHING... (Publishing, Take a moment, Spinner)
[2026-07-23 08:15:33] [⏳] 29s | PUBLISHING... (Publishing, Take a moment, Spinner)
[2026-07-23 08:15:40] [⏳] 35s | PUBLISHING... (Publishing, Take a moment, Spinner)
[2026-07-23 08:15:44] [⏳] 40s | PUBLISHING... (Publishing, Take a moment, Spinner)
[2026-07-23 08:15:50] [⏳] 46s | PUBLISHING... (Publishing, Take a moment, Spinner)
[2026-07-23 08:15:57] [⏳] 52s | PUBLISHING... (Publishing, Take a moment, Spinner)
[2026-07-23 08:16:03] [⏳] 59s | PUBLISHING... (Publishing, Take a moment, Spinner)
[2026-07-23 08:16:09] [⏳] 65s | PUBLISHING... (Publishing, Take a moment, Spinner)
[2026-07-23 08:16:16] [⏳] 71s | PUBLISHING... (Publishing, Take a moment, Spinner)
[2026-07-23 08:16:22] [⏳] 77s | PUBLISHING... (Publishing, Take a moment, Spinner)
[2026-07-23 08:16:26] [⏳] 82s | PUBLISHING... (Publishing, Take a moment, Spinner)
[2026-07-23 08:16:32] [⏳] 88s | PUBLISHING... (Publishing, Take a moment, Spinner)
[2026-07-23 08:16:39] [⏳] 95s | PUBLISHING... (Publishing, Take a moment, Spinner)
[2026-07-23 08:16:45] [⏳] 101s | PUBLISHING... (Publishing, Take a moment, Spinner)
[2026-07-23 08:16:52] [⏳] 107s | PUBLISHING... (Publishing, Take a moment, Spinner)
[2026-07-23 08:16:58] [⏳] 114s | PUBLISHING... (Publishing, Take a moment, Spinner)
[2026-07-23 08:17:04] [⏳] 120s | PUBLISHING... (Publishing, Take a moment, Spinner)
[2026-07-23 08:17:11] [⏳] 126s | PUBLISHING... (Publishing, Take a moment, Spinner)
[2026-07-23 08:17:17] [⏳] 133s | PUBLISHING... (Publishing, Take a moment, Spinner)
[2026-07-23 08:17:23] [⏳] 139s | PUBLISHING... (Publishing, Take a moment, Spinner)
[2026-07-23 08:17:30] [⏳] 145s | PUBLISHING... (Publishing, Take a moment, Spinner)
[2026-07-23 08:17:36] [⏳] 152s | PUBLISHING... (Publishing, Take a moment, Spinner)
[2026-07-23 08:17:42] [⏳] 158s | PUBLISHING... (Publishing, Take a moment, Spinner)
[2026-07-23 08:17:49] [⏳] 164s | PUBLISHING... (Publishing, Take a moment, Spinner)
[2026-07-23 08:17:53] [⏳] 169s | PUBLISHING... (Publishing, Take a moment, Spinner)
[2026-07-23 08:17:59] [⏳] 175s | PUBLISHING... (Publishing, Take a moment, Spinner)
[2026-07-23 08:18:06] [⏳] 181s | PUBLISHING... (Publishing, Take a moment, Spinner)
[2026-07-23 08:18:12] [⏳] 188s | PUBLISHING... (Publishing, Take a moment, Spinner)
[2026-07-23 08:18:18] [⏳] 194s | PUBLISHING... (Publishing, Take a moment, Spinner)
[2026-07-23 08:18:24] [⏳] 200s | PUBLISHING... (Publishing, Take a moment, Spinner)
[2026-07-23 08:18:31] [⏳] 206s | PUBLISHING... (Publishing, Take a moment, Spinner)
[2026-07-23 08:18:35] [⏳] 211s | PUBLISHING... (Publishing, Take a moment, Spinner)
[2026-07-23 08:18:41] [⏳] 217s | PUBLISHING... (Publishing, Take a moment, Spinner)
[2026-07-23 08:18:48] [⏳] 223s | PUBLISHING... (Publishing, Take a moment, Spinner)
[2026-07-23 08:18:52] [⏳] 228s | PUBLISHING... (Publishing, Take a moment, Spinner)
[2026-07-23 08:18:58] [⏳] 234s | PUBLISHING... (Publishing, Take a moment, Spinner)
[2026-07-23 08:19:05] [⏳] 240s | PUBLISHING... (Publishing, Take a moment, Spinner)
[2026-07-23 08:19:11] [⏳] 247s | PUBLISHING... (Publishing, Take a moment, Spinner)
[2026-07-23 08:19:17] [⏳] 253s | PUBLISHING... (Publishing, Take a moment, Spinner)
[2026-07-23 08:19:24] [⏳] 259s | PUBLISHING... (Publishing, Take a moment, Spinner)
[2026-07-23 08:19:30] [⏳] 266s | PUBLISHING... (Publishing, Take a moment, Spinner)
[2026-07-23 08:19:36] [⏳] 272s | PUBLISHING... (Publishing, Take a moment, Spinner)
[2026-07-23 08:19:43] [⏳] 278s | PUBLISHING... (Publishing, Take a moment, Spinner)
[2026-07-23 08:19:47] [⏳] 283s | PUBLISHING... (Publishing, Take a moment, Spinner)
[2026-07-23 08:19:53] [⏳] 289s | PUBLISHING... (Publishing, Take a moment, Spinner)
[2026-07-23 08:20:00] [⏳] 295s | PUBLISHING... (Publishing, Take a moment, Spinner)
[2026-07-23 08:20:06] [⏳] 302s | PUBLISHING... (Publishing, Take a moment, Spinner)
[2026-07-23 08:20:12] [⏳] 308s | PUBLISHING... (Publishing, Take a moment, Spinner)
[2026-07-23 08:20:19] [⏳] 314s | PUBLISHING... (Publishing, Take a moment, Spinner)
[2026-07-23 08:20:23] [⏳] 319s | PUBLISHING... (Publishing, Take a moment, Spinner)
[2026-07-23 08:20:29] [⏳] 325s | PUBLISHING... (Publishing, Take a moment, Spinner)
[2026-07-23 08:20:36] [⏳] 331s | PUBLISHING... (Publishing, Take a moment, Spinner)
[2026-07-23 08:20:40] [⏳] 336s | PUBLISHING... (Publishing, Take a moment, Spinner)
[2026-07-23 08:20:46] [⏳] 342s | PUBLISHING... (Publishing, Take a moment, Spinner)
[2026-07-23 08:20:52] [⏳] 348s | PUBLISHING... (Publishing, Take a moment, Spinner)
[2026-07-23 08:20:59] [⏳] 354s | PUBLISHING... (Publishing, Take a moment, Spinner)
[2026-07-23 08:21:03] [⏳] 359s | PUBLISHING... (Publishing, Take a moment, Spinner)
[2026-07-23 08:21:09] [⏳] 365s | PUBLISHING... (Publishing, Take a moment, Spinner)
[2026-07-23 08:21:16] [⏳] 371s | PUBLISHING... (Publishing, Take a moment, Spinner)
[2026-07-23 08:21:22] [⏳] 378s | PUBLISHING... (Publishing, Take a moment, Spinner)
[2026-07-23 08:21:28] [⏳] 384s | PUBLISHING... (Publishing, Take a moment, Spinner)
[2026-07-23 08:21:35] [⏳] 390s | PUBLISHING... (Publishing, Take a moment, Spinner)
[2026-07-23 08:21:39] [⏳] 395s | PUBLISHING... (Publishing, Take a moment, Spinner)
[2026-07-23 08:21:45] [⏳] 401s | PUBLISHING... (Publishing, Take a moment, Spinner)
[2026-07-23 08:21:52] [⏳] 407s | PUBLISHING... (Publishing, Take a moment, Spinner)
[2026-07-23 08:21:58] [⏳] 414s | PUBLISHING... (Publishing, Take a moment, Spinner)
[2026-07-23 08:22:04] [⏳] 420s | PUBLISHING... (Publishing, Take a moment, Spinner)
[2026-07-23 08:22:11] [⏳] 426s | PUBLISHING... (Publishing, Take a moment, Spinner)
[2026-07-23 08:22:17] [⏳] 433s | PUBLISHING... (Publishing, Take a moment, Spinner)
[2026-07-23 08:22:23] [⏳] 439s | PUBLISHING... (Publishing, Take a moment, Spinner)
[2026-07-23 08:22:30] [⏳] 445s | PUBLISHING... (Publishing, Take a moment, Spinner)
[2026-07-23 08:22:36] [⏳] 452s | PUBLISHING... (Publishing, Take a moment, Spinner)
[2026-07-23 08:22:42] [⏳] 458s | PUBLISHING... (Publishing, Take a moment, Spinner)
[2026-07-23 08:22:49] [⏳] 464s | PUBLISHING... (Publishing, Take a moment, Spinner)
[2026-07-23 08:22:55] [⏳] 471s | PUBLISHING... (Publishing, Take a moment, Spinner)
[2026-07-23 08:23:01] [⏳] 477s | PUBLISHING... (Publishing, Take a moment, Spinner)
[2026-07-23 08:23:07] [⏳] 483s | PUBLISHING... (Publishing, Take a moment, Spinner)
[2026-07-23 08:23:14] [⏳] 489s | PUBLISHING... (Publishing, Take a moment, Spinner)
[2026-07-23 08:23:18] [⏳] 494s | PUBLISHING... (Publishing, Take a moment, Spinner)
[2026-07-23 08:23:24] [⏳] 500s | PUBLISHING... (Publishing, Take a moment, Spinner)
[2026-07-23 08:23:31] [⏳] 506s | PUBLISHING... (Publishing, Take a moment, Spinner)
[2026-07-23 08:23:35] [⏳] 511s | PUBLISHING... (Publishing, Take a moment, Spinner)
[2026-07-23 08:23:41] [⏳] 517s | PUBLISHING... (Publishing, Take a moment, Spinner)
[2026-07-23 08:23:48] [⏳] 523s | PUBLISHING... (Publishing, Take a moment, Spinner)
[2026-07-23 08:23:52] [⏳] 528s | PUBLISHING... (Publishing, Take a moment, Spinner)
[2026-07-23 08:23:58] [⏳] 534s | PUBLISHING... (Publishing, Take a moment, Spinner)
[2026-07-23 08:24:05] [⏳] 540s | PUBLISHING... (Publishing, Take a moment, Spinner)
[2026-07-23 08:24:11] [⏳] 547s | PUBLISHING... (Publishing, Take a moment, Spinner)
[2026-07-23 08:24:17] [⏳] 553s | PUBLISHING... (Publishing, Take a moment, Spinner)
[2026-07-23 08:24:24] [⏳] 559s | PUBLISHING... (Publishing, Take a moment, Spinner)
[2026-07-23 08:24:30] [⏳] 566s | PUBLISHING... (Publishing, Take a moment, Spinner)
[2026-07-23 08:24:36] [⏳] 572s | PUBLISHING... (Publishing, Take a moment, Spinner)
[2026-07-23 08:24:43] [⏳] 578s | PUBLISHING... (Publishing, Take a moment, Spinner)
[2026-07-23 08:24:49] [⏳] 585s | PUBLISHING... (Publishing, Take a moment, Spinner)
[2026-07-23 08:24:55] [⏳] 591s | PUBLISHING... (Publishing, Take a moment, Spinner)
[2026-07-23 08:25:02] [⏳] 597s | PUBLISHING... (Publishing, Take a moment, Spinner)
[2026-07-23 08:25:06] [!] Publish verification timeout (600s). Assuming published.
[2026-07-23 08:25:06] [10f] Handling Boost popup (JS click)...
[2026-07-23 08:25:06] [*] Checking for Boost popup...
[2026-07-23 08:25:08] [*] 2s | Boost popup detected!
[2026-07-23 08:25:08] [✓] ✅ 'Maybe later' clicked via JS!
[2026-07-23 08:25:11] [✓] ✅ Popup CLOSED successfully!
[2026-07-23 08:25:11] [⏳] Waiting for final screen change...
[2026-07-23 08:25:15] [✓] ✅✅ Success indicator found: 'published'
[2026-07-23 08:25:15] [✓] ✅✅ POST PUBLISHED SUCCESSFULLY!
[2026-07-23 08:25:15] [*] Closing browser in 3 seconds...
[2026-07-23 08:25:23] [*] Browser closed.
[2026-07-23 09:05:07] ==================================================
[2026-07-23 09:05:07] UPLOAD BOT | PAGE: Paradise 777 Slots
[2026-07-23 09:05:07] ==================================================
[2026-07-23 09:05:07] [PRE] ChromeDriver: C:\Users\Asus\Downloads\New Dev\FB_Empire_AutoBot_V9.1_Fixed (14)\app\chromedriver.exe
[2026-07-23 09:05:07] [PRE] Killing ONLY our Chrome profile...
[2026-07-23 09:05:07] [PRE] Target profile path: c:\chromebot
[2026-07-23 09:05:07] [PRE] No matching Chrome found. Other Chrome windows are safe!
[2026-07-23 09:05:08] [PRE] Done.
[2026-07-23 09:05:08] [1/10] User Data: C:\ChromeBot
[2026-07-23 09:05:08] [1/10] Profile : Default
[2026-07-23 09:05:08] [1/10] Page    : Paradise 777 Slots
[2026-07-23 09:05:08] [1/10] Video   : C:\Users\Asus\Downloads\New Dev\FB_Empire_AutoBot_V9.1_Fixed (14)\app\downloads\Paradise 777 Slots\edited_videos\[EDITED]_0610.mp4
[2026-07-23 09:05:08] [2/10] Launching Chrome...
[2026-07-23 09:05:09] [3/10] ✅ Chrome launched!
[2026-07-23 09:05:09] [4/10] WARM-UP: 35s...
[2026-07-23 09:05:54] [4/10] WARM-UP done.
[2026-07-23 09:05:54] [5/10] Opening Business Suite...
[2026-07-23 09:06:04] [5/10] Landed: https://business.facebook.com/latest/home?asset_id=104857458997914&business_id=884449073586608&ir_qe_exposed=1
[2026-07-23 09:06:04] [6/10] Clicking 'Create Post'...
[2026-07-23 09:06:07] [✓] Create Post clicked!
[2026-07-23 09:06:14] [7/10] Composer opened.
[2026-07-23 09:06:14] [8/10] Attaching video via OS dialog...
[2026-07-23 09:06:14] [8a] Video path: C:\Users\Asus\Downloads\New Dev\FB_Empire_AutoBot_V9.1_Fixed (14)\app\downloads\Paradise 777 Slots\edited_videos\[EDITED]_0610.mp4
[2026-07-23 09:06:14] [8b] Finding 'Add photo/video' button...
[2026-07-23 09:06:15] [8b] Total buttons: 19
[2026-07-23 09:06:15] [✓] Found button!
[2026-07-23 09:06:16] [8c] Clicking button (opens OS dialog)...
[2026-07-23 09:06:16] [✓] Button clicked!
[2026-07-23 09:06:16] [8d] Waiting 3s for OS dialog...
[2026-07-23 09:06:19] [8e] Typing file path in OS dialog...
[2026-07-23 09:06:21] [✓] ✅ Path pasted + Enter pressed!
[2026-07-23 09:06:26] [✓] ✅ File selected in dialog!
[2026-07-23 09:06:26] [8/10] Video attached. Waiting 5s...
[2026-07-23 09:06:31] [9/10] Filling caption...
[2026-07-23 09:06:31] [9a] Finding caption box...
[2026-07-23 09:06:39] [✓] Caption typed!
[2026-07-23 09:06:44] [10/10] Schedule: 'NOW'
[2026-07-23 09:06:44] [10/10] Handling composer state...
[2026-07-23 09:06:44] [10a] Closing popups...
[2026-07-23 09:06:47] [10b] Waiting for video upload complete...
[2026-07-23 09:06:53] [⏳] 0m 5s | 'Share' disabled (53%)
[2026-07-23 09:06:58] [⏳] 0m 10s | 'Share' disabled (66%)
[2026-07-23 09:07:04] [⏳] 0m 15s | 'Share' disabled (81%)
[2026-07-23 09:07:09] [⏳] 0m 21s | 'Share' disabled (94%)
[2026-07-23 09:07:15] [✓] 0m 26s | 'Share' ENABLED!
[2026-07-23 09:07:15] [✓] ✅ Upload complete! (0m 26s)
[2026-07-23 09:07:21] 
[10c] ═══ Transition 1 ═══
[10c] Current screen: 'create' (attempt #1)
[2026-07-23 09:07:21] [10d] On 'create' screen. Need to click 'Next'...
[2026-07-23 09:07:21] [10e] Clicking SMART 'Next' (bottom-right)...
[2026-07-23 09:07:21] [*] Finding SMART 'Next' button...
[2026-07-23 09:07:21] [*] Found 1 'Next' button(s)
[2026-07-23 09:07:21] [*] 'Next' candidate: pos=(1294, 605), size=63x36, score=95
[2026-07-23 09:07:21] [✓] BEST 'Next': pos=(1294, 605) score=95
[2026-07-23 09:07:23] [✓] 'Next' clicked!
[2026-07-23 09:07:23] [⏳] Waiting for screen change from 'create'...
[2026-07-23 09:07:25] [✓] Screen changed after 2s: 'create' → 'edit'
[2026-07-23 09:07:25] [✓] ✅ Moved to 'edit' screen!
[2026-07-23 09:07:30] 
[10c] ═══ Transition 2 ═══
[10c] Current screen: 'edit' (attempt #1)
[2026-07-23 09:07:30] [10d] On 'edit' screen. Need to click 'Next'...
[2026-07-23 09:07:30] [10e] Clicking SMART 'Next' (bottom-right)...
[2026-07-23 09:07:30] [*] Finding SMART 'Next' button...
[2026-07-23 09:07:31] [*] Found 1 'Next' button(s)
[2026-07-23 09:07:31] [*] 'Next' candidate: pos=(1294, 605), size=63x36, score=95
[2026-07-23 09:07:31] [✓] BEST 'Next': pos=(1294, 605) score=95
[2026-07-23 09:07:33] [✓] 'Next' clicked!
[2026-07-23 09:07:33] [⏳] Waiting for screen change from 'edit'...
[2026-07-23 09:07:35] [✓] Screen changed after 2s: 'edit' → 'share'
[2026-07-23 09:07:35] [✓] ✅ Moved to 'share' screen!
[2026-07-23 09:07:40] 
[10c] ═══ Transition 3 ═══
[10c] Current screen: 'share' (attempt #1)
[2026-07-23 09:07:40] [10d] ✅ On SHARE screen!
[2026-07-23 09:07:47] [10e] Clicking SMART 'Share' (bottom-right)...
[2026-07-23 09:07:47] [*] Finding SMART 'Share' button...
[2026-07-23 09:07:47] [*] Found 2 'Share' button(s)
[2026-07-23 09:07:47] [*] 'Share' candidate: pos=(290, 78), size=84x36, score=-120
[2026-07-23 09:07:47] [*] 'Share' candidate: pos=(1291, 605), size=69x36, score=95
[2026-07-23 09:07:47] [✓] BEST 'Share': pos=(1291, 605) score=95
[2026-07-23 09:07:49] [✓] 'Share' clicked!
[2026-07-23 09:07:49] [✓] ✅✅ 'Share' CLICKED!
[2026-07-23 09:07:51] [⏳] Now actively verifying publish...
[2026-07-23 09:07:51] [⏳] Verifying publish status...
[2026-07-23 09:07:51] [⏳] Initial 3s wait...
[2026-07-23 09:08:01] [⏳] 6s | PUBLISHING... (Publishing, Take a moment, Spinner)
[2026-07-23 09:08:07] [⏳] 12s | PUBLISHING... (Publishing, Take a moment, Spinner)
[2026-07-23 09:08:11] [⏳] 17s | PUBLISHING... (Publishing, Take a moment, Spinner)
[2026-07-23 09:08:18] [⏳] 23s | PUBLISHING... (Publishing, Take a moment, Spinner)
[2026-07-23 09:08:24] [⏳] 29s | PUBLISHING... (Publishing, Take a moment, Spinner)
[2026-07-23 09:08:30] [⏳] 36s | PUBLISHING... (Publishing, Take a moment, Spinner)
[2026-07-23 09:08:37] [⏳] 42s | PUBLISHING... (Publishing, Take a moment, Spinner)
[2026-07-23 09:08:43] [⏳] 48s | PUBLISHING... (Publishing, Take a moment, Spinner)
[2026-07-23 09:08:49] [⏳] 55s | PUBLISHING... (Publishing, Take a moment, Spinner)
[2026-07-23 09:08:56] [⏳] 61s | PUBLISHING... (Publishing, Take a moment, Spinner)
[2026-07-23 09:09:02] [⏳] 67s | PUBLISHING... (Publishing, Take a moment, Spinner)
[2026-07-23 09:09:08] [⏳] 74s | PUBLISHING... (Publishing, Take a moment, Spinner)
[2026-07-23 09:09:15] [⏳] 80s | PUBLISHING... (Publishing, Take a moment, Spinner)
[2026-07-23 09:09:21] [⏳] 86s | PUBLISHING... (Publishing, Take a moment, Spinner)
[2026-07-23 09:09:25] [⏳] 91s | PUBLISHING... (Publishing, Take a moment, Spinner)
[2026-07-23 09:09:31] [⏳] 97s | PUBLISHING... (Publishing, Take a moment, Spinner)
[2026-07-23 09:09:38] [⏳] 103s | PUBLISHING... (Publishing, Take a moment, Spinner)
[2026-07-23 09:09:44] [⏳] 109s | PUBLISHING... (Publishing, Take a moment, Spinner)
[2026-07-23 09:09:48] [⏳] 114s | PUBLISHING... (Publishing, Take a moment, Spinner)
[2026-07-23 09:09:55] [⏳] 120s | PUBLISHING... (Publishing, Take a moment, Spinner)
[2026-07-23 09:10:01] [⏳] 126s | PUBLISHING... (Publishing, Take a moment, Spinner)
[2026-07-23 09:10:05] [⏳] 131s | PUBLISHING... (Publishing, Take a moment, Spinner)
[2026-07-23 09:10:12] [⏳] 137s | PUBLISHING... (Publishing, Take a moment, Spinner)
[2026-07-23 09:10:18] [⏳] 143s | PUBLISHING... (Publishing, Take a moment, Spinner)
[2026-07-23 09:10:39] [!] Check error: HTTPConnectionPool(host='localhost', port=63029): Max retries exceeded with url: /session/43fa9503b7cffbac3fbcaffd73379493/execute/sync (Caused by NewConnectionError("HTTPConnection(host='localhost', port=63029): Failed to establish a new connection: [WinError 10061] No connection could be made because the target machine actively refused it"))
[2026-07-23 09:10:57] [!] Check error: HTTPConnectionPool(host='localhost', port=63029): Max retries exceeded with url: /session/43fa9503b7cffbac3fbcaffd73379493/execute/sync (Caused by NewConnectionError("HTTPConnection(host='localhost', port=63029): Failed to establish a new connection: [WinError 10061] No connection could be made because the target machine actively refused it"))
[2026-07-23 09:11:15] [!] Check error: HTTPConnectionPool(host='localhost', port=63029): Max retries exceeded with url: /session/43fa9503b7cffbac3fbcaffd73379493/execute/sync (Caused by NewConnectionError("HTTPConnection(host='localhost', port=63029): Failed to establish a new connection: [WinError 10061] No connection could be made because the target machine actively refused it"))
[2026-07-23 09:11:33] [!] Check error: HTTPConnectionPool(host='localhost', port=63029): Max retries exceeded with url: /session/43fa9503b7cffbac3fbcaffd73379493/execute/sync (Caused by NewConnectionError("HTTPConnection(host='localhost', port=63029): Failed to establish a new connection: [WinError 10061] No connection could be made because the target machine actively refused it"))
[2026-07-23 09:11:52] [!] Check error: HTTPConnectionPool(host='localhost', port=63029): Max retries exceeded with url: /session/43fa9503b7cffbac3fbcaffd73379493/execute/sync (Caused by NewConnectionError("HTTPConnection(host='localhost', port=63029): Failed to establish a new connection: [WinError 10061] No connection could be made because the target machine actively refused it"))
[2026-07-23 09:12:10] [!] Check error: HTTPConnectionPool(host='localhost', port=63029): Max retries exceeded with url: /session/43fa9503b7cffbac3fbcaffd73379493/execute/sync (Caused by NewConnectionError("HTTPConnection(host='localhost', port=63029): Failed to establish a new connection: [WinError 10061] No connection could be made because the target machine actively refused it"))
[2026-07-23 09:12:28] [!] Check error: HTTPConnectionPool(host='localhost', port=63029): Max retries exceeded with url: /session/43fa9503b7cffbac3fbcaffd73379493/execute/sync (Caused by NewConnectionError("HTTPConnection(host='localhost', port=63029): Failed to establish a new connection: [WinError 10061] No connection could be made because the target machine actively refused it"))
[2026-07-23 09:12:46] [!] Check error: HTTPConnectionPool(host='localhost', port=63029): Max retries exceeded with url: /session/43fa9503b7cffbac3fbcaffd73379493/execute/sync (Caused by NewConnectionError("HTTPConnection(host='localhost', port=63029): Failed to establish a new connection: [WinError 10061] No connection could be made because the target machine actively refused it"))
[2026-07-23 09:13:05] [!] Check error: HTTPConnectionPool(host='localhost', port=63029): Max retries exceeded with url: /session/43fa9503b7cffbac3fbcaffd73379493/execute/sync (Caused by NewConnectionError("HTTPConnection(host='localhost', port=63029): Failed to establish a new connection: [WinError 10061] No connection could be made because the target machine actively refused it"))
[2026-07-23 09:15:17] ==================================================
[2026-07-23 09:15:17] UPLOAD BOT | PAGE: Paradise 777 Slots
[2026-07-23 09:15:17] ==================================================
[2026-07-23 09:15:17] [PRE] ChromeDriver: C:\Users\Asus\Downloads\New Dev\FB_Empire_AutoBot_V9.1_Fixed (14)\app\chromedriver.exe
[2026-07-23 09:15:17] [PRE] Killing ONLY our Chrome profile...
[2026-07-23 09:15:17] [PRE] Target profile path: c:\chromebot
[2026-07-23 09:15:17] [PRE] No matching Chrome found. Other Chrome windows are safe!
[2026-07-23 09:15:18] [PRE] Done.
[2026-07-23 09:15:18] [1/10] User Data: C:\ChromeBot
[2026-07-23 09:15:18] [1/10] Profile : Default
[2026-07-23 09:15:18] [1/10] Page    : Paradise 777 Slots
[2026-07-23 09:15:18] [1/10] Video   : C:\Users\Asus\Downloads\New Dev\FB_Empire_AutoBot_V9.1_Fixed (14)\app\downloads\Paradise 777 Slots\edited_videos\[EDITED]_FastLane Jackpot.mp4
[2026-07-23 09:15:18] [2/10] Launching Chrome...
[2026-07-23 09:15:19] [3/10] ✅ Chrome launched!
[2026-07-23 09:15:19] [4/10] WARM-UP: 22s...
[2026-07-23 09:15:54] [4/10] WARM-UP done.
[2026-07-23 09:15:54] [5/10] Opening Business Suite...
[2026-07-23 09:16:07] [5/10] Landed: https://business.facebook.com/latest/home?asset_id=104857458997914&business_id=884449073586608&ir_qe_exposed=1
[2026-07-23 09:16:07] [6/10] Clicking 'Create Post'...
[2026-07-23 09:16:10] [✓] Create Post clicked!
[2026-07-23 09:16:17] [7/10] Composer opened.
[2026-07-23 09:16:17] [8/10] Attaching video via OS dialog...
[2026-07-23 09:16:17] [8a] Video path: C:\Users\Asus\Downloads\New Dev\FB_Empire_AutoBot_V9.1_Fixed (14)\app\downloads\Paradise 777 Slots\edited_videos\[EDITED]_FastLane Jackpot.mp4
[2026-07-23 09:16:17] [8b] Finding 'Add photo/video' button...
[2026-07-23 09:16:17] [8b] Total buttons: 19
[2026-07-23 09:16:17] [✓] Found button!
[2026-07-23 09:16:18] [8c] Clicking button (opens OS dialog)...
[2026-07-23 09:16:19] [✓] Button clicked!
[2026-07-23 09:16:19] [8d] Waiting 3s for OS dialog...
[2026-07-23 09:16:22] [8e] Typing file path in OS dialog...
[2026-07-23 09:16:23] [✓] ✅ Path pasted + Enter pressed!
[2026-07-23 09:16:28] [✓] ✅ File selected in dialog!
[2026-07-23 09:16:28] [8/10] Video attached. Waiting 5s...
[2026-07-23 09:16:33] [9/10] Filling caption...
[2026-07-23 09:16:33] [9a] Finding caption box...
[2026-07-23 09:16:39] [✓] Caption typed!
[2026-07-23 09:16:43] [10/10] Schedule: 'NOW'
[2026-07-23 09:16:43] [10/10] Handling composer state...
[2026-07-23 09:16:43] [10a] Closing popups...
[2026-07-23 09:16:46] [10b] Waiting for video upload complete...
[2026-07-23 09:16:51] [✓] 0m 5s | 'Share' ENABLED!
[2026-07-23 09:16:51] [✓] ✅ Upload complete! (0m 5s)
[2026-07-23 09:16:57] 
[10c] ═══ Transition 1 ═══
[10c] Current screen: 'create' (attempt #1)
[2026-07-23 09:16:57] [10d] On 'create' screen. Need to click 'Next'...
[2026-07-23 09:16:57] [10e] Clicking SMART 'Next' (bottom-right)...
[2026-07-23 09:16:57] [*] Finding SMART 'Next' button...
[2026-07-23 09:16:57] [*] Found 1 'Next' button(s)
[2026-07-23 09:16:57] [*] 'Next' candidate: pos=(1294, 605), size=63x36, score=95
[2026-07-23 09:16:57] [✓] BEST 'Next': pos=(1294, 605) score=95
[2026-07-23 09:16:59] [✓] 'Next' clicked!
[2026-07-23 09:16:59] [⏳] Waiting for screen change from 'create'...
[2026-07-23 09:17:01] [✓] Screen changed after 2s: 'create' → 'edit'
[2026-07-23 09:17:01] [✓] ✅ Moved to 'edit' screen!
[2026-07-23 09:17:06] 
[10c] ═══ Transition 2 ═══
[10c] Current screen: 'edit' (attempt #1)
[2026-07-23 09:17:06] [10d] On 'edit' screen. Need to click 'Next'...
[2026-07-23 09:17:06] [10e] Clicking SMART 'Next' (bottom-right)...
[2026-07-23 09:17:06] [*] Finding SMART 'Next' button...
[2026-07-23 09:17:06] [*] Found 1 'Next' button(s)
[2026-07-23 09:17:06] [*] 'Next' candidate: pos=(1294, 605), size=63x36, score=95
[2026-07-23 09:17:06] [✓] BEST 'Next': pos=(1294, 605) score=95
[2026-07-23 09:17:07] [✓] 'Next' clicked!
[2026-07-23 09:17:07] [⏳] Waiting for screen change from 'edit'...
[2026-07-23 09:17:10] [✓] Screen changed after 2s: 'edit' → 'share'
[2026-07-23 09:17:10] [✓] ✅ Moved to 'share' screen!
[2026-07-23 09:17:14] 
[10c] ═══ Transition 3 ═══
[10c] Current screen: 'share' (attempt #1)
[2026-07-23 09:17:14] [10d] ✅ On SHARE screen!
[2026-07-23 09:17:21] [10e] Clicking SMART 'Share' (bottom-right)...
[2026-07-23 09:17:21] [*] Finding SMART 'Share' button...
[2026-07-23 09:17:21] [*] Found 2 'Share' button(s)
[2026-07-23 09:17:21] [*] 'Share' candidate: pos=(290, 78), size=84x36, score=-120
[2026-07-23 09:17:21] [*] 'Share' candidate: pos=(1291, 605), size=69x36, score=95
[2026-07-23 09:17:21] [✓] BEST 'Share': pos=(1291, 605) score=95
[2026-07-23 09:17:23] [✓] 'Share' clicked!
[2026-07-23 09:17:23] [✓] ✅✅ 'Share' CLICKED!
[2026-07-23 09:17:25] [10f] ✅ Share clicked!
    Now waiting for Boost popup (= publish complete signal)...
[2026-07-23 09:17:25] [⏳] Waiting for 'Boost your post' popup...
    (Popup appearance = publish complete!)
[2026-07-23 09:17:35] [⏳] 10s | Waiting for boost popup (publish in progress)...
[2026-07-23 09:17:45] [⏳] 20s | Waiting for boost popup (publish in progress)...
[2026-07-23 09:17:55] [⏳] 30s | Waiting for boost popup (publish in progress)...
[2026-07-23 09:17:57] [✓] ✅ BOOST POPUP DETECTED after 32s!
[2026-07-23 09:17:57] [✓] Post has been PUBLISHED!
[2026-07-23 09:17:57] [*] Clicking 'Maybe later'...
[2026-07-23 09:17:58] [✓] 'Maybe later' click attempt #1 sent!
[2026-07-23 09:18:00] [✓] ✅ Popup CLOSED successfully!
[2026-07-23 09:18:03] [✓] ✅✅ POST PUBLISHED SUCCESSFULLY!
[2026-07-23 09:18:03] [*] Closing browser in 3 seconds...
[2026-07-23 09:18:11] [*] Browser closed.
[2026-07-23 09:20:32] ==================================================
[2026-07-23 09:20:32] UPLOAD BOT | PAGE: Paradise 777 Slots
[2026-07-23 09:20:32] ==================================================
[2026-07-23 09:20:32] [PRE] ChromeDriver: C:\Users\Asus\Downloads\New Dev\FB_Empire_AutoBot_V9.1_Fixed (14)\app\chromedriver.exe
[2026-07-23 09:20:32] [PRE] Killing ONLY our Chrome profile...
[2026-07-23 09:20:32] [PRE] Target profile path: c:\chromebot
[2026-07-23 09:20:32] [PRE] Killed PID 9292 (matches our profile)
[2026-07-23 09:20:32] [PRE] Killed PID 9792 (matches our profile)
[2026-07-23 09:20:32] [PRE] Killed PID 11192 (matches our profile)
[2026-07-23 09:20:32] [PRE] Killed PID 11448 (matches our profile)
[2026-07-23 09:20:32] [PRE] Killed PID 12832 (matches our profile)
[2026-07-23 09:20:32] [PRE] Killed PID 13152 (matches our profile)
[2026-07-23 09:20:32] [PRE] Killed PID 13512 (matches our profile)
[2026-07-23 09:20:32] [PRE] Killed PID 15016 (matches our profile)
[2026-07-23 09:20:32] [PRE] Killed PID 18712 (matches our profile)
[2026-07-23 09:20:32] [PRE] Killed PID 19932 (matches our profile)
[2026-07-23 09:20:32] [PRE] Killed PID 21756 (matches our profile)
[2026-07-23 09:20:32] [PRE] Killed PID 24336 (matches our profile)
[2026-07-23 09:20:32] [PRE] Killed 12 matching process(es). Waiting 3s...
[2026-07-23 09:20:35] [PRE] Done.
[2026-07-23 09:20:35] [1/10] User Data: C:\ChromeBot
[2026-07-23 09:20:35] [1/10] Profile : Default
[2026-07-23 09:20:35] [1/10] Page    : Paradise 777 Slots
[2026-07-23 09:20:35] [1/10] Video   : C:\Users\Asus\Downloads\New Dev\FB_Empire_AutoBot_V9.1_Fixed (14)\app\downloads\Paradise 777 Slots\edited_videos\[EDITED]_g88kBhiN4pY_Different Resolution Comparison!.mp4
[2026-07-23 09:20:35] [2/10] Launching Chrome...
[2026-07-23 09:20:36] [3/10] ✅ Chrome launched!
[2026-07-23 09:20:36] [4/10] WARM-UP: 19s...
[2026-07-23 09:20:53] [-] WARM-UP: Message: invalid session id: session deleted as the browser has closed the connection
from disconnected: not connected to DevTools
  (Session info: chrome=150.0.7871.130)
Stacktrace:
	chromedriver!GetHandleVerifier [0x7ff6aba63ff5+5ba375]
	chromedriver!GetHandleVerifier [0x7ff6ab4bf0a0+15420]
	chromedriver!(No symbol) [0x7ff6aaff5b8d]
	chromedriver!(No symbol) [0x7ff6aafe1362]
	chromedriver!(No symbol) [0x7ff6ab0072b6]
	chromedriver!(No symbol) [0x7ff6ab080f90]
	chromedriver!(No symbol) [0x7ff6ab09e172]
	chromedriver!(No symbol) [0x7ff6ab0430cc]
	chromedriver!(No symbol) [0x7ff6ab043fe3]
	chromedriver!GetHandleVerifier [0x7ff6aba90d81+5e7101]
	chromedriver!GetHandleVerifier [0x7ff6aba8b0ea+5e146a]
	chromedriver!GetHandleVerifier [0x7ff6abab0a15+606d95]
	chromedriver!GetHandleVerifier [0x7ff6ab4dca1e+32d9e]
	chromedriver!GetHandleVerifier [0x7ff6ab4e520c+3b58c]
	chromedriver!GetHandleVerifier [0x7ff6ab4c92b4+1f634]
	chromedriver!GetHandleVerifier [0x7ff6ab4c9444+1f7c4]
	chromedriver!GetHandleVerifier [0x7ff6ab4abf67+22e7]
	KERNEL32!BaseThreadInitThunk [0x7ff86f0ee957+17]
	ntdll!RtlUserThreadStart [0x7ff86f68ad6c+2c]

[2026-07-23 09:20:53] [5/10] Opening Business Suite...
[2026-07-23 09:20:53] [-] Business Suite: Message: invalid session id
Stacktrace:
	chromedriver!GetHandleVerifier [0x7ff6aba63ff5+5ba375]
	chromedriver!GetHandleVerifier [0x7ff6ab4bf0a0+15420]
	chromedriver!(No symbol) [0x7ff6aaff5976]
	chromedriver!(No symbol) [0x7ff6ab042136]
	chromedriver!(No symbol) [0x7ff6ab079352]
	chromedriver!(No symbol) [0x7ff6ab073172]
	chromedriver!(No symbol) [0x7ff6ab072933]
	chromedriver!(No symbol) [0x7ff6aafbe07b]
	chromedriver!(No symbol) [0x7ff6aafbe6d2]
	chromedriver!(No symbol) [0x7ff6aafbec95]
	chromedriver!GetHandleVerifier [0x7ff6aba90d81+5e7101]
	chromedriver!GetHandleVerifier [0x7ff6aba8b0ea+5e146a]
	chromedriver!GetHandleVerifier [0x7ff6abab0a15+606d95]
	chromedriver!GetHandleVerifier [0x7ff6ab4dca1e+32d9e]
	chromedriver!GetHandleVerifier [0x7ff6ab4e520c+3b58c]
	chromedriver!(No symbol) [0x7ff6aafbd5fc]
	chromedriver!GetHandleVerifier [0x7ff6abc52eb8+7a9238]
	KERNEL32!BaseThreadInitThunk [0x7ff86f0ee957+17]
	ntdll!RtlUserThreadStart [0x7ff86f68ad6c+2c]

[2026-07-23 09:20:55] ==================================================
[2026-07-23 09:20:55] UPLOAD BOT | PAGE: Paradise 777 Slots
[2026-07-23 09:20:55] ==================================================
[2026-07-23 09:20:55] [PRE] ChromeDriver: C:\Users\Asus\Downloads\New Dev\FB_Empire_AutoBot_V9.1_Fixed (14)\app\chromedriver.exe
[2026-07-23 09:20:55] [PRE] Killing ONLY our Chrome profile...
[2026-07-23 09:20:55] [PRE] Target profile path: c:\chromebot
[2026-07-23 09:20:55] [PRE] No matching Chrome found. Other Chrome windows are safe!
[2026-07-23 09:20:56] [PRE] Done.
[2026-07-23 09:20:56] [1/10] User Data: C:\ChromeBot
[2026-07-23 09:20:56] [1/10] Profile : Default
[2026-07-23 09:20:56] [1/10] Page    : Paradise 777 Slots
[2026-07-23 09:20:56] [1/10] Video   : C:\Users\Asus\Downloads\New Dev\FB_Empire_AutoBot_V9.1_Fixed (14)\app\downloads\Paradise 777 Slots\edited_videos\[EDITED]_FastLane Jackpot.mp4
[2026-07-23 09:20:56] [2/10] Launching Chrome...
[2026-07-23 09:20:57] [3/10] ✅ Chrome launched!
[2026-07-23 09:20:57] [4/10] WARM-UP: 45s...
[2026-07-23 09:20:58] [*] Browser closed.
[2026-07-23 09:21:51] [4/10] WARM-UP done.
[2026-07-23 09:21:51] [5/10] Opening Business Suite...
[2026-07-23 09:22:08] [5/10] Landed: https://business.facebook.com/latest/home?asset_id=112817768390868&ir_qe_exposed=1
[2026-07-23 09:22:08] [6/10] Clicking 'Create Post'...
[2026-07-23 09:22:11] [✓] Create Post clicked!
[2026-07-23 09:22:18] [7/10] Composer opened.
[2026-07-23 09:22:18] [8/10] Attaching video via OS dialog...
[2026-07-23 09:22:18] [8a] Video path: C:\Users\Asus\Downloads\New Dev\FB_Empire_AutoBot_V9.1_Fixed (14)\app\downloads\Paradise 777 Slots\edited_videos\[EDITED]_FastLane Jackpot.mp4
[2026-07-23 09:22:18] [8b] Finding 'Add photo/video' button...
[2026-07-23 09:22:18] [8b] Total buttons: 19
[2026-07-23 09:22:18] [✓] Found button!
[2026-07-23 09:22:19] [8c] Clicking button (opens OS dialog)...
[2026-07-23 09:22:19] [-] Click: Message: invalid session id: session deleted as the browser has closed the connection
from disconnected: not connected to DevTools
  (Session info: chrome=150.0.7871.130)
Stacktrace:
	chromedriver!GetHandleVerifier [0x7ff6aba63ff5+5ba375]
	chromedriver!GetHandleVerifier [0x7ff6ab4bf0a0+15420]
	chromedriver!(No symbol) [0x7ff6aaff5b8d]
	chromedriver!(No symbol) [0x7ff6aafe1362]
	chromedriver!(No symbol) [0x7ff6ab0072b6]
	chromedriver!(No symbol) [0x7ff6ab080f90]
	chromedriver!(No symbol) [0x7ff6ab09e172]
	chromedriver!(No symbol) [0x7ff6ab0430cc]
	chromedriver!(No symbol) [0x7ff6ab043fe3]
	chromedriver!GetHandleVerifier [0x7ff6aba90d81+5e7101]
	chromedriver!GetHandleVerifier [0x7ff6aba8b0ea+5e146a]
	chromedriver!GetHandleVerifier [0x7ff6abab0a15+606d95]
	chromedriver!GetHandleVerifier [0x7ff6ab4dca1e+32d9e]
	chromedriver!GetHandleVerifier [0x7ff6ab4e520c+3b58c]
	chromedriver!GetHandleVerifier [0x7ff6ab4c92b4+1f634]
	chromedriver!GetHandleVerifier [0x7ff6ab4c9444+1f7c4]
	chromedriver!GetHandleVerifier [0x7ff6ab4abf67+22e7]
	KERNEL32!BaseThreadInitThunk [0x7ff86f0ee957+17]
	ntdll!RtlUserThreadStart [0x7ff86f68ad6c+2c]

[2026-07-23 09:22:24] [*] Browser closed.
[2026-07-23 09:38:30] ==================================================
[2026-07-23 09:38:30] UPLOAD BOT | PAGE: Paradise 777 Slots
[2026-07-23 09:38:30] ==================================================
[2026-07-23 09:38:30] [PRE] ChromeDriver: C:\Users\Asus\Downloads\New Dev\FB_Empire_AutoBot_V9.1_Fixed (14)\app\chromedriver.exe
[2026-07-23 09:38:30] [PRE] Killing ONLY our Chrome profile...
[2026-07-23 09:38:30] [PRE] Target profile path: c:\chromebot
[2026-07-23 09:38:30] [PRE] Killed PID 5564 (matches our profile)
[2026-07-23 09:38:30] [PRE] Killed PID 7896 (matches our profile)
[2026-07-23 09:38:30] [PRE] Killed PID 15844 (matches our profile)
[2026-07-23 09:38:30] [PRE] Killed PID 16340 (matches our profile)
[2026-07-23 09:38:30] [PRE] Killed PID 17532 (matches our profile)
[2026-07-23 09:38:30] [PRE] Killed PID 18056 (matches our profile)
[2026-07-23 09:38:30] [PRE] Killed PID 18520 (matches our profile)
[2026-07-23 09:38:30] [PRE] Killed PID 25892 (matches our profile)
[2026-07-23 09:38:30] [PRE] Killed PID 27780 (matches our profile)
[2026-07-23 09:38:30] [PRE] Killed PID 28552 (matches our profile)
[2026-07-23 09:38:30] [PRE] Killed 10 matching process(es). Waiting 3s...
[2026-07-23 09:38:33] [PRE] Done.
[2026-07-23 09:38:33] [1/10] User Data: C:\ChromeBot
[2026-07-23 09:38:33] [1/10] Profile : Default
[2026-07-23 09:38:33] [1/10] Page    : Paradise 777 Slots
[2026-07-23 09:38:33] [1/10] Video   : C:\Users\Asus\Downloads\New Dev\FB_Empire_AutoBot_V9.1_Fixed (14)\app\downloads\Paradise 777 Slots\edited_videos\[EDITED]_FastLane Jackpot.mp4
[2026-07-23 09:38:33] [2/10] Launching Chrome...
[2026-07-23 09:38:34] [3/10] ✅ Chrome launched!
[2026-07-23 09:38:34] ==================================================
[2026-07-23 09:38:34] [4/10] 🧑 HUMAN-LIKE WARMUP MODE
[2026-07-23 09:38:34] ==================================================
[2026-07-23 09:38:34] [4/10] Warmup duration: 16s
[2026-07-23 09:38:34] [4a] Loading Facebook.com...
[2026-07-23 09:38:42] [4/10] 16s left | Activity: scroll_feed
[2026-07-23 09:38:48] [4/10] 10s left | Activity: scroll_up_review
[2026-07-23 09:38:52] [4/10] 6s left | Activity: scroll_feed
[2026-07-23 09:38:57] [4/10] 0s left | Activity: open_post
[2026-07-23 09:38:57] [*] Trying to open a post...
[2026-07-23 09:39:06] [*] Post viewing done
[2026-07-23 09:39:09] [4/10] ✅ WARMUP done!
[2026-07-23 09:39:09] ==================================================
[2026-07-23 09:39:09] [4b/10] 🔄 PAGE SWITCHER MODE
[2026-07-23 09:39:09] [4b/10] Target page: 'Paradise 777 Slots'
[2026-07-23 09:39:09] ==================================================
[2026-07-23 09:39:09] [4b] Current profile: 'Your profile'
[2026-07-23 09:39:09] [4b] Clicking profile switcher (top-right)...
[2026-07-23 09:39:09] [✓] Profile switcher clicked!
[2026-07-23 09:39:12] [4b] Looking for 'Paradise 777 Slots' in menu...
[2026-07-23 09:39:12] [✓] Clicked 'Paradise 777 Slots' in menu!
[2026-07-23 09:39:17] [4b] Verifying page switch...
[2026-07-23 09:39:19] [*] Attempt 1: Current='Your profile', Expected='Paradise 777 Slots'
[2026-07-23 09:39:21] [*] Attempt 2: Current='Your profile', Expected='Paradise 777 Slots'
[2026-07-23 09:39:23] [*] Attempt 3: Current='Your profile', Expected='Paradise 777 Slots'
[2026-07-23 09:39:25] [*] Attempt 4: Current='Your profile', Expected='Paradise 777 Slots'
[2026-07-23 09:39:27] [*] Attempt 5: Current='Your profile', Expected='Paradise 777 Slots'
[2026-07-23 09:39:27] [!] Verification uncertain. Continuing anyway...
[2026-07-23 09:39:27] [5/10] Opening Business Suite...
[2026-07-23 09:39:40] [5/10] Landed: https://business.facebook.com/latest/home?asset_id=104857458997914&business_id=884449073586608&ir_qe_exposed=1
[2026-07-23 09:39:40] [6/10] Clicking 'Create Post'...
[2026-07-23 09:39:43] [✓] Create Post clicked!
[2026-07-23 09:39:50] [7/10] Composer opened.
[2026-07-23 09:39:50] [8/10] Attaching video via OS dialog...
[2026-07-23 09:39:50] [8a] Video path: C:\Users\Asus\Downloads\New Dev\FB_Empire_AutoBot_V9.1_Fixed (14)\app\downloads\Paradise 777 Slots\edited_videos\[EDITED]_FastLane Jackpot.mp4
[2026-07-23 09:39:50] [8b] Finding 'Add photo/video' button...
[2026-07-23 09:39:50] [8b] Total buttons: 19
[2026-07-23 09:39:50] [✓] Found button!
[2026-07-23 09:39:51] [8c] Clicking button (opens OS dialog)...
[2026-07-23 09:39:52] [✓] Button clicked!
[2026-07-23 09:39:52] [8d] Waiting 3s for OS dialog...
[2026-07-23 09:39:55] [8e] Typing file path in OS dialog...
[2026-07-23 09:39:57] [✓] ✅ Path pasted + Enter pressed!
[2026-07-23 09:40:02] [✓] ✅ File selected in dialog!
[2026-07-23 09:40:02] [8/10] Video attached. Waiting 5s...
[2026-07-23 09:40:07] [9/10] Filling caption...
[2026-07-23 09:40:07] [9a] Finding caption box...
[2026-07-23 09:40:12] [✓] Caption typed!
[2026-07-23 09:40:16] [10/10] Schedule: 'NOW'
[2026-07-23 09:40:16] [10/10] Handling composer state...
[2026-07-23 09:40:19] [10b] Waiting for video upload complete...
[2026-07-23 09:40:25] [✓] ✅ Upload complete!
[2026-07-23 09:40:31] 
[10c] Transition 1: 'create'
[2026-07-23 09:40:31] [*] Finding SMART 'Next' button...
[2026-07-23 09:40:32] [✓] 'Next' clicked!
[2026-07-23 09:40:34] [✓] Screen changed: 'create' → 'edit'
[2026-07-23 09:40:39] 
[10c] Transition 2: 'edit'
[2026-07-23 09:40:39] [*] Finding SMART 'Next' button...
[2026-07-23 09:40:41] [✓] 'Next' clicked!
[2026-07-23 09:40:43] [✓] Screen changed: 'edit' → 'share'
[2026-07-23 09:40:48] 
[10c] Transition 3: 'share'
[2026-07-23 09:40:48] [10d] On SHARE!
[2026-07-23 09:40:54] [*] Finding SMART 'Share' button...
[2026-07-23 09:40:56] [✓] 'Share' clicked!
[2026-07-23 09:40:56] [✓] ✅ SHARE CLICKED!
[2026-07-23 09:40:58] [10f] Waiting for Boost popup...
[2026-07-23 09:40:58] [⏳] Waiting for 'Boost your post' popup...
[2026-07-23 09:41:08] [⏳] 10s | Waiting for popup...
[2026-07-23 09:41:19] [⏳] 20s | Waiting for popup...
[2026-07-23 09:41:29] [✓] ✅ BOOST POPUP DETECTED after 30s!
[2026-07-23 09:41:31] [✓] ✅ Popup CLOSED!
[2026-07-23 09:41:34] [✓] ✅✅ POST PUBLISHED SUCCESSFULLY!
[2026-07-23 09:41:34] [*] Closing browser in 3 seconds...
[2026-07-23 09:41:42] [*] Browser closed.
[2026-07-24 01:38:13] ==================================================
[2026-07-24 01:38:13] UPLOAD BOT | PAGE: Paradise 777 Slots
[2026-07-24 01:38:13] ==================================================
[2026-07-24 01:38:13] [PRE] ChromeDriver: C:\Users\Asus\Downloads\New Dev\FB_Empire_AutoBot_V9.1_Fixed (14)\FB Empire Auto Bot Final Version\chromedriver.exe
[2026-07-24 01:38:13] [PRE] Killing ONLY our Chrome profile...
[2026-07-24 01:38:13] [PRE] Target profile path: c:\chromebot
[2026-07-24 01:38:13] [PRE] No matching Chrome found. Other Chrome windows are safe!
[2026-07-24 01:38:15] [PRE] Done.
[2026-07-24 01:38:15] [1/10] User Data: C:\ChromeBot
[2026-07-24 01:38:15] [1/10] Profile : Default
[2026-07-24 01:38:15] [1/10] Page    : Paradise 777 Slots
[2026-07-24 01:38:15] [1/10] Video   : C:\Users\Asus\Downloads\New Dev\FB_Empire_AutoBot_V9.1_Fixed (14)\FB Empire Auto Bot Final Version\downloads\Paradise 777 Slots\edited_videos\[EDITED]_FastLane Jackpot.mp4
[2026-07-24 01:38:15] [2/10] Launching Chrome...
[2026-07-24 01:38:16] [3/10] ✅ Chrome launched!
[2026-07-24 01:38:16] ==================================================
[2026-07-24 01:38:16] [4/10] 🧑 HUMAN-LIKE WARMUP MODE
[2026-07-24 01:38:16] ==================================================
[2026-07-24 01:38:16] [4/10] Warmup duration: 29s
[2026-07-24 01:38:16] [4a] Loading Facebook.com...
[2026-07-24 01:38:25] [4/10] 29s left | Activity: scroll_feed
[2026-07-24 01:38:31] [4/10] 22s left | Activity: scroll_up_review
[2026-07-24 01:38:35] [4/10] 19s left | Activity: scroll_up_review
[2026-07-24 01:38:38] [4/10] 15s left | Activity: scroll_feed
[2026-07-24 01:38:43] [4/10] 11s left | Activity: scroll_feed
[2026-07-24 01:38:48] [4/10] 6s left | Activity: scroll_up_review
[2026-07-24 01:38:52] [4/10] 2s left | Activity: scroll_feed
[2026-07-24 01:38:59] [4/10] ✅ WARMUP done!
[2026-07-24 01:38:59] ==================================================
[2026-07-24 01:38:59] [4b/10] 🔄 PAGE SWITCHER MODE
[2026-07-24 01:38:59] [4b/10] Target page: 'Paradise 777 Slots'
[2026-07-24 01:38:59] ==================================================
[2026-07-24 01:38:59] [4b] Current profile: 'Your profile'
[2026-07-24 01:38:59] [4b] Clicking profile switcher (top-right)...
[2026-07-24 01:38:59] [✓] Profile switcher clicked!
[2026-07-24 01:39:02] [4b] Looking for 'Paradise 777 Slots' in menu...
[2026-07-24 01:39:02] [✓] Clicked 'Paradise 777 Slots' in menu!
[2026-07-24 01:39:07] [4b] Verifying page switch...
[2026-07-24 01:39:09] [*] Attempt 1: Current='Your profile', Expected='Paradise 777 Slots'
[2026-07-24 01:39:11] [*] Attempt 2: Current='Your profile', Expected='Paradise 777 Slots'
[2026-07-24 01:39:13] [*] Attempt 3: Current='Your profile', Expected='Paradise 777 Slots'
[2026-07-24 01:39:15] [*] Attempt 4: Current='Your profile', Expected='Paradise 777 Slots'
[2026-07-24 01:39:17] [*] Attempt 5: Current='Your profile', Expected='Paradise 777 Slots'
[2026-07-24 01:39:17] [!] Verification uncertain. Continuing anyway...
[2026-07-24 01:39:17] [5/10] Opening Business Suite...
[2026-07-24 01:39:29] [5/10] Landed: https://business.facebook.com/latest/home?asset_id=104857458997914&business_id=884449073586608&ir_qe_exposed=1
[2026-07-24 01:39:29] [6/10] Clicking 'Create Post'...
[2026-07-24 01:39:32] [-] Create Post not found!
[2026-07-24 01:39:37] [*] Browser closed.
[03:08:44] ====================================================
[03:08:44] 🤖 HYBRID UPLOADER V4.0
[03:08:44] 📁 Page  : Paradise 777 Slots
[03:08:44] 🎬 Video : [EDITED]_FastLane Jackpot.mp4
[03:08:44] 📅 Sched : NOW
[03:08:44] ====================================================
[03:08:44] [PRE] Killing Chrome...
[03:08:44] [PRE] Target: c:\chromebot
[03:08:44] [PRE] No matching Chrome. Other windows are safe!
[03:08:45] [1/9] Launching stealth Chrome...
[03:08:48] [-] FATAL: SessionNotCreatedException: Message: session not created: cannot connect to chrome at 127.0.0.1:59960
from session not created: This version of ChromeDriver only supports Chrome version 151
Current browser version is 150.0.7871.187
Stacktrace:
	undetected_chromedriver!GetHandleVerifier [0xfdd993+fca3]
	undetected_chromedriver!GetHandleVerifier [0xfdd9d4+fce4]
	undetected_chromedriver!(No symbol) [0xdb9240]
	undetected_chromedriver!(No symbol) [0xdf5c12]
	undetected_chromedriver!(No symbol) [0xdf4c3c]
	undetected_chromedriver!(No symbol) [0xdeae85]
	undetected_chromedriver!(No symbol) [0xdeaca6]
	undetected_chromedriver!(No symbol) [0xe3190f]
	undetected_chromedriver!(No symbol) [0xe31127]
	undetected_chromedriver!(No symbol) [0xe25626]
	undetected_chromedriver!(No symbol) [0xdf87f9]
	undetected_chromedriver!(No symbol) [0xdf95c4]
	undetected_chromedriver!GetHandleVerifier [0x12689ea+29acfa]
	undetected_chromedriver!GetHandleVerifier [0x1263e59+296169]
	undetected_chromedriver!GetHandleVerifier [0x100900e+3b31e]
	undetected_chromedriver!GetHandleVerifier [0xff83c6+2a6d6]
	undetected_chromedriver!GetHandleVerifier [0xfff16d+3147d]
	undetected_chromedriver!GetHandleVerifier [0xfe6938+18c48]
	undetected_chromedriver!GetHandleVerifier [0xfe6ae5+18df5]
	undetected_chromedriver!GetHandleVerifier [0xfcfb4f+1e5f]
	KERNEL32!BaseThreadInitThunk [0x75215d49+19]
	ntdll!RtlInitializeExceptionChain [0x7749e00b+6b]
	ntdll!RtlGetAppContainerNamedObjectPath [0x7749df91+231]

[03:14:01] ====================================================
[03:14:01] 🤖 HYBRID UPLOADER V4.0
[03:14:01] 📁 Page  : Paradise 777 Slots
[03:14:01] 🎬 Video : [EDITED]_FastLane Jackpot.mp4
[03:14:01] 📅 Sched : NOW
[03:14:01] ====================================================
[03:14:01] [PRE] Killing Chrome...
[03:14:01] [PRE] Target: c:\chromebot
[03:14:01] [PRE] No matching Chrome. Other windows are safe!
[03:14:02] [1/9] Launching stealth Chrome...
[03:14:08] [1/9] ✅ Chrome launched!
[03:14:08] [2/9] Loading Facebook...
[03:14:14] [NAV] → https://www.facebook.com
[03:14:19] [2/9] ✅ Logged in!
[03:14:19] [3/9] Human warmup...
[03:14:48] [4/9] Business Suite...
[03:14:53] [NAV] → https://business.facebook.com/latest/home
[03:15:01] [4/9] ✅ Business Suite!
[03:15:01] [PAGE] Switching to: 'Paradise 777 Slots'
[03:15:01] [PAGE] Current: 'Unknown'
[03:15:09] [PAGE] Switcher not found!
[03:15:14] [5/9] Finding Create Post...
[03:15:14] [5/9] S1 error: Message: javascript error: missing ) after argument list
  (Session info: chrome=150.0.7871.187)
Stacktrace:
	undetected_chromedriver!GetHandleVerifier [0x1025843+10883]
	undetected_chromedriver!GetHandleVerifier [0x1025884+108c4]
	undetected_chromedriver!(No symbol) [0xe290e0]
	undetected_chromedriver!(No symbol) [0xe2fe45]
	undetected_chromedriver!(No symbol) [0xe3213d]
	undetected_chromedriver!(No symbol) [0xeb3ef6]
	undetected_chromedriver!(No symbol) [0xe9566c]
	undetected_chromedriver!(No symbol) [0xeb31aa]
	undetected_chromedriver!(No symbol) [0xe95406]
	undetected_chromedriver!(No symbol) [0xe68659]
	undetected_chromedriver!(No symbol) [0xe69424]
	undetected_chromedriver!GetHandleVerifier [0x12bced6+2a7f16]
	undetected_chromedriver!GetHandleVerifier [0x12b847b+2a34bb]
	undetected_chromedriver!GetHandleVerifier [0x12d94eb+2c452b]
	undetected_chromedriver!GetHandleVerifier [0x103f566+2a5a6]
	undetected_chromedriver!GetHandleVerifier [0x104620d+3124d]
	undetected_chromedriver!GetHandleVerifier [0x102e318+19358]
	undetected_chromedriver!GetHandleVerifier [0x102e4c5+19505]
	undetected_chromedriver!GetHandleVerifier [0x10170af+20ef]
	KERNEL32!BaseThreadInitThunk [0x75215d49+19]
	ntdll!RtlInitializeExceptionChain [0x7749e00b+6b]
	ntdll!RtlGetAppContainerNamedObjectPath [0x7749df91+231]

[03:15:14] [5/9] Strategy 2: aria-label...
[03:15:14] [5/9] Strategy 3: input box...
[03:15:14] [5/9] S3 error: Message: javascript error: missing ) after argument list
  (Session info: chrome=150.0.7871.187)
Stacktrace:
	undetected_chromedriver!GetHandleVerifier [0x1025843+10883]
	undetected_chromedriver!GetHandleVerifier [0x1025884+108c4]
	undetected_chromedriver!(No symbol) [0xe290e0]
	undetected_chromedriver!(No symbol) [0xe2fe45]
	undetected_chromedriver!(No symbol) [0xe3213d]
	undetected_chromedriver!(No symbol) [0xeb3ef6]
	undetected_chromedriver!(No symbol) [0xe9566c]
	undetected_chromedriver!(No symbol) [0xeb31aa]
	undetected_chromedriver!(No symbol) [0xe95406]
	undetected_chromedriver!(No symbol) [0xe68659]
	undetected_chromedriver!(No symbol) [0xe69424]
	undetected_chromedriver!GetHandleVerifier [0x12bced6+2a7f16]
	undetected_chromedriver!GetHandleVerifier [0x12b847b+2a34bb]
	undetected_chromedriver!GetHandleVerifier [0x12d94eb+2c452b]
	undetected_chromedriver!GetHandleVerifier [0x103f566+2a5a6]
	undetected_chromedriver!GetHandleVerifier [0x104620d+3124d]
	undetected_chromedriver!GetHandleVerifier [0x102e318+19358]
	undetected_chromedriver!GetHandleVerifier [0x102e4c5+19505]
	undetected_chromedriver!GetHandleVerifier [0x10170af+20ef]
	KERNEL32!BaseThreadInitThunk [0x75215d49+19]
	ntdll!RtlInitializeExceptionChain [0x7749e00b+6b]
	ntdll!RtlGetAppContainerNamedObjectPath [0x7749df91+231]

[03:15:14] [5/9] ⚠️ All failed!
[03:15:15] [DBG] Screenshot: C:\Users\Asus\Downloads\New Dev\FB_Empire_AutoBot_V9.1_Fixed (14)\FB Empire Auto Bot Final Version\debug_create_post_fail_1784931314.png
[03:15:15] [5/9] Trying direct URL...
[03:15:20] [NAV] → https://business.facebook.com/latest/composer/post/
[03:15:30] [6/9] Attaching video...
[03:15:30] [6/9] File: [EDITED]_FastLane Jackpot.mp4
[03:15:51] [6/9] ✅ File via input!
[03:15:55] [7/9] Filling caption...
[03:16:15] [7/9] Error: Message: invalid session id
Stacktrace:
	undetected_chromedriver!GetHandleVerifier [0x1025843+10883]
	undetected_chromedriver!GetHandleVerifier [0x1025884+108c4]
	undetected_chromedriver!(No symbol) [0xe28f1e]
	undetected_chromedriver!(No symbol) [0xe678e7]
	undetected_chromedriver!(No symbol) [0xe95526]
	undetected_chromedriver!(No symbol) [0xe90762]
	undetected_chromedriver!(No symbol) [0xe90141]
	undetected_chromedriver!(No symbol) [0xdfc731]
	undetected_chromedriver!(No symbol) [0xdfccd3]
	undetected_chromedriver!(No symbol) [0xdfd18d]
	undetected_chromedriver!GetHandleVerifier [0x12bced6+2a7f16]
	undetected_chromedriver!GetHandleVerifier [0x12b847b+2a34bb]
	undetected_chromedriver!GetHandleVerifier [0x12d94eb+2c452b]
	undetected_chromedriver!GetHandleVerifier [0x103f566+2a5a6]
	undetected_chromedriver!GetHandleVerifier [0x104620d+3124d]
	undetected_chromedriver!(No symbol) [0xdfc3e0]
	undetected_chromedriver!(No symbol) [0xdfba92]
	undetected_chromedriver!GetHandleVerifier [0x141ec1f+409c5f]
	KERNEL32!BaseThreadInitThunk [0x75215d49+19]
	ntdll!RtlInitializeExceptionChain [0x7749e00b+6b]
	ntdll!RtlGetAppContainerNamedObjectPath [0x7749df91+231]

[03:16:15] [7/9] ⚠️ Caption box not found
[03:16:16] [8/9] Waiting for upload...
[03:16:22] [8/9] Poll error: Message: invalid session id
Stacktrace:
	undetected_chromedriver!GetHandleVerifier [0x1025843+10883]
	undetected_chromedriver!GetHandleVerifier [0x1025884+108c4]
	undetected_chromedriver!(No symbol) [0xe28f1e]
	undetected_chromedriver!(No symbol) [0xe678e7]
	undetected_chromedriver!(No symbol) [0xe95526]
	undetected_chromedriver!(No symbol) [0xe90762]
	undetected_chromedriver!(No symbol) [0xe90141]
	undetected_chromedriver!(No symbol) [0xdfc731]
	undetected_chromedriver!(No symbol) [0xdfccd3]
	undetected_chromedriver!(No symbol) [0xdfd18d]
	undetected_chromedriver!GetHandleVerifier [0x12bced6+2a7f16]
	undetected_chromedriver!GetHandleVerifier [0x12b847b+2a34bb]
	undetected_chromedriver!GetHandleVerifier [0x12d94eb+2c452b]
	undetected_chromedriver!GetHandleVerifier [0x103f566+2a5a6]
	undetected_chromedriver!GetHandleVerifier [0x104620d+3124d]
	undetected_chromedriver!(No symbol) [0xdfc3e0]
	undetected_chromedriver!(No symbol) [0xdfba92]
	undetected_chromedriver!GetHandleVerifier [0x141ec1f+409c5f]
	KERNEL32!BaseThreadInitThunk [0x75215d49+19]
	ntdll!RtlInitializeExceptionChain [0x7749e00b+6b]
	ntdll!RtlGetAppContainerNamedObjectPath [0x7749df91+231]

[03:16:27] [8/9] Poll error: Message: invalid session id
Stacktrace:
	undetected_chromedriver!GetHandleVerifier [0x1025843+10883]
	undetected_chromedriver!GetHandleVerifier [0x1025884+108c4]
	undetected_chromedriver!(No symbol) [0xe28f1e]
	undetected_chromedriver!(No symbol) [0xe678e7]
	undetected_chromedriver!(No symbol) [0xe95526]
	undetected_chromedriver!(No symbol) [0xe90762]
	undetected_chromedriver!(No symbol) [0xe90141]
	undetected_chromedriver!(No symbol) [0xdfc731]
	undetected_chromedriver!(No symbol) [0xdfccd3]
	undetected_chromedriver!(No symbol) [0xdfd18d]
	undetected_chromedriver!GetHandleVerifier [0x12bced6+2a7f16]
	undetected_chromedriver!GetHandleVerifier [0x12b847b+2a34bb]
	undetected_chromedriver!GetHandleVerifier [0x12d94eb+2c452b]
	undetected_chromedriver!GetHandleVerifier [0x103f566+2a5a6]
	undetected_chromedriver!GetHandleVerifier [0x104620d+3124d]
	undetected_chromedriver!(No symbol) [0xdfc3e0]
	undetected_chromedriver!(No symbol) [0xdfba92]
	undetected_chromedriver!GetHandleVerifier [0x141ec1f+409c5f]
	KERNEL32!BaseThreadInitThunk [0x75215d49+19]
	ntdll!RtlInitializeExceptionChain [0x7749e00b+6b]
	ntdll!RtlGetAppContainerNamedObjectPath [0x7749df91+231]

[03:16:32] [8/9] Poll error: Message: invalid session id
Stacktrace:
	undetected_chromedriver!GetHandleVerifier [0x1025843+10883]
	undetected_chromedriver!GetHandleVerifier [0x1025884+108c4]
	undetected_chromedriver!(No symbol) [0xe28f1e]
	undetected_chromedriver!(No symbol) [0xe678e7]
	undetected_chromedriver!(No symbol) [0xe95526]
	undetected_chromedriver!(No symbol) [0xe90762]
	undetected_chromedriver!(No symbol) [0xe90141]
	undetected_chromedriver!(No symbol) [0xdfc731]
	undetected_chromedriver!(No symbol) [0xdfccd3]
	undetected_chromedriver!(No symbol) [0xdfd18d]
	undetected_chromedriver!GetHandleVerifier [0x12bced6+2a7f16]
	undetected_chromedriver!GetHandleVerifier [0x12b847b+2a34bb]
	undetected_chromedriver!GetHandleVerifier [0x12d94eb+2c452b]
	undetected_chromedriver!GetHandleVerifier [0x103f566+2a5a6]
	undetected_chromedriver!GetHandleVerifier [0x104620d+3124d]
	undetected_chromedriver!(No symbol) [0xdfc3e0]
	undetected_chromedriver!(No symbol) [0xdfba92]
	undetected_chromedriver!GetHandleVerifier [0x141ec1f+409c5f]
	KERNEL32!BaseThreadInitThunk [0x75215d49+19]
	ntdll!RtlInitializeExceptionChain [0x7749e00b+6b]
	ntdll!RtlGetAppContainerNamedObjectPath [0x7749df91+231]

[03:16:37] [8/9] Poll error: Message: invalid session id
Stacktrace:
	undetected_chromedriver!GetHandleVerifier [0x1025843+10883]
	undetected_chromedriver!GetHandleVerifier [0x1025884+108c4]
	undetected_chromedriver!(No symbol) [0xe28f1e]
	undetected_chromedriver!(No symbol) [0xe678e7]
	undetected_chromedriver!(No symbol) [0xe95526]
	undetected_chromedriver!(No symbol) [0xe90762]
	undetected_chromedriver!(No symbol) [0xe90141]
	undetected_chromedriver!(No symbol) [0xdfc731]
	undetected_chromedriver!(No symbol) [0xdfccd3]
	undetected_chromedriver!(No symbol) [0xdfd18d]
	undetected_chromedriver!GetHandleVerifier [0x12bced6+2a7f16]
	undetected_chromedriver!GetHandleVerifier [0x12b847b+2a34bb]
	undetected_chromedriver!GetHandleVerifier [0x12d94eb+2c452b]
	undetected_chromedriver!GetHandleVerifier [0x103f566+2a5a6]
	undetected_chromedriver!GetHandleVerifier [0x104620d+3124d]
	undetected_chromedriver!(No symbol) [0xdfc3e0]
	undetected_chromedriver!(No symbol) [0xdfba92]
	undetected_chromedriver!GetHandleVerifier [0x141ec1f+409c5f]
	KERNEL32!BaseThreadInitThunk [0x75215d49+19]
	ntdll!RtlInitializeExceptionChain [0x7749e00b+6b]
	ntdll!RtlGetAppContainerNamedObjectPath [0x7749df91+231]

[03:16:43] [8/9] Poll error: Message: invalid session id
Stacktrace:
	undetected_chromedriver!GetHandleVerifier [0x1025843+10883]
	undetected_chromedriver!GetHandleVerifier [0x1025884+108c4]
	undetected_chromedriver!(No symbol) [0xe28f1e]
	undetected_chromedriver!(No symbol) [0xe678e7]
	undetected_chromedriver!(No symbol) [0xe95526]
	undetected_chromedriver!(No symbol) [0xe90762]
	undetected_chromedriver!(No symbol) [0xe90141]
	undetected_chromedriver!(No symbol) [0xdfc731]
	undetected_chromedriver!(No symbol) [0xdfccd3]
	undetected_chromedriver!(No symbol) [0xdfd18d]
	undetected_chromedriver!GetHandleVerifier [0x12bced6+2a7f16]
	undetected_chromedriver!GetHandleVerifier [0x12b847b+2a34bb]
	undetected_chromedriver!GetHandleVerifier [0x12d94eb+2c452b]
	undetected_chromedriver!GetHandleVerifier [0x103f566+2a5a6]
	undetected_chromedriver!GetHandleVerifier [0x104620d+3124d]
	undetected_chromedriver!(No symbol) [0xdfc3e0]
	undetected_chromedriver!(No symbol) [0xdfba92]
	undetected_chromedriver!GetHandleVerifier [0x141ec1f+409c5f]
	KERNEL32!BaseThreadInitThunk [0x75215d49+19]
	ntdll!RtlInitializeExceptionChain [0x7749e00b+6b]
	ntdll!RtlGetAppContainerNamedObjectPath [0x7749df91+231]

[03:16:48] [8/9] Poll error: Message: invalid session id
Stacktrace:
	undetected_chromedriver!GetHandleVerifier [0x1025843+10883]
	undetected_chromedriver!GetHandleVerifier [0x1025884+108c4]
	undetected_chromedriver!(No symbol) [0xe28f1e]
	undetected_chromedriver!(No symbol) [0xe678e7]
	undetected_chromedriver!(No symbol) [0xe95526]
	undetected_chromedriver!(No symbol) [0xe90762]
	undetected_chromedriver!(No symbol) [0xe90141]
	undetected_chromedriver!(No symbol) [0xdfc731]
	undetected_chromedriver!(No symbol) [0xdfccd3]
	undetected_chromedriver!(No symbol) [0xdfd18d]
	undetected_chromedriver!GetHandleVerifier [0x12bced6+2a7f16]
	undetected_chromedriver!GetHandleVerifier [0x12b847b+2a34bb]
	undetected_chromedriver!GetHandleVerifier [0x12d94eb+2c452b]
	undetected_chromedriver!GetHandleVerifier [0x103f566+2a5a6]
	undetected_chromedriver!GetHandleVerifier [0x104620d+3124d]
	undetected_chromedriver!(No symbol) [0xdfc3e0]
	undetected_chromedriver!(No symbol) [0xdfba92]
	undetected_chromedriver!GetHandleVerifier [0x141ec1f+409c5f]
	KERNEL32!BaseThreadInitThunk [0x75215d49+19]
	ntdll!RtlInitializeExceptionChain [0x7749e00b+6b]
	ntdll!RtlGetAppContainerNamedObjectPath [0x7749df91+231]

[03:16:53] [8/9] Uploading... 31s
[03:16:53] [8/9] Poll error: Message: invalid session id
Stacktrace:
	undetected_chromedriver!GetHandleVerifier [0x1025843+10883]
	undetected_chromedriver!GetHandleVerifier [0x1025884+108c4]
	undetected_chromedriver!(No symbol) [0xe28f1e]
	undetected_chromedriver!(No symbol) [0xe678e7]
	undetected_chromedriver!(No symbol) [0xe95526]
	undetected_chromedriver!(No symbol) [0xe90762]
	undetected_chromedriver!(No symbol) [0xe90141]
	undetected_chromedriver!(No symbol) [0xdfc731]
	undetected_chromedriver!(No symbol) [0xdfccd3]
	undetected_chromedriver!(No symbol) [0xdfd18d]
	undetected_chromedriver!GetHandleVerifier [0x12bced6+2a7f16]
	undetected_chromedriver!GetHandleVerifier [0x12b847b+2a34bb]
	undetected_chromedriver!GetHandleVerifier [0x12d94eb+2c452b]
	undetected_chromedriver!GetHandleVerifier [0x103f566+2a5a6]
	undetected_chromedriver!GetHandleVerifier [0x104620d+3124d]
	undetected_chromedriver!(No symbol) [0xdfc3e0]
	undetected_chromedriver!(No symbol) [0xdfba92]
	undetected_chromedriver!GetHandleVerifier [0x141ec1f+409c5f]
	KERNEL32!BaseThreadInitThunk [0x75215d49+19]
	ntdll!RtlInitializeExceptionChain [0x7749e00b+6b]
	ntdll!RtlGetAppContainerNamedObjectPath [0x7749df91+231]

[03:16:58] [8/9] Poll error: Message: invalid session id
Stacktrace:
	undetected_chromedriver!GetHandleVerifier [0x1025843+10883]
	undetected_chromedriver!GetHandleVerifier [0x1025884+108c4]
	undetected_chromedriver!(No symbol) [0xe28f1e]
	undetected_chromedriver!(No symbol) [0xe678e7]
	undetected_chromedriver!(No symbol) [0xe95526]
	undetected_chromedriver!(No symbol) [0xe90762]
	undetected_chromedriver!(No symbol) [0xe90141]
	undetected_chromedriver!(No symbol) [0xdfc731]
	undetected_chromedriver!(No symbol) [0xdfccd3]
	undetected_chromedriver!(No symbol) [0xdfd18d]
	undetected_chromedriver!GetHandleVerifier [0x12bced6+2a7f16]
	undetected_chromedriver!GetHandleVerifier [0x12b847b+2a34bb]
	undetected_chromedriver!GetHandleVerifier [0x12d94eb+2c452b]
	undetected_chromedriver!GetHandleVerifier [0x103f566+2a5a6]
	undetected_chromedriver!GetHandleVerifier [0x104620d+3124d]
	undetected_chromedriver!(No symbol) [0xdfc3e0]
	undetected_chromedriver!(No symbol) [0xdfba92]
	undetected_chromedriver!GetHandleVerifier [0x141ec1f+409c5f]
	KERNEL32!BaseThreadInitThunk [0x75215d49+19]
	ntdll!RtlInitializeExceptionChain [0x7749e00b+6b]
	ntdll!RtlGetAppContainerNamedObjectPath [0x7749df91+231]

[03:17:03] [8/9] Poll error: Message: invalid session id
Stacktrace:
	undetected_chromedriver!GetHandleVerifier [0x1025843+10883]
	undetected_chromedriver!GetHandleVerifier [0x1025884+108c4]
	undetected_chromedriver!(No symbol) [0xe28f1e]
	undetected_chromedriver!(No symbol) [0xe678e7]
	undetected_chromedriver!(No symbol) [0xe95526]
	undetected_chromedriver!(No symbol) [0xe90762]
	undetected_chromedriver!(No symbol) [0xe90141]
	undetected_chromedriver!(No symbol) [0xdfc731]
	undetected_chromedriver!(No symbol) [0xdfccd3]
	undetected_chromedriver!(No symbol) [0xdfd18d]
	undetected_chromedriver!GetHandleVerifier [0x12bced6+2a7f16]
	undetected_chromedriver!GetHandleVerifier [0x12b847b+2a34bb]
	undetected_chromedriver!GetHandleVerifier [0x12d94eb+2c452b]
	undetected_chromedriver!GetHandleVerifier [0x103f566+2a5a6]
	undetected_chromedriver!GetHandleVerifier [0x104620d+3124d]
	undetected_chromedriver!(No symbol) [0xdfc3e0]
	undetected_chromedriver!(No symbol) [0xdfba92]
	undetected_chromedriver!GetHandleVerifier [0x141ec1f+409c5f]
	KERNEL32!BaseThreadInitThunk [0x75215d49+19]
	ntdll!RtlInitializeExceptionChain [0x7749e00b+6b]
	ntdll!RtlGetAppContainerNamedObjectPath [0x7749df91+231]

[03:17:08] [8/9] Poll error: Message: invalid session id
Stacktrace:
	undetected_chromedriver!GetHandleVerifier [0x1025843+10883]
	undetected_chromedriver!GetHandleVerifier [0x1025884+108c4]
	undetected_chromedriver!(No symbol) [0xe28f1e]
	undetected_chromedriver!(No symbol) [0xe678e7]
	undetected_chromedriver!(No symbol) [0xe95526]
	undetected_chromedriver!(No symbol) [0xe90762]
	undetected_chromedriver!(No symbol) [0xe90141]
	undetected_chromedriver!(No symbol) [0xdfc731]
	undetected_chromedriver!(No symbol) [0xdfccd3]
	undetected_chromedriver!(No symbol) [0xdfd18d]
	undetected_chromedriver!GetHandleVerifier [0x12bced6+2a7f16]
	undetected_chromedriver!GetHandleVerifier [0x12b847b+2a34bb]
	undetected_chromedriver!GetHandleVerifier [0x12d94eb+2c452b]
	undetected_chromedriver!GetHandleVerifier [0x103f566+2a5a6]
	undetected_chromedriver!GetHandleVerifier [0x104620d+3124d]
	undetected_chromedriver!(No symbol) [0xdfc3e0]
	undetected_chromedriver!(No symbol) [0xdfba92]
	undetected_chromedriver!GetHandleVerifier [0x141ec1f+409c5f]
	KERNEL32!BaseThreadInitThunk [0x75215d49+19]
	ntdll!RtlInitializeExceptionChain [0x7749e00b+6b]
	ntdll!RtlGetAppContainerNamedObjectPath [0x7749df91+231]

[03:17:13] [8/9] Poll error: Message: invalid session id
Stacktrace:
	undetected_chromedriver!GetHandleVerifier [0x1025843+10883]
	undetected_chromedriver!GetHandleVerifier [0x1025884+108c4]
	undetected_chromedriver!(No symbol) [0xe28f1e]
	undetected_chromedriver!(No symbol) [0xe678e7]
	undetected_chromedriver!(No symbol) [0xe95526]
	undetected_chromedriver!(No symbol) [0xe90762]
	undetected_chromedriver!(No symbol) [0xe90141]
	undetected_chromedriver!(No symbol) [0xdfc731]
	undetected_chromedriver!(No symbol) [0xdfccd3]
	undetected_chromedriver!(No symbol) [0xdfd18d]
	undetected_chromedriver!GetHandleVerifier [0x12bced6+2a7f16]
	undetected_chromedriver!GetHandleVerifier [0x12b847b+2a34bb]
	undetected_chromedriver!GetHandleVerifier [0x12d94eb+2c452b]
	undetected_chromedriver!GetHandleVerifier [0x103f566+2a5a6]
	undetected_chromedriver!GetHandleVerifier [0x104620d+3124d]
	undetected_chromedriver!(No symbol) [0xdfc3e0]
	undetected_chromedriver!(No symbol) [0xdfba92]
	undetected_chromedriver!GetHandleVerifier [0x141ec1f+409c5f]
	KERNEL32!BaseThreadInitThunk [0x75215d49+19]
	ntdll!RtlInitializeExceptionChain [0x7749e00b+6b]
	ntdll!RtlGetAppContainerNamedObjectPath [0x7749df91+231]

[03:17:18] [8/9] Poll error: Message: invalid session id
Stacktrace:
	undetected_chromedriver!GetHandleVerifier [0x1025843+10883]
	undetected_chromedriver!GetHandleVerifier [0x1025884+108c4]
	undetected_chromedriver!(No symbol) [0xe28f1e]
	undetected_chromedriver!(No symbol) [0xe678e7]
	undetected_chromedriver!(No symbol) [0xe95526]
	undetected_chromedriver!(No symbol) [0xe90762]
	undetected_chromedriver!(No symbol) [0xe90141]
	undetected_chromedriver!(No symbol) [0xdfc731]
	undetected_chromedriver!(No symbol) [0xdfccd3]
	undetected_chromedriver!(No symbol) [0xdfd18d]
	undetected_chromedriver!GetHandleVerifier [0x12bced6+2a7f16]
	undetected_chromedriver!GetHandleVerifier [0x12b847b+2a34bb]
	undetected_chromedriver!GetHandleVerifier [0x12d94eb+2c452b]
	undetected_chromedriver!GetHandleVerifier [0x103f566+2a5a6]
	undetected_chromedriver!GetHandleVerifier [0x104620d+3124d]
	undetected_chromedriver!(No symbol) [0xdfc3e0]
	undetected_chromedriver!(No symbol) [0xdfba92]
	undetected_chromedriver!GetHandleVerifier [0x141ec1f+409c5f]
	KERNEL32!BaseThreadInitThunk [0x75215d49+19]
	ntdll!RtlInitializeExceptionChain [0x7749e00b+6b]
	ntdll!RtlGetAppContainerNamedObjectPath [0x7749df91+231]

[03:17:23] [8/9] Uploading... 61s
[03:17:23] [8/9] Poll error: Message: invalid session id
Stacktrace:
	undetected_chromedriver!GetHandleVerifier [0x1025843+10883]
	undetected_chromedriver!GetHandleVerifier [0x1025884+108c4]
	undetected_chromedriver!(No symbol) [0xe28f1e]
	undetected_chromedriver!(No symbol) [0xe678e7]
	undetected_chromedriver!(No symbol) [0xe95526]
	undetected_chromedriver!(No symbol) [0xe90762]
	undetected_chromedriver!(No symbol) [0xe90141]
	undetected_chromedriver!(No symbol) [0xdfc731]
	undetected_chromedriver!(No symbol) [0xdfccd3]
	undetected_chromedriver!(No symbol) [0xdfd18d]
	undetected_chromedriver!GetHandleVerifier [0x12bced6+2a7f16]
	undetected_chromedriver!GetHandleVerifier [0x12b847b+2a34bb]
	undetected_chromedriver!GetHandleVerifier [0x12d94eb+2c452b]
	undetected_chromedriver!GetHandleVerifier [0x103f566+2a5a6]
	undetected_chromedriver!GetHandleVerifier [0x104620d+3124d]
	undetected_chromedriver!(No symbol) [0xdfc3e0]
	undetected_chromedriver!(No symbol) [0xdfba92]
	undetected_chromedriver!GetHandleVerifier [0x141ec1f+409c5f]
	KERNEL32!BaseThreadInitThunk [0x75215d49+19]
	ntdll!RtlInitializeExceptionChain [0x7749e00b+6b]
	ntdll!RtlGetAppContainerNamedObjectPath [0x7749df91+231]

[03:17:28] [8/9] Poll error: Message: invalid session id
Stacktrace:
	undetected_chromedriver!GetHandleVerifier [0x1025843+10883]
	undetected_chromedriver!GetHandleVerifier [0x1025884+108c4]
	undetected_chromedriver!(No symbol) [0xe28f1e]
	undetected_chromedriver!(No symbol) [0xe678e7]
	undetected_chromedriver!(No symbol) [0xe95526]
	undetected_chromedriver!(No symbol) [0xe90762]
	undetected_chromedriver!(No symbol) [0xe90141]
	undetected_chromedriver!(No symbol) [0xdfc731]
	undetected_chromedriver!(No symbol) [0xdfccd3]
	undetected_chromedriver!(No symbol) [0xdfd18d]
	undetected_chromedriver!GetHandleVerifier [0x12bced6+2a7f16]
	undetected_chromedriver!GetHandleVerifier [0x12b847b+2a34bb]
	undetected_chromedriver!GetHandleVerifier [0x12d94eb+2c452b]
	undetected_chromedriver!GetHandleVerifier [0x103f566+2a5a6]
	undetected_chromedriver!GetHandleVerifier [0x104620d+3124d]
	undetected_chromedriver!(No symbol) [0xdfc3e0]
	undetected_chromedriver!(No symbol) [0xdfba92]
	undetected_chromedriver!GetHandleVerifier [0x141ec1f+409c5f]
	KERNEL32!BaseThreadInitThunk [0x75215d49+19]
	ntdll!RtlInitializeExceptionChain [0x7749e00b+6b]
	ntdll!RtlGetAppContainerNamedObjectPath [0x7749df91+231]

[03:17:33] [8/9] Poll error: Message: invalid session id
Stacktrace:
	undetected_chromedriver!GetHandleVerifier [0x1025843+10883]
	undetected_chromedriver!GetHandleVerifier [0x1025884+108c4]
	undetected_chromedriver!(No symbol) [0xe28f1e]
	undetected_chromedriver!(No symbol) [0xe678e7]
	undetected_chromedriver!(No symbol) [0xe95526]
	undetected_chromedriver!(No symbol) [0xe90762]
	undetected_chromedriver!(No symbol) [0xe90141]
	undetected_chromedriver!(No symbol) [0xdfc731]
	undetected_chromedriver!(No symbol) [0xdfccd3]
	undetected_chromedriver!(No symbol) [0xdfd18d]
	undetected_chromedriver!GetHandleVerifier [0x12bced6+2a7f16]
	undetected_chromedriver!GetHandleVerifier [0x12b847b+2a34bb]
	undetected_chromedriver!GetHandleVerifier [0x12d94eb+2c452b]
	undetected_chromedriver!GetHandleVerifier [0x103f566+2a5a6]
	undetected_chromedriver!GetHandleVerifier [0x104620d+3124d]
	undetected_chromedriver!(No symbol) [0xdfc3e0]
	undetected_chromedriver!(No symbol) [0xdfba92]
	undetected_chromedriver!GetHandleVerifier [0x141ec1f+409c5f]
	KERNEL32!BaseThreadInitThunk [0x75215d49+19]
	ntdll!RtlInitializeExceptionChain [0x7749e00b+6b]
	ntdll!RtlGetAppContainerNamedObjectPath [0x7749df91+231]

[03:17:38] [8/9] Poll error: Message: invalid session id
Stacktrace:
	undetected_chromedriver!GetHandleVerifier [0x1025843+10883]
	undetected_chromedriver!GetHandleVerifier [0x1025884+108c4]
	undetected_chromedriver!(No symbol) [0xe28f1e]
	undetected_chromedriver!(No symbol) [0xe678e7]
	undetected_chromedriver!(No symbol) [0xe95526]
	undetected_chromedriver!(No symbol) [0xe90762]
	undetected_chromedriver!(No symbol) [0xe90141]
	undetected_chromedriver!(No symbol) [0xdfc731]
	undetected_chromedriver!(No symbol) [0xdfccd3]
	undetected_chromedriver!(No symbol) [0xdfd18d]
	undetected_chromedriver!GetHandleVerifier [0x12bced6+2a7f16]
	undetected_chromedriver!GetHandleVerifier [0x12b847b+2a34bb]
	undetected_chromedriver!GetHandleVerifier [0x12d94eb+2c452b]
	undetected_chromedriver!GetHandleVerifier [0x103f566+2a5a6]
	undetected_chromedriver!GetHandleVerifier [0x104620d+3124d]
	undetected_chromedriver!(No symbol) [0xdfc3e0]
	undetected_chromedriver!(No symbol) [0xdfba92]
	undetected_chromedriver!GetHandleVerifier [0x141ec1f+409c5f]
	KERNEL32!BaseThreadInitThunk [0x75215d49+19]
	ntdll!RtlInitializeExceptionChain [0x7749e00b+6b]
	ntdll!RtlGetAppContainerNamedObjectPath [0x7749df91+231]

[03:17:43] [8/9] Poll error: Message: invalid session id
Stacktrace:
	undetected_chromedriver!GetHandleVerifier [0x1025843+10883]
	undetected_chromedriver!GetHandleVerifier [0x1025884+108c4]
	undetected_chromedriver!(No symbol) [0xe28f1e]
	undetected_chromedriver!(No symbol) [0xe678e7]
	undetected_chromedriver!(No symbol) [0xe95526]
	undetected_chromedriver!(No symbol) [0xe90762]
	undetected_chromedriver!(No symbol) [0xe90141]
	undetected_chromedriver!(No symbol) [0xdfc731]
	undetected_chromedriver!(No symbol) [0xdfccd3]
	undetected_chromedriver!(No symbol) [0xdfd18d]
	undetected_chromedriver!GetHandleVerifier [0x12bced6+2a7f16]
	undetected_chromedriver!GetHandleVerifier [0x12b847b+2a34bb]
	undetected_chromedriver!GetHandleVerifier [0x12d94eb+2c452b]
	undetected_chromedriver!GetHandleVerifier [0x103f566+2a5a6]
	undetected_chromedriver!GetHandleVerifier [0x104620d+3124d]
	undetected_chromedriver!(No symbol) [0xdfc3e0]
	undetected_chromedriver!(No symbol) [0xdfba92]
	undetected_chromedriver!GetHandleVerifier [0x141ec1f+409c5f]
	KERNEL32!BaseThreadInitThunk [0x75215d49+19]
	ntdll!RtlInitializeExceptionChain [0x7749e00b+6b]
	ntdll!RtlGetAppContainerNamedObjectPath [0x7749df91+231]

[03:17:48] [8/9] Poll error: Message: invalid session id
Stacktrace:
	undetected_chromedriver!GetHandleVerifier [0x1025843+10883]
	undetected_chromedriver!GetHandleVerifier [0x1025884+108c4]
	undetected_chromedriver!(No symbol) [0xe28f1e]
	undetected_chromedriver!(No symbol) [0xe678e7]
	undetected_chromedriver!(No symbol) [0xe95526]
	undetected_chromedriver!(No symbol) [0xe90762]
	undetected_chromedriver!(No symbol) [0xe90141]
	undetected_chromedriver!(No symbol) [0xdfc731]
	undetected_chromedriver!(No symbol) [0xdfccd3]
	undetected_chromedriver!(No symbol) [0xdfd18d]
	undetected_chromedriver!GetHandleVerifier [0x12bced6+2a7f16]
	undetected_chromedriver!GetHandleVerifier [0x12b847b+2a34bb]
	undetected_chromedriver!GetHandleVerifier [0x12d94eb+2c452b]
	undetected_chromedriver!GetHandleVerifier [0x103f566+2a5a6]
	undetected_chromedriver!GetHandleVerifier [0x104620d+3124d]
	undetected_chromedriver!(No symbol) [0xdfc3e0]
	undetected_chromedriver!(No symbol) [0xdfba92]
	undetected_chromedriver!GetHandleVerifier [0x141ec1f+409c5f]
	KERNEL32!BaseThreadInitThunk [0x75215d49+19]
	ntdll!RtlInitializeExceptionChain [0x7749e00b+6b]
	ntdll!RtlGetAppContainerNamedObjectPath [0x7749df91+231]

[03:17:53] [8/9] Uploading... 91s
[03:17:53] [8/9] Poll error: Message: invalid session id
Stacktrace:
	undetected_chromedriver!GetHandleVerifier [0x1025843+10883]
	undetected_chromedriver!GetHandleVerifier [0x1025884+108c4]
	undetected_chromedriver!(No symbol) [0xe28f1e]
	undetected_chromedriver!(No symbol) [0xe678e7]
	undetected_chromedriver!(No symbol) [0xe95526]
	undetected_chromedriver!(No symbol) [0xe90762]
	undetected_chromedriver!(No symbol) [0xe90141]
	undetected_chromedriver!(No symbol) [0xdfc731]
	undetected_chromedriver!(No symbol) [0xdfccd3]
	undetected_chromedriver!(No symbol) [0xdfd18d]
	undetected_chromedriver!GetHandleVerifier [0x12bced6+2a7f16]
	undetected_chromedriver!GetHandleVerifier [0x12b847b+2a34bb]
	undetected_chromedriver!GetHandleVerifier [0x12d94eb+2c452b]
	undetected_chromedriver!GetHandleVerifier [0x103f566+2a5a6]
	undetected_chromedriver!GetHandleVerifier [0x104620d+3124d]
	undetected_chromedriver!(No symbol) [0xdfc3e0]
	undetected_chromedriver!(No symbol) [0xdfba92]
	undetected_chromedriver!GetHandleVerifier [0x141ec1f+409c5f]
	KERNEL32!BaseThreadInitThunk [0x75215d49+19]
	ntdll!RtlInitializeExceptionChain [0x7749e00b+6b]
	ntdll!RtlGetAppContainerNamedObjectPath [0x7749df91+231]

[03:17:58] [8/9] Poll error: Message: invalid session id
Stacktrace:
	undetected_chromedriver!GetHandleVerifier [0x1025843+10883]
	undetected_chromedriver!GetHandleVerifier [0x1025884+108c4]
	undetected_chromedriver!(No symbol) [0xe28f1e]
	undetected_chromedriver!(No symbol) [0xe678e7]
	undetected_chromedriver!(No symbol) [0xe95526]
	undetected_chromedriver!(No symbol) [0xe90762]
	undetected_chromedriver!(No symbol) [0xe90141]
	undetected_chromedriver!(No symbol) [0xdfc731]
	undetected_chromedriver!(No symbol) [0xdfccd3]
	undetected_chromedriver!(No symbol) [0xdfd18d]
	undetected_chromedriver!GetHandleVerifier [0x12bced6+2a7f16]
	undetected_chromedriver!GetHandleVerifier [0x12b847b+2a34bb]
	undetected_chromedriver!GetHandleVerifier [0x12d94eb+2c452b]
	undetected_chromedriver!GetHandleVerifier [0x103f566+2a5a6]
	undetected_chromedriver!GetHandleVerifier [0x104620d+3124d]
	undetected_chromedriver!(No symbol) [0xdfc3e0]
	undetected_chromedriver!(No symbol) [0xdfba92]
	undetected_chromedriver!GetHandleVerifier [0x141ec1f+409c5f]
	KERNEL32!BaseThreadInitThunk [0x75215d49+19]
	ntdll!RtlInitializeExceptionChain [0x7749e00b+6b]
	ntdll!RtlGetAppContainerNamedObjectPath [0x7749df91+231]

[03:18:03] [8/9] Poll error: Message: invalid session id
Stacktrace:
	undetected_chromedriver!GetHandleVerifier [0x1025843+10883]
	undetected_chromedriver!GetHandleVerifier [0x1025884+108c4]
	undetected_chromedriver!(No symbol) [0xe28f1e]
	undetected_chromedriver!(No symbol) [0xe678e7]
	undetected_chromedriver!(No symbol) [0xe95526]
	undetected_chromedriver!(No symbol) [0xe90762]
	undetected_chromedriver!(No symbol) [0xe90141]
	undetected_chromedriver!(No symbol) [0xdfc731]
	undetected_chromedriver!(No symbol) [0xdfccd3]
	undetected_chromedriver!(No symbol) [0xdfd18d]
	undetected_chromedriver!GetHandleVerifier [0x12bced6+2a7f16]
	undetected_chromedriver!GetHandleVerifier [0x12b847b+2a34bb]
	undetected_chromedriver!GetHandleVerifier [0x12d94eb+2c452b]
	undetected_chromedriver!GetHandleVerifier [0x103f566+2a5a6]
	undetected_chromedriver!GetHandleVerifier [0x104620d+3124d]
	undetected_chromedriver!(No symbol) [0xdfc3e0]
	undetected_chromedriver!(No symbol) [0xdfba92]
	undetected_chromedriver!GetHandleVerifier [0x141ec1f+409c5f]
	KERNEL32!BaseThreadInitThunk [0x75215d49+19]
	ntdll!RtlInitializeExceptionChain [0x7749e00b+6b]
	ntdll!RtlGetAppContainerNamedObjectPath [0x7749df91+231]

[03:18:08] [8/9] Poll error: Message: invalid session id
Stacktrace:
	undetected_chromedriver!GetHandleVerifier [0x1025843+10883]
	undetected_chromedriver!GetHandleVerifier [0x1025884+108c4]
	undetected_chromedriver!(No symbol) [0xe28f1e]
	undetected_chromedriver!(No symbol) [0xe678e7]
	undetected_chromedriver!(No symbol) [0xe95526]
	undetected_chromedriver!(No symbol) [0xe90762]
	undetected_chromedriver!(No symbol) [0xe90141]
	undetected_chromedriver!(No symbol) [0xdfc731]
	undetected_chromedriver!(No symbol) [0xdfccd3]
	undetected_chromedriver!(No symbol) [0xdfd18d]
	undetected_chromedriver!GetHandleVerifier [0x12bced6+2a7f16]
	undetected_chromedriver!GetHandleVerifier [0x12b847b+2a34bb]
	undetected_chromedriver!GetHandleVerifier [0x12d94eb+2c452b]
	undetected_chromedriver!GetHandleVerifier [0x103f566+2a5a6]
	undetected_chromedriver!GetHandleVerifier [0x104620d+3124d]
	undetected_chromedriver!(No symbol) [0xdfc3e0]
	undetected_chromedriver!(No symbol) [0xdfba92]
	undetected_chromedriver!GetHandleVerifier [0x141ec1f+409c5f]
	KERNEL32!BaseThreadInitThunk [0x75215d49+19]
	ntdll!RtlInitializeExceptionChain [0x7749e00b+6b]
	ntdll!RtlGetAppContainerNamedObjectPath [0x7749df91+231]

[03:18:13] [8/9] Poll error: Message: invalid session id
Stacktrace:
	undetected_chromedriver!GetHandleVerifier [0x1025843+10883]
	undetected_chromedriver!GetHandleVerifier [0x1025884+108c4]
	undetected_chromedriver!(No symbol) [0xe28f1e]
	undetected_chromedriver!(No symbol) [0xe678e7]
	undetected_chromedriver!(No symbol) [0xe95526]
	undetected_chromedriver!(No symbol) [0xe90762]
	undetected_chromedriver!(No symbol) [0xe90141]
	undetected_chromedriver!(No symbol) [0xdfc731]
	undetected_chromedriver!(No symbol) [0xdfccd3]
	undetected_chromedriver!(No symbol) [0xdfd18d]
	undetected_chromedriver!GetHandleVerifier [0x12bced6+2a7f16]
	undetected_chromedriver!GetHandleVerifier [0x12b847b+2a34bb]
	undetected_chromedriver!GetHandleVerifier [0x12d94eb+2c452b]
	undetected_chromedriver!GetHandleVerifier [0x103f566+2a5a6]
	undetected_chromedriver!GetHandleVerifier [0x104620d+3124d]
	undetected_chromedriver!(No symbol) [0xdfc3e0]
	undetected_chromedriver!(No symbol) [0xdfba92]
	undetected_chromedriver!GetHandleVerifier [0x141ec1f+409c5f]
	KERNEL32!BaseThreadInitThunk [0x75215d49+19]
	ntdll!RtlInitializeExceptionChain [0x7749e00b+6b]
	ntdll!RtlGetAppContainerNamedObjectPath [0x7749df91+231]

[03:18:18] [8/9] Poll error: Message: invalid session id
Stacktrace:
	undetected_chromedriver!GetHandleVerifier [0x1025843+10883]
	undetected_chromedriver!GetHandleVerifier [0x1025884+108c4]
	undetected_chromedriver!(No symbol) [0xe28f1e]
	undetected_chromedriver!(No symbol) [0xe678e7]
	undetected_chromedriver!(No symbol) [0xe95526]
	undetected_chromedriver!(No symbol) [0xe90762]
	undetected_chromedriver!(No symbol) [0xe90141]
	undetected_chromedriver!(No symbol) [0xdfc731]
	undetected_chromedriver!(No symbol) [0xdfccd3]
	undetected_chromedriver!(No symbol) [0xdfd18d]
	undetected_chromedriver!GetHandleVerifier [0x12bced6+2a7f16]
	undetected_chromedriver!GetHandleVerifier [0x12b847b+2a34bb]
	undetected_chromedriver!GetHandleVerifier [0x12d94eb+2c452b]
	undetected_chromedriver!GetHandleVerifier [0x103f566+2a5a6]
	undetected_chromedriver!GetHandleVerifier [0x104620d+3124d]
	undetected_chromedriver!(No symbol) [0xdfc3e0]
	undetected_chromedriver!(No symbol) [0xdfba92]
	undetected_chromedriver!GetHandleVerifier [0x141ec1f+409c5f]
	KERNEL32!BaseThreadInitThunk [0x75215d49+19]
	ntdll!RtlInitializeExceptionChain [0x7749e00b+6b]
	ntdll!RtlGetAppContainerNamedObjectPath [0x7749df91+231]

[03:18:23] [8/9] Uploading... 121s
[03:18:23] [8/9] Poll error: Message: invalid session id
Stacktrace:
	undetected_chromedriver!GetHandleVerifier [0x1025843+10883]
	undetected_chromedriver!GetHandleVerifier [0x1025884+108c4]
	undetected_chromedriver!(No symbol) [0xe28f1e]
	undetected_chromedriver!(No symbol) [0xe678e7]
	undetected_chromedriver!(No symbol) [0xe95526]
	undetected_chromedriver!(No symbol) [0xe90762]
	undetected_chromedriver!(No symbol) [0xe90141]
	undetected_chromedriver!(No symbol) [0xdfc731]
	undetected_chromedriver!(No symbol) [0xdfccd3]
	undetected_chromedriver!(No symbol) [0xdfd18d]
	undetected_chromedriver!GetHandleVerifier [0x12bced6+2a7f16]
	undetected_chromedriver!GetHandleVerifier [0x12b847b+2a34bb]
	undetected_chromedriver!GetHandleVerifier [0x12d94eb+2c452b]
	undetected_chromedriver!GetHandleVerifier [0x103f566+2a5a6]
	undetected_chromedriver!GetHandleVerifier [0x104620d+3124d]
	undetected_chromedriver!(No symbol) [0xdfc3e0]
	undetected_chromedriver!(No symbol) [0xdfba92]
	undetected_chromedriver!GetHandleVerifier [0x141ec1f+409c5f]
	KERNEL32!BaseThreadInitThunk [0x75215d49+19]
	ntdll!RtlInitializeExceptionChain [0x7749e00b+6b]
	ntdll!RtlGetAppContainerNamedObjectPath [0x7749df91+231]

[03:18:28] [8/9] Poll error: Message: invalid session id
Stacktrace:
	undetected_chromedriver!GetHandleVerifier [0x1025843+10883]
	undetected_chromedriver!GetHandleVerifier [0x1025884+108c4]
	undetected_chromedriver!(No symbol) [0xe28f1e]
	undetected_chromedriver!(No symbol) [0xe678e7]
	undetected_chromedriver!(No symbol) [0xe95526]
	undetected_chromedriver!(No symbol) [0xe90762]
	undetected_chromedriver!(No symbol) [0xe90141]
	undetected_chromedriver!(No symbol) [0xdfc731]
	undetected_chromedriver!(No symbol) [0xdfccd3]
	undetected_chromedriver!(No symbol) [0xdfd18d]
	undetected_chromedriver!GetHandleVerifier [0x12bced6+2a7f16]
	undetected_chromedriver!GetHandleVerifier [0x12b847b+2a34bb]
	undetected_chromedriver!GetHandleVerifier [0x12d94eb+2c452b]
	undetected_chromedriver!GetHandleVerifier [0x103f566+2a5a6]
	undetected_chromedriver!GetHandleVerifier [0x104620d+3124d]
	undetected_chromedriver!(No symbol) [0xdfc3e0]
	undetected_chromedriver!(No symbol) [0xdfba92]
	undetected_chromedriver!GetHandleVerifier [0x141ec1f+409c5f]
	KERNEL32!BaseThreadInitThunk [0x75215d49+19]
	ntdll!RtlInitializeExceptionChain [0x7749e00b+6b]
	ntdll!RtlGetAppContainerNamedObjectPath [0x7749df91+231]

[03:18:33] [8/9] Poll error: Message: invalid session id
Stacktrace:
	undetected_chromedriver!GetHandleVerifier [0x1025843+10883]
	undetected_chromedriver!GetHandleVerifier [0x1025884+108c4]
	undetected_chromedriver!(No symbol) [0xe28f1e]
	undetected_chromedriver!(No symbol) [0xe678e7]
	undetected_chromedriver!(No symbol) [0xe95526]
	undetected_chromedriver!(No symbol) [0xe90762]
	undetected_chromedriver!(No symbol) [0xe90141]
	undetected_chromedriver!(No symbol) [0xdfc731]
	undetected_chromedriver!(No symbol) [0xdfccd3]
	undetected_chromedriver!(No symbol) [0xdfd18d]
	undetected_chromedriver!GetHandleVerifier [0x12bced6+2a7f16]
	undetected_chromedriver!GetHandleVerifier [0x12b847b+2a34bb]
	undetected_chromedriver!GetHandleVerifier [0x12d94eb+2c452b]
	undetected_chromedriver!GetHandleVerifier [0x103f566+2a5a6]
	undetected_chromedriver!GetHandleVerifier [0x104620d+3124d]
	undetected_chromedriver!(No symbol) [0xdfc3e0]
	undetected_chromedriver!(No symbol) [0xdfba92]
	undetected_chromedriver!GetHandleVerifier [0x141ec1f+409c5f]
	KERNEL32!BaseThreadInitThunk [0x75215d49+19]
	ntdll!RtlInitializeExceptionChain [0x7749e00b+6b]
	ntdll!RtlGetAppContainerNamedObjectPath [0x7749df91+231]

[03:18:38] [8/9] Poll error: Message: invalid session id
Stacktrace:
	undetected_chromedriver!GetHandleVerifier [0x1025843+10883]
	undetected_chromedriver!GetHandleVerifier [0x1025884+108c4]
	undetected_chromedriver!(No symbol) [0xe28f1e]
	undetected_chromedriver!(No symbol) [0xe678e7]
	undetected_chromedriver!(No symbol) [0xe95526]
	undetected_chromedriver!(No symbol) [0xe90762]
	undetected_chromedriver!(No symbol) [0xe90141]
	undetected_chromedriver!(No symbol) [0xdfc731]
	undetected_chromedriver!(No symbol) [0xdfccd3]
	undetected_chromedriver!(No symbol) [0xdfd18d]
	undetected_chromedriver!GetHandleVerifier [0x12bced6+2a7f16]
	undetected_chromedriver!GetHandleVerifier [0x12b847b+2a34bb]
	undetected_chromedriver!GetHandleVerifier [0x12d94eb+2c452b]
	undetected_chromedriver!GetHandleVerifier [0x103f566+2a5a6]
	undetected_chromedriver!GetHandleVerifier [0x104620d+3124d]
	undetected_chromedriver!(No symbol) [0xdfc3e0]
	undetected_chromedriver!(No symbol) [0xdfba92]
	undetected_chromedriver!GetHandleVerifier [0x141ec1f+409c5f]
	KERNEL32!BaseThreadInitThunk [0x75215d49+19]
	ntdll!RtlInitializeExceptionChain [0x7749e00b+6b]
	ntdll!RtlGetAppContainerNamedObjectPath [0x7749df91+231]

[03:18:43] [8/9] Poll error: Message: invalid session id
Stacktrace:
	undetected_chromedriver!GetHandleVerifier [0x1025843+10883]
	undetected_chromedriver!GetHandleVerifier [0x1025884+108c4]
	undetected_chromedriver!(No symbol) [0xe28f1e]
	undetected_chromedriver!(No symbol) [0xe678e7]
	undetected_chromedriver!(No symbol) [0xe95526]
	undetected_chromedriver!(No symbol) [0xe90762]
	undetected_chromedriver!(No symbol) [0xe90141]
	undetected_chromedriver!(No symbol) [0xdfc731]
	undetected_chromedriver!(No symbol) [0xdfccd3]
	undetected_chromedriver!(No symbol) [0xdfd18d]
	undetected_chromedriver!GetHandleVerifier [0x12bced6+2a7f16]
	undetected_chromedriver!GetHandleVerifier [0x12b847b+2a34bb]
	undetected_chromedriver!GetHandleVerifier [0x12d94eb+2c452b]
	undetected_chromedriver!GetHandleVerifier [0x103f566+2a5a6]
	undetected_chromedriver!GetHandleVerifier [0x104620d+3124d]
	undetected_chromedriver!(No symbol) [0xdfc3e0]
	undetected_chromedriver!(No symbol) [0xdfba92]
	undetected_chromedriver!GetHandleVerifier [0x141ec1f+409c5f]
	KERNEL32!BaseThreadInitThunk [0x75215d49+19]
	ntdll!RtlInitializeExceptionChain [0x7749e00b+6b]
	ntdll!RtlGetAppContainerNamedObjectPath [0x7749df91+231]

[03:18:48] [8/9] Poll error: Message: invalid session id
Stacktrace:
	undetected_chromedriver!GetHandleVerifier [0x1025843+10883]
	undetected_chromedriver!GetHandleVerifier [0x1025884+108c4]
	undetected_chromedriver!(No symbol) [0xe28f1e]
	undetected_chromedriver!(No symbol) [0xe678e7]
	undetected_chromedriver!(No symbol) [0xe95526]
	undetected_chromedriver!(No symbol) [0xe90762]
	undetected_chromedriver!(No symbol) [0xe90141]
	undetected_chromedriver!(No symbol) [0xdfc731]
	undetected_chromedriver!(No symbol) [0xdfccd3]
	undetected_chromedriver!(No symbol) [0xdfd18d]
	undetected_chromedriver!GetHandleVerifier [0x12bced6+2a7f16]
	undetected_chromedriver!GetHandleVerifier [0x12b847b+2a34bb]
	undetected_chromedriver!GetHandleVerifier [0x12d94eb+2c452b]
	undetected_chromedriver!GetHandleVerifier [0x103f566+2a5a6]
	undetected_chromedriver!GetHandleVerifier [0x104620d+3124d]
	undetected_chromedriver!(No symbol) [0xdfc3e0]
	undetected_chromedriver!(No symbol) [0xdfba92]
	undetected_chromedriver!GetHandleVerifier [0x141ec1f+409c5f]
	KERNEL32!BaseThreadInitThunk [0x75215d49+19]
	ntdll!RtlInitializeExceptionChain [0x7749e00b+6b]
	ntdll!RtlGetAppContainerNamedObjectPath [0x7749df91+231]

[03:18:53] [8/9] Uploading... 151s
[03:18:53] [8/9] Poll error: Message: invalid session id
Stacktrace:
	undetected_chromedriver!GetHandleVerifier [0x1025843+10883]
	undetected_chromedriver!GetHandleVerifier [0x1025884+108c4]
	undetected_chromedriver!(No symbol) [0xe28f1e]
	undetected_chromedriver!(No symbol) [0xe678e7]
	undetected_chromedriver!(No symbol) [0xe95526]
	undetected_chromedriver!(No symbol) [0xe90762]
	undetected_chromedriver!(No symbol) [0xe90141]
	undetected_chromedriver!(No symbol) [0xdfc731]
	undetected_chromedriver!(No symbol) [0xdfccd3]
	undetected_chromedriver!(No symbol) [0xdfd18d]
	undetected_chromedriver!GetHandleVerifier [0x12bced6+2a7f16]
	undetected_chromedriver!GetHandleVerifier [0x12b847b+2a34bb]
	undetected_chromedriver!GetHandleVerifier [0x12d94eb+2c452b]
	undetected_chromedriver!GetHandleVerifier [0x103f566+2a5a6]
	undetected_chromedriver!GetHandleVerifier [0x104620d+3124d]
	undetected_chromedriver!(No symbol) [0xdfc3e0]
	undetected_chromedriver!(No symbol) [0xdfba92]
	undetected_chromedriver!GetHandleVerifier [0x141ec1f+409c5f]
	KERNEL32!BaseThreadInitThunk [0x75215d49+19]
	ntdll!RtlInitializeExceptionChain [0x7749e00b+6b]
	ntdll!RtlGetAppContainerNamedObjectPath [0x7749df91+231]

[03:18:58] [8/9] Poll error: Message: invalid session id
Stacktrace:
	undetected_chromedriver!GetHandleVerifier [0x1025843+10883]
	undetected_chromedriver!GetHandleVerifier [0x1025884+108c4]
	undetected_chromedriver!(No symbol) [0xe28f1e]
	undetected_chromedriver!(No symbol) [0xe678e7]
	undetected_chromedriver!(No symbol) [0xe95526]
	undetected_chromedriver!(No symbol) [0xe90762]
	undetected_chromedriver!(No symbol) [0xe90141]
	undetected_chromedriver!(No symbol) [0xdfc731]
	undetected_chromedriver!(No symbol) [0xdfccd3]
	undetected_chromedriver!(No symbol) [0xdfd18d]
	undetected_chromedriver!GetHandleVerifier [0x12bced6+2a7f16]
	undetected_chromedriver!GetHandleVerifier [0x12b847b+2a34bb]
	undetected_chromedriver!GetHandleVerifier [0x12d94eb+2c452b]
	undetected_chromedriver!GetHandleVerifier [0x103f566+2a5a6]
	undetected_chromedriver!GetHandleVerifier [0x104620d+3124d]
	undetected_chromedriver!(No symbol) [0xdfc3e0]
	undetected_chromedriver!(No symbol) [0xdfba92]
	undetected_chromedriver!GetHandleVerifier [0x141ec1f+409c5f]
	KERNEL32!BaseThreadInitThunk [0x75215d49+19]
	ntdll!RtlInitializeExceptionChain [0x7749e00b+6b]
	ntdll!RtlGetAppContainerNamedObjectPath [0x7749df91+231]

[03:19:03] [8/9] Poll error: Message: invalid session id
Stacktrace:
	undetected_chromedriver!GetHandleVerifier [0x1025843+10883]
	undetected_chromedriver!GetHandleVerifier [0x1025884+108c4]
	undetected_chromedriver!(No symbol) [0xe28f1e]
	undetected_chromedriver!(No symbol) [0xe678e7]
	undetected_chromedriver!(No symbol) [0xe95526]
	undetected_chromedriver!(No symbol) [0xe90762]
	undetected_chromedriver!(No symbol) [0xe90141]
	undetected_chromedriver!(No symbol) [0xdfc731]
	undetected_chromedriver!(No symbol) [0xdfccd3]
	undetected_chromedriver!(No symbol) [0xdfd18d]
	undetected_chromedriver!GetHandleVerifier [0x12bced6+2a7f16]
	undetected_chromedriver!GetHandleVerifier [0x12b847b+2a34bb]
	undetected_chromedriver!GetHandleVerifier [0x12d94eb+2c452b]
	undetected_chromedriver!GetHandleVerifier [0x103f566+2a5a6]
	undetected_chromedriver!GetHandleVerifier [0x104620d+3124d]
	undetected_chromedriver!(No symbol) [0xdfc3e0]
	undetected_chromedriver!(No symbol) [0xdfba92]
	undetected_chromedriver!GetHandleVerifier [0x141ec1f+409c5f]
	KERNEL32!BaseThreadInitThunk [0x75215d49+19]
	ntdll!RtlInitializeExceptionChain [0x7749e00b+6b]
	ntdll!RtlGetAppContainerNamedObjectPath [0x7749df91+231]

[03:19:08] [8/9] Poll error: Message: invalid session id
Stacktrace:
	undetected_chromedriver!GetHandleVerifier [0x1025843+10883]
	undetected_chromedriver!GetHandleVerifier [0x1025884+108c4]
	undetected_chromedriver!(No symbol) [0xe28f1e]
	undetected_chromedriver!(No symbol) [0xe678e7]
	undetected_chromedriver!(No symbol) [0xe95526]
	undetected_chromedriver!(No symbol) [0xe90762]
	undetected_chromedriver!(No symbol) [0xe90141]
	undetected_chromedriver!(No symbol) [0xdfc731]
	undetected_chromedriver!(No symbol) [0xdfccd3]
	undetected_chromedriver!(No symbol) [0xdfd18d]
	undetected_chromedriver!GetHandleVerifier [0x12bced6+2a7f16]
	undetected_chromedriver!GetHandleVerifier [0x12b847b+2a34bb]
	undetected_chromedriver!GetHandleVerifier [0x12d94eb+2c452b]
	undetected_chromedriver!GetHandleVerifier [0x103f566+2a5a6]
	undetected_chromedriver!GetHandleVerifier [0x104620d+3124d]
	undetected_chromedriver!(No symbol) [0xdfc3e0]
	undetected_chromedriver!(No symbol) [0xdfba92]
	undetected_chromedriver!GetHandleVerifier [0x141ec1f+409c5f]
	KERNEL32!BaseThreadInitThunk [0x75215d49+19]
	ntdll!RtlInitializeExceptionChain [0x7749e00b+6b]
	ntdll!RtlGetAppContainerNamedObjectPath [0x7749df91+231]

[03:19:13] [8/9] Poll error: Message: invalid session id
Stacktrace:
	undetected_chromedriver!GetHandleVerifier [0x1025843+10883]
	undetected_chromedriver!GetHandleVerifier [0x1025884+108c4]
	undetected_chromedriver!(No symbol) [0xe28f1e]
	undetected_chromedriver!(No symbol) [0xe678e7]
	undetected_chromedriver!(No symbol) [0xe95526]
	undetected_chromedriver!(No symbol) [0xe90762]
	undetected_chromedriver!(No symbol) [0xe90141]
	undetected_chromedriver!(No symbol) [0xdfc731]
	undetected_chromedriver!(No symbol) [0xdfccd3]
	undetected_chromedriver!(No symbol) [0xdfd18d]
	undetected_chromedriver!GetHandleVerifier [0x12bced6+2a7f16]
	undetected_chromedriver!GetHandleVerifier [0x12b847b+2a34bb]
	undetected_chromedriver!GetHandleVerifier [0x12d94eb+2c452b]
	undetected_chromedriver!GetHandleVerifier [0x103f566+2a5a6]
	undetected_chromedriver!GetHandleVerifier [0x104620d+3124d]
	undetected_chromedriver!(No symbol) [0xdfc3e0]
	undetected_chromedriver!(No symbol) [0xdfba92]
	undetected_chromedriver!GetHandleVerifier [0x141ec1f+409c5f]
	KERNEL32!BaseThreadInitThunk [0x75215d49+19]
	ntdll!RtlInitializeExceptionChain [0x7749e00b+6b]
	ntdll!RtlGetAppContainerNamedObjectPath [0x7749df91+231]

[03:19:18] [8/9] Poll error: Message: invalid session id
Stacktrace:
	undetected_chromedriver!GetHandleVerifier [0x1025843+10883]
	undetected_chromedriver!GetHandleVerifier [0x1025884+108c4]
	undetected_chromedriver!(No symbol) [0xe28f1e]
	undetected_chromedriver!(No symbol) [0xe678e7]
	undetected_chromedriver!(No symbol) [0xe95526]
	undetected_chromedriver!(No symbol) [0xe90762]
	undetected_chromedriver!(No symbol) [0xe90141]
	undetected_chromedriver!(No symbol) [0xdfc731]
	undetected_chromedriver!(No symbol) [0xdfccd3]
	undetected_chromedriver!(No symbol) [0xdfd18d]
	undetected_chromedriver!GetHandleVerifier [0x12bced6+2a7f16]
	undetected_chromedriver!GetHandleVerifier [0x12b847b+2a34bb]
	undetected_chromedriver!GetHandleVerifier [0x12d94eb+2c452b]
	undetected_chromedriver!GetHandleVerifier [0x103f566+2a5a6]
	undetected_chromedriver!GetHandleVerifier [0x104620d+3124d]
	undetected_chromedriver!(No symbol) [0xdfc3e0]
	undetected_chromedriver!(No symbol) [0xdfba92]
	undetected_chromedriver!GetHandleVerifier [0x141ec1f+409c5f]
	KERNEL32!BaseThreadInitThunk [0x75215d49+19]
	ntdll!RtlInitializeExceptionChain [0x7749e00b+6b]
	ntdll!RtlGetAppContainerNamedObjectPath [0x7749df91+231]

[03:19:23] [8/9] Uploading... 181s
[03:19:23] [8/9] Poll error: Message: invalid session id
Stacktrace:
	undetected_chromedriver!GetHandleVerifier [0x1025843+10883]
	undetected_chromedriver!GetHandleVerifier [0x1025884+108c4]
	undetected_chromedriver!(No symbol) [0xe28f1e]
	undetected_chromedriver!(No symbol) [0xe678e7]
	undetected_chromedriver!(No symbol) [0xe95526]
	undetected_chromedriver!(No symbol) [0xe90762]
	undetected_chromedriver!(No symbol) [0xe90141]
	undetected_chromedriver!(No symbol) [0xdfc731]
	undetected_chromedriver!(No symbol) [0xdfccd3]
	undetected_chromedriver!(No symbol) [0xdfd18d]
	undetected_chromedriver!GetHandleVerifier [0x12bced6+2a7f16]
	undetected_chromedriver!GetHandleVerifier [0x12b847b+2a34bb]
	undetected_chromedriver!GetHandleVerifier [0x12d94eb+2c452b]
	undetected_chromedriver!GetHandleVerifier [0x103f566+2a5a6]
	undetected_chromedriver!GetHandleVerifier [0x104620d+3124d]
	undetected_chromedriver!(No symbol) [0xdfc3e0]
	undetected_chromedriver!(No symbol) [0xdfba92]
	undetected_chromedriver!GetHandleVerifier [0x141ec1f+409c5f]
	KERNEL32!BaseThreadInitThunk [0x75215d49+19]
	ntdll!RtlInitializeExceptionChain [0x7749e00b+6b]
	ntdll!RtlGetAppContainerNamedObjectPath [0x7749df91+231]

[03:19:28] [8/9] Poll error: Message: invalid session id
Stacktrace:
	undetected_chromedriver!GetHandleVerifier [0x1025843+10883]
	undetected_chromedriver!GetHandleVerifier [0x1025884+108c4]
	undetected_chromedriver!(No symbol) [0xe28f1e]
	undetected_chromedriver!(No symbol) [0xe678e7]
	undetected_chromedriver!(No symbol) [0xe95526]
	undetected_chromedriver!(No symbol) [0xe90762]
	undetected_chromedriver!(No symbol) [0xe90141]
	undetected_chromedriver!(No symbol) [0xdfc731]
	undetected_chromedriver!(No symbol) [0xdfccd3]
	undetected_chromedriver!(No symbol) [0xdfd18d]
	undetected_chromedriver!GetHandleVerifier [0x12bced6+2a7f16]
	undetected_chromedriver!GetHandleVerifier [0x12b847b+2a34bb]
	undetected_chromedriver!GetHandleVerifier [0x12d94eb+2c452b]
	undetected_chromedriver!GetHandleVerifier [0x103f566+2a5a6]
	undetected_chromedriver!GetHandleVerifier [0x104620d+3124d]
	undetected_chromedriver!(No symbol) [0xdfc3e0]
	undetected_chromedriver!(No symbol) [0xdfba92]
	undetected_chromedriver!GetHandleVerifier [0x141ec1f+409c5f]
	KERNEL32!BaseThreadInitThunk [0x75215d49+19]
	ntdll!RtlInitializeExceptionChain [0x7749e00b+6b]
	ntdll!RtlGetAppContainerNamedObjectPath [0x7749df91+231]

[03:19:33] [8/9] Poll error: Message: invalid session id
Stacktrace:
	undetected_chromedriver!GetHandleVerifier [0x1025843+10883]
	undetected_chromedriver!GetHandleVerifier [0x1025884+108c4]
	undetected_chromedriver!(No symbol) [0xe28f1e]
	undetected_chromedriver!(No symbol) [0xe678e7]
	undetected_chromedriver!(No symbol) [0xe95526]
	undetected_chromedriver!(No symbol) [0xe90762]
	undetected_chromedriver!(No symbol) [0xe90141]
	undetected_chromedriver!(No symbol) [0xdfc731]
	undetected_chromedriver!(No symbol) [0xdfccd3]
	undetected_chromedriver!(No symbol) [0xdfd18d]
	undetected_chromedriver!GetHandleVerifier [0x12bced6+2a7f16]
	undetected_chromedriver!GetHandleVerifier [0x12b847b+2a34bb]
	undetected_chromedriver!GetHandleVerifier [0x12d94eb+2c452b]
	undetected_chromedriver!GetHandleVerifier [0x103f566+2a5a6]
	undetected_chromedriver!GetHandleVerifier [0x104620d+3124d]
	undetected_chromedriver!(No symbol) [0xdfc3e0]
	undetected_chromedriver!(No symbol) [0xdfba92]
	undetected_chromedriver!GetHandleVerifier [0x141ec1f+409c5f]
	KERNEL32!BaseThreadInitThunk [0x75215d49+19]
	ntdll!RtlInitializeExceptionChain [0x7749e00b+6b]
	ntdll!RtlGetAppContainerNamedObjectPath [0x7749df91+231]

[03:19:38] [8/9] Poll error: Message: invalid session id
Stacktrace:
	undetected_chromedriver!GetHandleVerifier [0x1025843+10883]
	undetected_chromedriver!GetHandleVerifier [0x1025884+108c4]
	undetected_chromedriver!(No symbol) [0xe28f1e]
	undetected_chromedriver!(No symbol) [0xe678e7]
	undetected_chromedriver!(No symbol) [0xe95526]
	undetected_chromedriver!(No symbol) [0xe90762]
	undetected_chromedriver!(No symbol) [0xe90141]
	undetected_chromedriver!(No symbol) [0xdfc731]
	undetected_chromedriver!(No symbol) [0xdfccd3]
	undetected_chromedriver!(No symbol) [0xdfd18d]
	undetected_chromedriver!GetHandleVerifier [0x12bced6+2a7f16]
	undetected_chromedriver!GetHandleVerifier [0x12b847b+2a34bb]
	undetected_chromedriver!GetHandleVerifier [0x12d94eb+2c452b]
	undetected_chromedriver!GetHandleVerifier [0x103f566+2a5a6]
	undetected_chromedriver!GetHandleVerifier [0x104620d+3124d]
	undetected_chromedriver!(No symbol) [0xdfc3e0]
	undetected_chromedriver!(No symbol) [0xdfba92]
	undetected_chromedriver!GetHandleVerifier [0x141ec1f+409c5f]
	KERNEL32!BaseThreadInitThunk [0x75215d49+19]
	ntdll!RtlInitializeExceptionChain [0x7749e00b+6b]
	ntdll!RtlGetAppContainerNamedObjectPath [0x7749df91+231]

[03:19:43] [8/9] Poll error: Message: invalid session id
Stacktrace:
	undetected_chromedriver!GetHandleVerifier [0x1025843+10883]
	undetected_chromedriver!GetHandleVerifier [0x1025884+108c4]
	undetected_chromedriver!(No symbol) [0xe28f1e]
	undetected_chromedriver!(No symbol) [0xe678e7]
	undetected_chromedriver!(No symbol) [0xe95526]
	undetected_chromedriver!(No symbol) [0xe90762]
	undetected_chromedriver!(No symbol) [0xe90141]
	undetected_chromedriver!(No symbol) [0xdfc731]
	undetected_chromedriver!(No symbol) [0xdfccd3]
	undetected_chromedriver!(No symbol) [0xdfd18d]
	undetected_chromedriver!GetHandleVerifier [0x12bced6+2a7f16]
	undetected_chromedriver!GetHandleVerifier [0x12b847b+2a34bb]
	undetected_chromedriver!GetHandleVerifier [0x12d94eb+2c452b]
	undetected_chromedriver!GetHandleVerifier [0x103f566+2a5a6]
	undetected_chromedriver!GetHandleVerifier [0x104620d+3124d]
	undetected_chromedriver!(No symbol) [0xdfc3e0]
	undetected_chromedriver!(No symbol) [0xdfba92]
	undetected_chromedriver!GetHandleVerifier [0x141ec1f+409c5f]
	KERNEL32!BaseThreadInitThunk [0x75215d49+19]
	ntdll!RtlInitializeExceptionChain [0x7749e00b+6b]
	ntdll!RtlGetAppContainerNamedObjectPath [0x7749df91+231]

[03:19:48] [8/9] Poll error: Message: invalid session id
Stacktrace:
	undetected_chromedriver!GetHandleVerifier [0x1025843+10883]
	undetected_chromedriver!GetHandleVerifier [0x1025884+108c4]
	undetected_chromedriver!(No symbol) [0xe28f1e]
	undetected_chromedriver!(No symbol) [0xe678e7]
	undetected_chromedriver!(No symbol) [0xe95526]
	undetected_chromedriver!(No symbol) [0xe90762]
	undetected_chromedriver!(No symbol) [0xe90141]
	undetected_chromedriver!(No symbol) [0xdfc731]
	undetected_chromedriver!(No symbol) [0xdfccd3]
	undetected_chromedriver!(No symbol) [0xdfd18d]
	undetected_chromedriver!GetHandleVerifier [0x12bced6+2a7f16]
	undetected_chromedriver!GetHandleVerifier [0x12b847b+2a34bb]
	undetected_chromedriver!GetHandleVerifier [0x12d94eb+2c452b]
	undetected_chromedriver!GetHandleVerifier [0x103f566+2a5a6]
	undetected_chromedriver!GetHandleVerifier [0x104620d+3124d]
	undetected_chromedriver!(No symbol) [0xdfc3e0]
	undetected_chromedriver!(No symbol) [0xdfba92]
	undetected_chromedriver!GetHandleVerifier [0x141ec1f+409c5f]
	KERNEL32!BaseThreadInitThunk [0x75215d49+19]
	ntdll!RtlInitializeExceptionChain [0x7749e00b+6b]
	ntdll!RtlGetAppContainerNamedObjectPath [0x7749df91+231]

[03:19:53] [8/9] Uploading... 211s
[03:19:53] [8/9] Poll error: Message: invalid session id
Stacktrace:
	undetected_chromedriver!GetHandleVerifier [0x1025843+10883]
	undetected_chromedriver!GetHandleVerifier [0x1025884+108c4]
	undetected_chromedriver!(No symbol) [0xe28f1e]
	undetected_chromedriver!(No symbol) [0xe678e7]
	undetected_chromedriver!(No symbol) [0xe95526]
	undetected_chromedriver!(No symbol) [0xe90762]
	undetected_chromedriver!(No symbol) [0xe90141]
	undetected_chromedriver!(No symbol) [0xdfc731]
	undetected_chromedriver!(No symbol) [0xdfccd3]
	undetected_chromedriver!(No symbol) [0xdfd18d]
	undetected_chromedriver!GetHandleVerifier [0x12bced6+2a7f16]
	undetected_chromedriver!GetHandleVerifier [0x12b847b+2a34bb]
	undetected_chromedriver!GetHandleVerifier [0x12d94eb+2c452b]
	undetected_chromedriver!GetHandleVerifier [0x103f566+2a5a6]
	undetected_chromedriver!GetHandleVerifier [0x104620d+3124d]
	undetected_chromedriver!(No symbol) [0xdfc3e0]
	undetected_chromedriver!(No symbol) [0xdfba92]
	undetected_chromedriver!GetHandleVerifier [0x141ec1f+409c5f]
	KERNEL32!BaseThreadInitThunk [0x75215d49+19]
	ntdll!RtlInitializeExceptionChain [0x7749e00b+6b]
	ntdll!RtlGetAppContainerNamedObjectPath [0x7749df91+231]

[03:19:58] [8/9] Poll error: Message: invalid session id
Stacktrace:
	undetected_chromedriver!GetHandleVerifier [0x1025843+10883]
	undetected_chromedriver!GetHandleVerifier [0x1025884+108c4]
	undetected_chromedriver!(No symbol) [0xe28f1e]
	undetected_chromedriver!(No symbol) [0xe678e7]
	undetected_chromedriver!(No symbol) [0xe95526]
	undetected_chromedriver!(No symbol) [0xe90762]
	undetected_chromedriver!(No symbol) [0xe90141]
	undetected_chromedriver!(No symbol) [0xdfc731]
	undetected_chromedriver!(No symbol) [0xdfccd3]
	undetected_chromedriver!(No symbol) [0xdfd18d]
	undetected_chromedriver!GetHandleVerifier [0x12bced6+2a7f16]
	undetected_chromedriver!GetHandleVerifier [0x12b847b+2a34bb]
	undetected_chromedriver!GetHandleVerifier [0x12d94eb+2c452b]
	undetected_chromedriver!GetHandleVerifier [0x103f566+2a5a6]
	undetected_chromedriver!GetHandleVerifier [0x104620d+3124d]
	undetected_chromedriver!(No symbol) [0xdfc3e0]
	undetected_chromedriver!(No symbol) [0xdfba92]
	undetected_chromedriver!GetHandleVerifier [0x141ec1f+409c5f]
	KERNEL32!BaseThreadInitThunk [0x75215d49+19]
	ntdll!RtlInitializeExceptionChain [0x7749e00b+6b]
	ntdll!RtlGetAppContainerNamedObjectPath [0x7749df91+231]

[03:20:03] [8/9] Poll error: Message: invalid session id
Stacktrace:
	undetected_chromedriver!GetHandleVerifier [0x1025843+10883]
	undetected_chromedriver!GetHandleVerifier [0x1025884+108c4]
	undetected_chromedriver!(No symbol) [0xe28f1e]
	undetected_chromedriver!(No symbol) [0xe678e7]
	undetected_chromedriver!(No symbol) [0xe95526]
	undetected_chromedriver!(No symbol) [0xe90762]
	undetected_chromedriver!(No symbol) [0xe90141]
	undetected_chromedriver!(No symbol) [0xdfc731]
	undetected_chromedriver!(No symbol) [0xdfccd3]
	undetected_chromedriver!(No symbol) [0xdfd18d]
	undetected_chromedriver!GetHandleVerifier [0x12bced6+2a7f16]
	undetected_chromedriver!GetHandleVerifier [0x12b847b+2a34bb]
	undetected_chromedriver!GetHandleVerifier [0x12d94eb+2c452b]
	undetected_chromedriver!GetHandleVerifier [0x103f566+2a5a6]
	undetected_chromedriver!GetHandleVerifier [0x104620d+3124d]
	undetected_chromedriver!(No symbol) [0xdfc3e0]
	undetected_chromedriver!(No symbol) [0xdfba92]
	undetected_chromedriver!GetHandleVerifier [0x141ec1f+409c5f]
	KERNEL32!BaseThreadInitThunk [0x75215d49+19]
	ntdll!RtlInitializeExceptionChain [0x7749e00b+6b]
	ntdll!RtlGetAppContainerNamedObjectPath [0x7749df91+231]

[03:20:08] [8/9] Poll error: Message: invalid session id
Stacktrace:
	undetected_chromedriver!GetHandleVerifier [0x1025843+10883]
	undetected_chromedriver!GetHandleVerifier [0x1025884+108c4]
	undetected_chromedriver!(No symbol) [0xe28f1e]
	undetected_chromedriver!(No symbol) [0xe678e7]
	undetected_chromedriver!(No symbol) [0xe95526]
	undetected_chromedriver!(No symbol) [0xe90762]
	undetected_chromedriver!(No symbol) [0xe90141]
	undetected_chromedriver!(No symbol) [0xdfc731]
	undetected_chromedriver!(No symbol) [0xdfccd3]
	undetected_chromedriver!(No symbol) [0xdfd18d]
	undetected_chromedriver!GetHandleVerifier [0x12bced6+2a7f16]
	undetected_chromedriver!GetHandleVerifier [0x12b847b+2a34bb]
	undetected_chromedriver!GetHandleVerifier [0x12d94eb+2c452b]
	undetected_chromedriver!GetHandleVerifier [0x103f566+2a5a6]
	undetected_chromedriver!GetHandleVerifier [0x104620d+3124d]
	undetected_chromedriver!(No symbol) [0xdfc3e0]
	undetected_chromedriver!(No symbol) [0xdfba92]
	undetected_chromedriver!GetHandleVerifier [0x141ec1f+409c5f]
	KERNEL32!BaseThreadInitThunk [0x75215d49+19]
	ntdll!RtlInitializeExceptionChain [0x7749e00b+6b]
	ntdll!RtlGetAppContainerNamedObjectPath [0x7749df91+231]

[03:20:13] [8/9] Poll error: Message: invalid session id
Stacktrace:
	undetected_chromedriver!GetHandleVerifier [0x1025843+10883]
	undetected_chromedriver!GetHandleVerifier [0x1025884+108c4]
	undetected_chromedriver!(No symbol) [0xe28f1e]
	undetected_chromedriver!(No symbol) [0xe678e7]
	undetected_chromedriver!(No symbol) [0xe95526]
	undetected_chromedriver!(No symbol) [0xe90762]
	undetected_chromedriver!(No symbol) [0xe90141]
	undetected_chromedriver!(No symbol) [0xdfc731]
	undetected_chromedriver!(No symbol) [0xdfccd3]
	undetected_chromedriver!(No symbol) [0xdfd18d]
	undetected_chromedriver!GetHandleVerifier [0x12bced6+2a7f16]
	undetected_chromedriver!GetHandleVerifier [0x12b847b+2a34bb]
	undetected_chromedriver!GetHandleVerifier [0x12d94eb+2c452b]
	undetected_chromedriver!GetHandleVerifier [0x103f566+2a5a6]
	undetected_chromedriver!GetHandleVerifier [0x104620d+3124d]
	undetected_chromedriver!(No symbol) [0xdfc3e0]
	undetected_chromedriver!(No symbol) [0xdfba92]
	undetected_chromedriver!GetHandleVerifier [0x141ec1f+409c5f]
	KERNEL32!BaseThreadInitThunk [0x75215d49+19]
	ntdll!RtlInitializeExceptionChain [0x7749e00b+6b]
	ntdll!RtlGetAppContainerNamedObjectPath [0x7749df91+231]

[03:20:18] [8/9] Poll error: Message: invalid session id
Stacktrace:
	undetected_chromedriver!GetHandleVerifier [0x1025843+10883]
	undetected_chromedriver!GetHandleVerifier [0x1025884+108c4]
	undetected_chromedriver!(No symbol) [0xe28f1e]
	undetected_chromedriver!(No symbol) [0xe678e7]
	undetected_chromedriver!(No symbol) [0xe95526]
	undetected_chromedriver!(No symbol) [0xe90762]
	undetected_chromedriver!(No symbol) [0xe90141]
	undetected_chromedriver!(No symbol) [0xdfc731]
	undetected_chromedriver!(No symbol) [0xdfccd3]
	undetected_chromedriver!(No symbol) [0xdfd18d]
	undetected_chromedriver!GetHandleVerifier [0x12bced6+2a7f16]
	undetected_chromedriver!GetHandleVerifier [0x12b847b+2a34bb]
	undetected_chromedriver!GetHandleVerifier [0x12d94eb+2c452b]
	undetected_chromedriver!GetHandleVerifier [0x103f566+2a5a6]
	undetected_chromedriver!GetHandleVerifier [0x104620d+3124d]
	undetected_chromedriver!(No symbol) [0xdfc3e0]
	undetected_chromedriver!(No symbol) [0xdfba92]
	undetected_chromedriver!GetHandleVerifier [0x141ec1f+409c5f]
	KERNEL32!BaseThreadInitThunk [0x75215d49+19]
	ntdll!RtlInitializeExceptionChain [0x7749e00b+6b]
	ntdll!RtlGetAppContainerNamedObjectPath [0x7749df91+231]

[03:20:23] [8/9] Uploading... 241s
[03:20:23] [8/9] Poll error: Message: invalid session id
Stacktrace:
	undetected_chromedriver!GetHandleVerifier [0x1025843+10883]
	undetected_chromedriver!GetHandleVerifier [0x1025884+108c4]
	undetected_chromedriver!(No symbol) [0xe28f1e]
	undetected_chromedriver!(No symbol) [0xe678e7]
	undetected_chromedriver!(No symbol) [0xe95526]
	undetected_chromedriver!(No symbol) [0xe90762]
	undetected_chromedriver!(No symbol) [0xe90141]
	undetected_chromedriver!(No symbol) [0xdfc731]
	undetected_chromedriver!(No symbol) [0xdfccd3]
	undetected_chromedriver!(No symbol) [0xdfd18d]
	undetected_chromedriver!GetHandleVerifier [0x12bced6+2a7f16]
	undetected_chromedriver!GetHandleVerifier [0x12b847b+2a34bb]
	undetected_chromedriver!GetHandleVerifier [0x12d94eb+2c452b]
	undetected_chromedriver!GetHandleVerifier [0x103f566+2a5a6]
	undetected_chromedriver!GetHandleVerifier [0x104620d+3124d]
	undetected_chromedriver!(No symbol) [0xdfc3e0]
	undetected_chromedriver!(No symbol) [0xdfba92]
	undetected_chromedriver!GetHandleVerifier [0x141ec1f+409c5f]
	KERNEL32!BaseThreadInitThunk [0x75215d49+19]
	ntdll!RtlInitializeExceptionChain [0x7749e00b+6b]
	ntdll!RtlGetAppContainerNamedObjectPath [0x7749df91+231]

[03:20:28] [8/9] Poll error: Message: invalid session id
Stacktrace:
	undetected_chromedriver!GetHandleVerifier [0x1025843+10883]
	undetected_chromedriver!GetHandleVerifier [0x1025884+108c4]
	undetected_chromedriver!(No symbol) [0xe28f1e]
	undetected_chromedriver!(No symbol) [0xe678e7]
	undetected_chromedriver!(No symbol) [0xe95526]
	undetected_chromedriver!(No symbol) [0xe90762]
	undetected_chromedriver!(No symbol) [0xe90141]
	undetected_chromedriver!(No symbol) [0xdfc731]
	undetected_chromedriver!(No symbol) [0xdfccd3]
	undetected_chromedriver!(No symbol) [0xdfd18d]
	undetected_chromedriver!GetHandleVerifier [0x12bced6+2a7f16]
	undetected_chromedriver!GetHandleVerifier [0x12b847b+2a34bb]
	undetected_chromedriver!GetHandleVerifier [0x12d94eb+2c452b]
	undetected_chromedriver!GetHandleVerifier [0x103f566+2a5a6]
	undetected_chromedriver!GetHandleVerifier [0x104620d+3124d]
	undetected_chromedriver!(No symbol) [0xdfc3e0]
	undetected_chromedriver!(No symbol) [0xdfba92]
	undetected_chromedriver!GetHandleVerifier [0x141ec1f+409c5f]
	KERNEL32!BaseThreadInitThunk [0x75215d49+19]
	ntdll!RtlInitializeExceptionChain [0x7749e00b+6b]
	ntdll!RtlGetAppContainerNamedObjectPath [0x7749df91+231]

[03:20:33] [8/9] Poll error: Message: invalid session id
Stacktrace:
	undetected_chromedriver!GetHandleVerifier [0x1025843+10883]
	undetected_chromedriver!GetHandleVerifier [0x1025884+108c4]
	undetected_chromedriver!(No symbol) [0xe28f1e]
	undetected_chromedriver!(No symbol) [0xe678e7]
	undetected_chromedriver!(No symbol) [0xe95526]
	undetected_chromedriver!(No symbol) [0xe90762]
	undetected_chromedriver!(No symbol) [0xe90141]
	undetected_chromedriver!(No symbol) [0xdfc731]
	undetected_chromedriver!(No symbol) [0xdfccd3]
	undetected_chromedriver!(No symbol) [0xdfd18d]
	undetected_chromedriver!GetHandleVerifier [0x12bced6+2a7f16]
	undetected_chromedriver!GetHandleVerifier [0x12b847b+2a34bb]
	undetected_chromedriver!GetHandleVerifier [0x12d94eb+2c452b]
	undetected_chromedriver!GetHandleVerifier [0x103f566+2a5a6]
	undetected_chromedriver!GetHandleVerifier [0x104620d+3124d]
	undetected_chromedriver!(No symbol) [0xdfc3e0]
	undetected_chromedriver!(No symbol) [0xdfba92]
	undetected_chromedriver!GetHandleVerifier [0x141ec1f+409c5f]
	KERNEL32!BaseThreadInitThunk [0x75215d49+19]
	ntdll!RtlInitializeExceptionChain [0x7749e00b+6b]
	ntdll!RtlGetAppContainerNamedObjectPath [0x7749df91+231]

[03:20:38] [8/9] Poll error: Message: invalid session id
Stacktrace:
	undetected_chromedriver!GetHandleVerifier [0x1025843+10883]
	undetected_chromedriver!GetHandleVerifier [0x1025884+108c4]
	undetected_chromedriver!(No symbol) [0xe28f1e]
	undetected_chromedriver!(No symbol) [0xe678e7]
	undetected_chromedriver!(No symbol) [0xe95526]
	undetected_chromedriver!(No symbol) [0xe90762]
	undetected_chromedriver!(No symbol) [0xe90141]
	undetected_chromedriver!(No symbol) [0xdfc731]
	undetected_chromedriver!(No symbol) [0xdfccd3]
	undetected_chromedriver!(No symbol) [0xdfd18d]
	undetected_chromedriver!GetHandleVerifier [0x12bced6+2a7f16]
	undetected_chromedriver!GetHandleVerifier [0x12b847b+2a34bb]
	undetected_chromedriver!GetHandleVerifier [0x12d94eb+2c452b]
	undetected_chromedriver!GetHandleVerifier [0x103f566+2a5a6]
	undetected_chromedriver!GetHandleVerifier [0x104620d+3124d]
	undetected_chromedriver!(No symbol) [0xdfc3e0]
	undetected_chromedriver!(No symbol) [0xdfba92]
	undetected_chromedriver!GetHandleVerifier [0x141ec1f+409c5f]
	KERNEL32!BaseThreadInitThunk [0x75215d49+19]
	ntdll!RtlInitializeExceptionChain [0x7749e00b+6b]
	ntdll!RtlGetAppContainerNamedObjectPath [0x7749df91+231]

[03:20:43] [8/9] Poll error: Message: invalid session id
Stacktrace:
	undetected_chromedriver!GetHandleVerifier [0x1025843+10883]
	undetected_chromedriver!GetHandleVerifier [0x1025884+108c4]
	undetected_chromedriver!(No symbol) [0xe28f1e]
	undetected_chromedriver!(No symbol) [0xe678e7]
	undetected_chromedriver!(No symbol) [0xe95526]
	undetected_chromedriver!(No symbol) [0xe90762]
	undetected_chromedriver!(No symbol) [0xe90141]
	undetected_chromedriver!(No symbol) [0xdfc731]
	undetected_chromedriver!(No symbol) [0xdfccd3]
	undetected_chromedriver!(No symbol) [0xdfd18d]
	undetected_chromedriver!GetHandleVerifier [0x12bced6+2a7f16]
	undetected_chromedriver!GetHandleVerifier [0x12b847b+2a34bb]
	undetected_chromedriver!GetHandleVerifier [0x12d94eb+2c452b]
	undetected_chromedriver!GetHandleVerifier [0x103f566+2a5a6]
	undetected_chromedriver!GetHandleVerifier [0x104620d+3124d]
	undetected_chromedriver!(No symbol) [0xdfc3e0]
	undetected_chromedriver!(No symbol) [0xdfba92]
	undetected_chromedriver!GetHandleVerifier [0x141ec1f+409c5f]
	KERNEL32!BaseThreadInitThunk [0x75215d49+19]
	ntdll!RtlInitializeExceptionChain [0x7749e00b+6b]
	ntdll!RtlGetAppContainerNamedObjectPath [0x7749df91+231]

[03:20:48] [8/9] Poll error: Message: invalid session id
Stacktrace:
	undetected_chromedriver!GetHandleVerifier [0x1025843+10883]
	undetected_chromedriver!GetHandleVerifier [0x1025884+108c4]
	undetected_chromedriver!(No symbol) [0xe28f1e]
	undetected_chromedriver!(No symbol) [0xe678e7]
	undetected_chromedriver!(No symbol) [0xe95526]
	undetected_chromedriver!(No symbol) [0xe90762]
	undetected_chromedriver!(No symbol) [0xe90141]
	undetected_chromedriver!(No symbol) [0xdfc731]
	undetected_chromedriver!(No symbol) [0xdfccd3]
	undetected_chromedriver!(No symbol) [0xdfd18d]
	undetected_chromedriver!GetHandleVerifier [0x12bced6+2a7f16]
	undetected_chromedriver!GetHandleVerifier [0x12b847b+2a34bb]
	undetected_chromedriver!GetHandleVerifier [0x12d94eb+2c452b]
	undetected_chromedriver!GetHandleVerifier [0x103f566+2a5a6]
	undetected_chromedriver!GetHandleVerifier [0x104620d+3124d]
	undetected_chromedriver!(No symbol) [0xdfc3e0]
	undetected_chromedriver!(No symbol) [0xdfba92]
	undetected_chromedriver!GetHandleVerifier [0x141ec1f+409c5f]
	KERNEL32!BaseThreadInitThunk [0x75215d49+19]
	ntdll!RtlInitializeExceptionChain [0x7749e00b+6b]
	ntdll!RtlGetAppContainerNamedObjectPath [0x7749df91+231]

[03:20:53] [8/9] Uploading... 271s
[03:20:53] [8/9] Poll error: Message: invalid session id
Stacktrace:
	undetected_chromedriver!GetHandleVerifier [0x1025843+10883]
	undetected_chromedriver!GetHandleVerifier [0x1025884+108c4]
	undetected_chromedriver!(No symbol) [0xe28f1e]
	undetected_chromedriver!(No symbol) [0xe678e7]
	undetected_chromedriver!(No symbol) [0xe95526]
	undetected_chromedriver!(No symbol) [0xe90762]
	undetected_chromedriver!(No symbol) [0xe90141]
	undetected_chromedriver!(No symbol) [0xdfc731]
	undetected_chromedriver!(No symbol) [0xdfccd3]
	undetected_chromedriver!(No symbol) [0xdfd18d]
	undetected_chromedriver!GetHandleVerifier [0x12bced6+2a7f16]
	undetected_chromedriver!GetHandleVerifier [0x12b847b+2a34bb]
	undetected_chromedriver!GetHandleVerifier [0x12d94eb+2c452b]
	undetected_chromedriver!GetHandleVerifier [0x103f566+2a5a6]
	undetected_chromedriver!GetHandleVerifier [0x104620d+3124d]
	undetected_chromedriver!(No symbol) [0xdfc3e0]
	undetected_chromedriver!(No symbol) [0xdfba92]
	undetected_chromedriver!GetHandleVerifier [0x141ec1f+409c5f]
	KERNEL32!BaseThreadInitThunk [0x75215d49+19]
	ntdll!RtlInitializeExceptionChain [0x7749e00b+6b]
	ntdll!RtlGetAppContainerNamedObjectPath [0x7749df91+231]

[03:20:58] [8/9] Poll error: Message: invalid session id
Stacktrace:
	undetected_chromedriver!GetHandleVerifier [0x1025843+10883]
	undetected_chromedriver!GetHandleVerifier [0x1025884+108c4]
	undetected_chromedriver!(No symbol) [0xe28f1e]
	undetected_chromedriver!(No symbol) [0xe678e7]
	undetected_chromedriver!(No symbol) [0xe95526]
	undetected_chromedriver!(No symbol) [0xe90762]
	undetected_chromedriver!(No symbol) [0xe90141]
	undetected_chromedriver!(No symbol) [0xdfc731]
	undetected_chromedriver!(No symbol) [0xdfccd3]
	undetected_chromedriver!(No symbol) [0xdfd18d]
	undetected_chromedriver!GetHandleVerifier [0x12bced6+2a7f16]
	undetected_chromedriver!GetHandleVerifier [0x12b847b+2a34bb]
	undetected_chromedriver!GetHandleVerifier [0x12d94eb+2c452b]
	undetected_chromedriver!GetHandleVerifier [0x103f566+2a5a6]
	undetected_chromedriver!GetHandleVerifier [0x104620d+3124d]
	undetected_chromedriver!(No symbol) [0xdfc3e0]
	undetected_chromedriver!(No symbol) [0xdfba92]
	undetected_chromedriver!GetHandleVerifier [0x141ec1f+409c5f]
	KERNEL32!BaseThreadInitThunk [0x75215d49+19]
	ntdll!RtlInitializeExceptionChain [0x7749e00b+6b]
	ntdll!RtlGetAppContainerNamedObjectPath [0x7749df91+231]

[03:21:03] [8/9] Poll error: Message: invalid session id
Stacktrace:
	undetected_chromedriver!GetHandleVerifier [0x1025843+10883]
	undetected_chromedriver!GetHandleVerifier [0x1025884+108c4]
	undetected_chromedriver!(No symbol) [0xe28f1e]
	undetected_chromedriver!(No symbol) [0xe678e7]
	undetected_chromedriver!(No symbol) [0xe95526]
	undetected_chromedriver!(No symbol) [0xe90762]
	undetected_chromedriver!(No symbol) [0xe90141]
	undetected_chromedriver!(No symbol) [0xdfc731]
	undetected_chromedriver!(No symbol) [0xdfccd3]
	undetected_chromedriver!(No symbol) [0xdfd18d]
	undetected_chromedriver!GetHandleVerifier [0x12bced6+2a7f16]
	undetected_chromedriver!GetHandleVerifier [0x12b847b+2a34bb]
	undetected_chromedriver!GetHandleVerifier [0x12d94eb+2c452b]
	undetected_chromedriver!GetHandleVerifier [0x103f566+2a5a6]
	undetected_chromedriver!GetHandleVerifier [0x104620d+3124d]
	undetected_chromedriver!(No symbol) [0xdfc3e0]
	undetected_chromedriver!(No symbol) [0xdfba92]
	undetected_chromedriver!GetHandleVerifier [0x141ec1f+409c5f]
	KERNEL32!BaseThreadInitThunk [0x75215d49+19]
	ntdll!RtlInitializeExceptionChain [0x7749e00b+6b]
	ntdll!RtlGetAppContainerNamedObjectPath [0x7749df91+231]

[03:21:08] [8/9] Poll error: Message: invalid session id
Stacktrace:
	undetected_chromedriver!GetHandleVerifier [0x1025843+10883]
	undetected_chromedriver!GetHandleVerifier [0x1025884+108c4]
	undetected_chromedriver!(No symbol) [0xe28f1e]
	undetected_chromedriver!(No symbol) [0xe678e7]
	undetected_chromedriver!(No symbol) [0xe95526]
	undetected_chromedriver!(No symbol) [0xe90762]
	undetected_chromedriver!(No symbol) [0xe90141]
	undetected_chromedriver!(No symbol) [0xdfc731]
	undetected_chromedriver!(No symbol) [0xdfccd3]
	undetected_chromedriver!(No symbol) [0xdfd18d]
	undetected_chromedriver!GetHandleVerifier [0x12bced6+2a7f16]
	undetected_chromedriver!GetHandleVerifier [0x12b847b+2a34bb]
	undetected_chromedriver!GetHandleVerifier [0x12d94eb+2c452b]
	undetected_chromedriver!GetHandleVerifier [0x103f566+2a5a6]
	undetected_chromedriver!GetHandleVerifier [0x104620d+3124d]
	undetected_chromedriver!(No symbol) [0xdfc3e0]
	undetected_chromedriver!(No symbol) [0xdfba92]
	undetected_chromedriver!GetHandleVerifier [0x141ec1f+409c5f]
	KERNEL32!BaseThreadInitThunk [0x75215d49+19]
	ntdll!RtlInitializeExceptionChain [0x7749e00b+6b]
	ntdll!RtlGetAppContainerNamedObjectPath [0x7749df91+231]

[03:21:13] [8/9] Poll error: Message: invalid session id
Stacktrace:
	undetected_chromedriver!GetHandleVerifier [0x1025843+10883]
	undetected_chromedriver!GetHandleVerifier [0x1025884+108c4]
	undetected_chromedriver!(No symbol) [0xe28f1e]
	undetected_chromedriver!(No symbol) [0xe678e7]
	undetected_chromedriver!(No symbol) [0xe95526]
	undetected_chromedriver!(No symbol) [0xe90762]
	undetected_chromedriver!(No symbol) [0xe90141]
	undetected_chromedriver!(No symbol) [0xdfc731]
	undetected_chromedriver!(No symbol) [0xdfccd3]
	undetected_chromedriver!(No symbol) [0xdfd18d]
	undetected_chromedriver!GetHandleVerifier [0x12bced6+2a7f16]
	undetected_chromedriver!GetHandleVerifier [0x12b847b+2a34bb]
	undetected_chromedriver!GetHandleVerifier [0x12d94eb+2c452b]
	undetected_chromedriver!GetHandleVerifier [0x103f566+2a5a6]
	undetected_chromedriver!GetHandleVerifier [0x104620d+3124d]
	undetected_chromedriver!(No symbol) [0xdfc3e0]
	undetected_chromedriver!(No symbol) [0xdfba92]
	undetected_chromedriver!GetHandleVerifier [0x141ec1f+409c5f]
	KERNEL32!BaseThreadInitThunk [0x75215d49+19]
	ntdll!RtlInitializeExceptionChain [0x7749e00b+6b]
	ntdll!RtlGetAppContainerNamedObjectPath [0x7749df91+231]

[03:21:18] [8/9] Poll error: Message: invalid session id
Stacktrace:
	undetected_chromedriver!GetHandleVerifier [0x1025843+10883]
	undetected_chromedriver!GetHandleVerifier [0x1025884+108c4]
	undetected_chromedriver!(No symbol) [0xe28f1e]
	undetected_chromedriver!(No symbol) [0xe678e7]
	undetected_chromedriver!(No symbol) [0xe95526]
	undetected_chromedriver!(No symbol) [0xe90762]
	undetected_chromedriver!(No symbol) [0xe90141]
	undetected_chromedriver!(No symbol) [0xdfc731]
	undetected_chromedriver!(No symbol) [0xdfccd3]
	undetected_chromedriver!(No symbol) [0xdfd18d]
	undetected_chromedriver!GetHandleVerifier [0x12bced6+2a7f16]
	undetected_chromedriver!GetHandleVerifier [0x12b847b+2a34bb]
	undetected_chromedriver!GetHandleVerifier [0x12d94eb+2c452b]
	undetected_chromedriver!GetHandleVerifier [0x103f566+2a5a6]
	undetected_chromedriver!GetHandleVerifier [0x104620d+3124d]
	undetected_chromedriver!(No symbol) [0xdfc3e0]
	undetected_chromedriver!(No symbol) [0xdfba92]
	undetected_chromedriver!GetHandleVerifier [0x141ec1f+409c5f]
	KERNEL32!BaseThreadInitThunk [0x75215d49+19]
	ntdll!RtlInitializeExceptionChain [0x7749e00b+6b]
	ntdll!RtlGetAppContainerNamedObjectPath [0x7749df91+231]

[03:21:23] [8/9] Uploading... 302s
[03:21:23] [8/9] Poll error: Message: invalid session id
Stacktrace:
	undetected_chromedriver!GetHandleVerifier [0x1025843+10883]
	undetected_chromedriver!GetHandleVerifier [0x1025884+108c4]
	undetected_chromedriver!(No symbol) [0xe28f1e]
	undetected_chromedriver!(No symbol) [0xe678e7]
	undetected_chromedriver!(No symbol) [0xe95526]
	undetected_chromedriver!(No symbol) [0xe90762]
	undetected_chromedriver!(No symbol) [0xe90141]
	undetected_chromedriver!(No symbol) [0xdfc731]
	undetected_chromedriver!(No symbol) [0xdfccd3]
	undetected_chromedriver!(No symbol) [0xdfd18d]
	undetected_chromedriver!GetHandleVerifier [0x12bced6+2a7f16]
	undetected_chromedriver!GetHandleVerifier [0x12b847b+2a34bb]
	undetected_chromedriver!GetHandleVerifier [0x12d94eb+2c452b]
	undetected_chromedriver!GetHandleVerifier [0x103f566+2a5a6]
	undetected_chromedriver!GetHandleVerifier [0x104620d+3124d]
	undetected_chromedriver!(No symbol) [0xdfc3e0]
	undetected_chromedriver!(No symbol) [0xdfba92]
	undetected_chromedriver!GetHandleVerifier [0x141ec1f+409c5f]
	KERNEL32!BaseThreadInitThunk [0x75215d49+19]
	ntdll!RtlInitializeExceptionChain [0x7749e00b+6b]
	ntdll!RtlGetAppContainerNamedObjectPath [0x7749df91+231]

[03:21:28] [8/9] Poll error: Message: invalid session id
Stacktrace:
	undetected_chromedriver!GetHandleVerifier [0x1025843+10883]
	undetected_chromedriver!GetHandleVerifier [0x1025884+108c4]
	undetected_chromedriver!(No symbol) [0xe28f1e]
	undetected_chromedriver!(No symbol) [0xe678e7]
	undetected_chromedriver!(No symbol) [0xe95526]
	undetected_chromedriver!(No symbol) [0xe90762]
	undetected_chromedriver!(No symbol) [0xe90141]
	undetected_chromedriver!(No symbol) [0xdfc731]
	undetected_chromedriver!(No symbol) [0xdfccd3]
	undetected_chromedriver!(No symbol) [0xdfd18d]
	undetected_chromedriver!GetHandleVerifier [0x12bced6+2a7f16]
	undetected_chromedriver!GetHandleVerifier [0x12b847b+2a34bb]
	undetected_chromedriver!GetHandleVerifier [0x12d94eb+2c452b]
	undetected_chromedriver!GetHandleVerifier [0x103f566+2a5a6]
	undetected_chromedriver!GetHandleVerifier [0x104620d+3124d]
	undetected_chromedriver!(No symbol) [0xdfc3e0]
	undetected_chromedriver!(No symbol) [0xdfba92]
	undetected_chromedriver!GetHandleVerifier [0x141ec1f+409c5f]
	KERNEL32!BaseThreadInitThunk [0x75215d49+19]
	ntdll!RtlInitializeExceptionChain [0x7749e00b+6b]
	ntdll!RtlGetAppContainerNamedObjectPath [0x7749df91+231]

[03:21:33] [8/9] Poll error: Message: invalid session id
Stacktrace:
	undetected_chromedriver!GetHandleVerifier [0x1025843+10883]
	undetected_chromedriver!GetHandleVerifier [0x1025884+108c4]
	undetected_chromedriver!(No symbol) [0xe28f1e]
	undetected_chromedriver!(No symbol) [0xe678e7]
	undetected_chromedriver!(No symbol) [0xe95526]
	undetected_chromedriver!(No symbol) [0xe90762]
	undetected_chromedriver!(No symbol) [0xe90141]
	undetected_chromedriver!(No symbol) [0xdfc731]
	undetected_chromedriver!(No symbol) [0xdfccd3]
	undetected_chromedriver!(No symbol) [0xdfd18d]
	undetected_chromedriver!GetHandleVerifier [0x12bced6+2a7f16]
	undetected_chromedriver!GetHandleVerifier [0x12b847b+2a34bb]
	undetected_chromedriver!GetHandleVerifier [0x12d94eb+2c452b]
	undetected_chromedriver!GetHandleVerifier [0x103f566+2a5a6]
	undetected_chromedriver!GetHandleVerifier [0x104620d+3124d]
	undetected_chromedriver!(No symbol) [0xdfc3e0]
	undetected_chromedriver!(No symbol) [0xdfba92]
	undetected_chromedriver!GetHandleVerifier [0x141ec1f+409c5f]
	KERNEL32!BaseThreadInitThunk [0x75215d49+19]
	ntdll!RtlInitializeExceptionChain [0x7749e00b+6b]
	ntdll!RtlGetAppContainerNamedObjectPath [0x7749df91+231]

[03:21:38] [8/9] Poll error: Message: invalid session id
Stacktrace:
	undetected_chromedriver!GetHandleVerifier [0x1025843+10883]
	undetected_chromedriver!GetHandleVerifier [0x1025884+108c4]
	undetected_chromedriver!(No symbol) [0xe28f1e]
	undetected_chromedriver!(No symbol) [0xe678e7]
	undetected_chromedriver!(No symbol) [0xe95526]
	undetected_chromedriver!(No symbol) [0xe90762]
	undetected_chromedriver!(No symbol) [0xe90141]
	undetected_chromedriver!(No symbol) [0xdfc731]
	undetected_chromedriver!(No symbol) [0xdfccd3]
	undetected_chromedriver!(No symbol) [0xdfd18d]
	undetected_chromedriver!GetHandleVerifier [0x12bced6+2a7f16]
	undetected_chromedriver!GetHandleVerifier [0x12b847b+2a34bb]
	undetected_chromedriver!GetHandleVerifier [0x12d94eb+2c452b]
	undetected_chromedriver!GetHandleVerifier [0x103f566+2a5a6]
	undetected_chromedriver!GetHandleVerifier [0x104620d+3124d]
	undetected_chromedriver!(No symbol) [0xdfc3e0]
	undetected_chromedriver!(No symbol) [0xdfba92]
	undetected_chromedriver!GetHandleVerifier [0x141ec1f+409c5f]
	KERNEL32!BaseThreadInitThunk [0x75215d49+19]
	ntdll!RtlInitializeExceptionChain [0x7749e00b+6b]
	ntdll!RtlGetAppContainerNamedObjectPath [0x7749df91+231]

[03:21:43] [8/9] Poll error: Message: invalid session id
Stacktrace:
	undetected_chromedriver!GetHandleVerifier [0x1025843+10883]
	undetected_chromedriver!GetHandleVerifier [0x1025884+108c4]
	undetected_chromedriver!(No symbol) [0xe28f1e]
	undetected_chromedriver!(No symbol) [0xe678e7]
	undetected_chromedriver!(No symbol) [0xe95526]
	undetected_chromedriver!(No symbol) [0xe90762]
	undetected_chromedriver!(No symbol) [0xe90141]
	undetected_chromedriver!(No symbol) [0xdfc731]
	undetected_chromedriver!(No symbol) [0xdfccd3]
	undetected_chromedriver!(No symbol) [0xdfd18d]
	undetected_chromedriver!GetHandleVerifier [0x12bced6+2a7f16]
	undetected_chromedriver!GetHandleVerifier [0x12b847b+2a34bb]
	undetected_chromedriver!GetHandleVerifier [0x12d94eb+2c452b]
	undetected_chromedriver!GetHandleVerifier [0x103f566+2a5a6]
	undetected_chromedriver!GetHandleVerifier [0x104620d+3124d]
	undetected_chromedriver!(No symbol) [0xdfc3e0]
	undetected_chromedriver!(No symbol) [0xdfba92]
	undetected_chromedriver!GetHandleVerifier [0x141ec1f+409c5f]
	KERNEL32!BaseThreadInitThunk [0x75215d49+19]
	ntdll!RtlInitializeExceptionChain [0x7749e00b+6b]
	ntdll!RtlGetAppContainerNamedObjectPath [0x7749df91+231]

[03:21:48] [8/9] Poll error: Message: invalid session id
Stacktrace:
	undetected_chromedriver!GetHandleVerifier [0x1025843+10883]
	undetected_chromedriver!GetHandleVerifier [0x1025884+108c4]
	undetected_chromedriver!(No symbol) [0xe28f1e]
	undetected_chromedriver!(No symbol) [0xe678e7]
	undetected_chromedriver!(No symbol) [0xe95526]
	undetected_chromedriver!(No symbol) [0xe90762]
	undetected_chromedriver!(No symbol) [0xe90141]
	undetected_chromedriver!(No symbol) [0xdfc731]
	undetected_chromedriver!(No symbol) [0xdfccd3]
	undetected_chromedriver!(No symbol) [0xdfd18d]
	undetected_chromedriver!GetHandleVerifier [0x12bced6+2a7f16]
	undetected_chromedriver!GetHandleVerifier [0x12b847b+2a34bb]
	undetected_chromedriver!GetHandleVerifier [0x12d94eb+2c452b]
	undetected_chromedriver!GetHandleVerifier [0x103f566+2a5a6]
	undetected_chromedriver!GetHandleVerifier [0x104620d+3124d]
	undetected_chromedriver!(No symbol) [0xdfc3e0]
	undetected_chromedriver!(No symbol) [0xdfba92]
	undetected_chromedriver!GetHandleVerifier [0x141ec1f+409c5f]
	KERNEL32!BaseThreadInitThunk [0x75215d49+19]
	ntdll!RtlInitializeExceptionChain [0x7749e00b+6b]
	ntdll!RtlGetAppContainerNamedObjectPath [0x7749df91+231]

[03:21:53] [8/9] Uploading... 332s
[03:21:53] [8/9] Poll error: Message: invalid session id
Stacktrace:
	undetected_chromedriver!GetHandleVerifier [0x1025843+10883]
	undetected_chromedriver!GetHandleVerifier [0x1025884+108c4]
	undetected_chromedriver!(No symbol) [0xe28f1e]
	undetected_chromedriver!(No symbol) [0xe678e7]
	undetected_chromedriver!(No symbol) [0xe95526]
	undetected_chromedriver!(No symbol) [0xe90762]
	undetected_chromedriver!(No symbol) [0xe90141]
	undetected_chromedriver!(No symbol) [0xdfc731]
	undetected_chromedriver!(No symbol) [0xdfccd3]
	undetected_chromedriver!(No symbol) [0xdfd18d]
	undetected_chromedriver!GetHandleVerifier [0x12bced6+2a7f16]
	undetected_chromedriver!GetHandleVerifier [0x12b847b+2a34bb]
	undetected_chromedriver!GetHandleVerifier [0x12d94eb+2c452b]
	undetected_chromedriver!GetHandleVerifier [0x103f566+2a5a6]
	undetected_chromedriver!GetHandleVerifier [0x104620d+3124d]
	undetected_chromedriver!(No symbol) [0xdfc3e0]
	undetected_chromedriver!(No symbol) [0xdfba92]
	undetected_chromedriver!GetHandleVerifier [0x141ec1f+409c5f]
	KERNEL32!BaseThreadInitThunk [0x75215d49+19]
	ntdll!RtlInitializeExceptionChain [0x7749e00b+6b]
	ntdll!RtlGetAppContainerNamedObjectPath [0x7749df91+231]

[03:21:58] [8/9] Poll error: Message: invalid session id
Stacktrace:
	undetected_chromedriver!GetHandleVerifier [0x1025843+10883]
	undetected_chromedriver!GetHandleVerifier [0x1025884+108c4]
	undetected_chromedriver!(No symbol) [0xe28f1e]
	undetected_chromedriver!(No symbol) [0xe678e7]
	undetected_chromedriver!(No symbol) [0xe95526]
	undetected_chromedriver!(No symbol) [0xe90762]
	undetected_chromedriver!(No symbol) [0xe90141]
	undetected_chromedriver!(No symbol) [0xdfc731]
	undetected_chromedriver!(No symbol) [0xdfccd3]
	undetected_chromedriver!(No symbol) [0xdfd18d]
	undetected_chromedriver!GetHandleVerifier [0x12bced6+2a7f16]
	undetected_chromedriver!GetHandleVerifier [0x12b847b+2a34bb]
	undetected_chromedriver!GetHandleVerifier [0x12d94eb+2c452b]
	undetected_chromedriver!GetHandleVerifier [0x103f566+2a5a6]
	undetected_chromedriver!GetHandleVerifier [0x104620d+3124d]
	undetected_chromedriver!(No symbol) [0xdfc3e0]
	undetected_chromedriver!(No symbol) [0xdfba92]
	undetected_chromedriver!GetHandleVerifier [0x141ec1f+409c5f]
	KERNEL32!BaseThreadInitThunk [0x75215d49+19]
	ntdll!RtlInitializeExceptionChain [0x7749e00b+6b]
	ntdll!RtlGetAppContainerNamedObjectPath [0x7749df91+231]

[03:22:03] [8/9] Poll error: Message: invalid session id
Stacktrace:
	undetected_chromedriver!GetHandleVerifier [0x1025843+10883]
	undetected_chromedriver!GetHandleVerifier [0x1025884+108c4]
	undetected_chromedriver!(No symbol) [0xe28f1e]
	undetected_chromedriver!(No symbol) [0xe678e7]
	undetected_chromedriver!(No symbol) [0xe95526]
	undetected_chromedriver!(No symbol) [0xe90762]
	undetected_chromedriver!(No symbol) [0xe90141]
	undetected_chromedriver!(No symbol) [0xdfc731]
	undetected_chromedriver!(No symbol) [0xdfccd3]
	undetected_chromedriver!(No symbol) [0xdfd18d]
	undetected_chromedriver!GetHandleVerifier [0x12bced6+2a7f16]
	undetected_chromedriver!GetHandleVerifier [0x12b847b+2a34bb]
	undetected_chromedriver!GetHandleVerifier [0x12d94eb+2c452b]
	undetected_chromedriver!GetHandleVerifier [0x103f566+2a5a6]
	undetected_chromedriver!GetHandleVerifier [0x104620d+3124d]
	undetected_chromedriver!(No symbol) [0xdfc3e0]
	undetected_chromedriver!(No symbol) [0xdfba92]
	undetected_chromedriver!GetHandleVerifier [0x141ec1f+409c5f]
	KERNEL32!BaseThreadInitThunk [0x75215d49+19]
	ntdll!RtlInitializeExceptionChain [0x7749e00b+6b]
	ntdll!RtlGetAppContainerNamedObjectPath [0x7749df91+231]

[03:22:08] [8/9] Poll error: Message: invalid session id
Stacktrace:
	undetected_chromedriver!GetHandleVerifier [0x1025843+10883]
	undetected_chromedriver!GetHandleVerifier [0x1025884+108c4]
	undetected_chromedriver!(No symbol) [0xe28f1e]
	undetected_chromedriver!(No symbol) [0xe678e7]
	undetected_chromedriver!(No symbol) [0xe95526]
	undetected_chromedriver!(No symbol) [0xe90762]
	undetected_chromedriver!(No symbol) [0xe90141]
	undetected_chromedriver!(No symbol) [0xdfc731]
	undetected_chromedriver!(No symbol) [0xdfccd3]
	undetected_chromedriver!(No symbol) [0xdfd18d]
	undetected_chromedriver!GetHandleVerifier [0x12bced6+2a7f16]
	undetected_chromedriver!GetHandleVerifier [0x12b847b+2a34bb]
	undetected_chromedriver!GetHandleVerifier [0x12d94eb+2c452b]
	undetected_chromedriver!GetHandleVerifier [0x103f566+2a5a6]
	undetected_chromedriver!GetHandleVerifier [0x104620d+3124d]
	undetected_chromedriver!(No symbol) [0xdfc3e0]
	undetected_chromedriver!(No symbol) [0xdfba92]
	undetected_chromedriver!GetHandleVerifier [0x141ec1f+409c5f]
	KERNEL32!BaseThreadInitThunk [0x75215d49+19]
	ntdll!RtlInitializeExceptionChain [0x7749e00b+6b]
	ntdll!RtlGetAppContainerNamedObjectPath [0x7749df91+231]

[03:22:13] [8/9] Poll error: Message: invalid session id
Stacktrace:
	undetected_chromedriver!GetHandleVerifier [0x1025843+10883]
	undetected_chromedriver!GetHandleVerifier [0x1025884+108c4]
	undetected_chromedriver!(No symbol) [0xe28f1e]
	undetected_chromedriver!(No symbol) [0xe678e7]
	undetected_chromedriver!(No symbol) [0xe95526]
	undetected_chromedriver!(No symbol) [0xe90762]
	undetected_chromedriver!(No symbol) [0xe90141]
	undetected_chromedriver!(No symbol) [0xdfc731]
	undetected_chromedriver!(No symbol) [0xdfccd3]
	undetected_chromedriver!(No symbol) [0xdfd18d]
	undetected_chromedriver!GetHandleVerifier [0x12bced6+2a7f16]
	undetected_chromedriver!GetHandleVerifier [0x12b847b+2a34bb]
	undetected_chromedriver!GetHandleVerifier [0x12d94eb+2c452b]
	undetected_chromedriver!GetHandleVerifier [0x103f566+2a5a6]
	undetected_chromedriver!GetHandleVerifier [0x104620d+3124d]
	undetected_chromedriver!(No symbol) [0xdfc3e0]
	undetected_chromedriver!(No symbol) [0xdfba92]
	undetected_chromedriver!GetHandleVerifier [0x141ec1f+409c5f]
	KERNEL32!BaseThreadInitThunk [0x75215d49+19]
	ntdll!RtlInitializeExceptionChain [0x7749e00b+6b]
	ntdll!RtlGetAppContainerNamedObjectPath [0x7749df91+231]

[03:22:18] [8/9] Poll error: Message: invalid session id
Stacktrace:
	undetected_chromedriver!GetHandleVerifier [0x1025843+10883]
	undetected_chromedriver!GetHandleVerifier [0x1025884+108c4]
	undetected_chromedriver!(No symbol) [0xe28f1e]
	undetected_chromedriver!(No symbol) [0xe678e7]
	undetected_chromedriver!(No symbol) [0xe95526]
	undetected_chromedriver!(No symbol) [0xe90762]
	undetected_chromedriver!(No symbol) [0xe90141]
	undetected_chromedriver!(No symbol) [0xdfc731]
	undetected_chromedriver!(No symbol) [0xdfccd3]
	undetected_chromedriver!(No symbol) [0xdfd18d]
	undetected_chromedriver!GetHandleVerifier [0x12bced6+2a7f16]
	undetected_chromedriver!GetHandleVerifier [0x12b847b+2a34bb]
	undetected_chromedriver!GetHandleVerifier [0x12d94eb+2c452b]
	undetected_chromedriver!GetHandleVerifier [0x103f566+2a5a6]
	undetected_chromedriver!GetHandleVerifier [0x104620d+3124d]
	undetected_chromedriver!(No symbol) [0xdfc3e0]
	undetected_chromedriver!(No symbol) [0xdfba92]
	undetected_chromedriver!GetHandleVerifier [0x141ec1f+409c5f]
	KERNEL32!BaseThreadInitThunk [0x75215d49+19]
	ntdll!RtlInitializeExceptionChain [0x7749e00b+6b]
	ntdll!RtlGetAppContainerNamedObjectPath [0x7749df91+231]

[03:22:23] [8/9] Uploading... 362s
[03:22:23] [8/9] Poll error: Message: invalid session id
Stacktrace:
	undetected_chromedriver!GetHandleVerifier [0x1025843+10883]
	undetected_chromedriver!GetHandleVerifier [0x1025884+108c4]
	undetected_chromedriver!(No symbol) [0xe28f1e]
	undetected_chromedriver!(No symbol) [0xe678e7]
	undetected_chromedriver!(No symbol) [0xe95526]
	undetected_chromedriver!(No symbol) [0xe90762]
	undetected_chromedriver!(No symbol) [0xe90141]
	undetected_chromedriver!(No symbol) [0xdfc731]
	undetected_chromedriver!(No symbol) [0xdfccd3]
	undetected_chromedriver!(No symbol) [0xdfd18d]
	undetected_chromedriver!GetHandleVerifier [0x12bced6+2a7f16]
	undetected_chromedriver!GetHandleVerifier [0x12b847b+2a34bb]
	undetected_chromedriver!GetHandleVerifier [0x12d94eb+2c452b]
	undetected_chromedriver!GetHandleVerifier [0x103f566+2a5a6]
	undetected_chromedriver!GetHandleVerifier [0x104620d+3124d]
	undetected_chromedriver!(No symbol) [0xdfc3e0]
	undetected_chromedriver!(No symbol) [0xdfba92]
	undetected_chromedriver!GetHandleVerifier [0x141ec1f+409c5f]
	KERNEL32!BaseThreadInitThunk [0x75215d49+19]
	ntdll!RtlInitializeExceptionChain [0x7749e00b+6b]
	ntdll!RtlGetAppContainerNamedObjectPath [0x7749df91+231]

[03:22:28] [8/9] Poll error: Message: invalid session id
Stacktrace:
	undetected_chromedriver!GetHandleVerifier [0x1025843+10883]
	undetected_chromedriver!GetHandleVerifier [0x1025884+108c4]
	undetected_chromedriver!(No symbol) [0xe28f1e]
	undetected_chromedriver!(No symbol) [0xe678e7]
	undetected_chromedriver!(No symbol) [0xe95526]
	undetected_chromedriver!(No symbol) [0xe90762]
	undetected_chromedriver!(No symbol) [0xe90141]
	undetected_chromedriver!(No symbol) [0xdfc731]
	undetected_chromedriver!(No symbol) [0xdfccd3]
	undetected_chromedriver!(No symbol) [0xdfd18d]
	undetected_chromedriver!GetHandleVerifier [0x12bced6+2a7f16]
	undetected_chromedriver!GetHandleVerifier [0x12b847b+2a34bb]
	undetected_chromedriver!GetHandleVerifier [0x12d94eb+2c452b]
	undetected_chromedriver!GetHandleVerifier [0x103f566+2a5a6]
	undetected_chromedriver!GetHandleVerifier [0x104620d+3124d]
	undetected_chromedriver!(No symbol) [0xdfc3e0]
	undetected_chromedriver!(No symbol) [0xdfba92]
	undetected_chromedriver!GetHandleVerifier [0x141ec1f+409c5f]
	KERNEL32!BaseThreadInitThunk [0x75215d49+19]
	ntdll!RtlInitializeExceptionChain [0x7749e00b+6b]
	ntdll!RtlGetAppContainerNamedObjectPath [0x7749df91+231]

[03:22:33] [8/9] Poll error: Message: invalid session id
Stacktrace:
	undetected_chromedriver!GetHandleVerifier [0x1025843+10883]
	undetected_chromedriver!GetHandleVerifier [0x1025884+108c4]
	undetected_chromedriver!(No symbol) [0xe28f1e]
	undetected_chromedriver!(No symbol) [0xe678e7]
	undetected_chromedriver!(No symbol) [0xe95526]
	undetected_chromedriver!(No symbol) [0xe90762]
	undetected_chromedriver!(No symbol) [0xe90141]
	undetected_chromedriver!(No symbol) [0xdfc731]
	undetected_chromedriver!(No symbol) [0xdfccd3]
	undetected_chromedriver!(No symbol) [0xdfd18d]
	undetected_chromedriver!GetHandleVerifier [0x12bced6+2a7f16]
	undetected_chromedriver!GetHandleVerifier [0x12b847b+2a34bb]
	undetected_chromedriver!GetHandleVerifier [0x12d94eb+2c452b]
	undetected_chromedriver!GetHandleVerifier [0x103f566+2a5a6]
	undetected_chromedriver!GetHandleVerifier [0x104620d+3124d]
	undetected_chromedriver!(No symbol) [0xdfc3e0]
	undetected_chromedriver!(No symbol) [0xdfba92]
	undetected_chromedriver!GetHandleVerifier [0x141ec1f+409c5f]
	KERNEL32!BaseThreadInitThunk [0x75215d49+19]
	ntdll!RtlInitializeExceptionChain [0x7749e00b+6b]
	ntdll!RtlGetAppContainerNamedObjectPath [0x7749df91+231]

[03:22:38] [8/9] Poll error: Message: invalid session id
Stacktrace:
	undetected_chromedriver!GetHandleVerifier [0x1025843+10883]
	undetected_chromedriver!GetHandleVerifier [0x1025884+108c4]
	undetected_chromedriver!(No symbol) [0xe28f1e]
	undetected_chromedriver!(No symbol) [0xe678e7]
	undetected_chromedriver!(No symbol) [0xe95526]
	undetected_chromedriver!(No symbol) [0xe90762]
	undetected_chromedriver!(No symbol) [0xe90141]
	undetected_chromedriver!(No symbol) [0xdfc731]
	undetected_chromedriver!(No symbol) [0xdfccd3]
	undetected_chromedriver!(No symbol) [0xdfd18d]
	undetected_chromedriver!GetHandleVerifier [0x12bced6+2a7f16]
	undetected_chromedriver!GetHandleVerifier [0x12b847b+2a34bb]
	undetected_chromedriver!GetHandleVerifier [0x12d94eb+2c452b]
	undetected_chromedriver!GetHandleVerifier [0x103f566+2a5a6]
	undetected_chromedriver!GetHandleVerifier [0x104620d+3124d]
	undetected_chromedriver!(No symbol) [0xdfc3e0]
	undetected_chromedriver!(No symbol) [0xdfba92]
	undetected_chromedriver!GetHandleVerifier [0x141ec1f+409c5f]
	KERNEL32!BaseThreadInitThunk [0x75215d49+19]
	ntdll!RtlInitializeExceptionChain [0x7749e00b+6b]
	ntdll!RtlGetAppContainerNamedObjectPath [0x7749df91+231]

[03:22:43] [8/9] Poll error: Message: invalid session id
Stacktrace:
	undetected_chromedriver!GetHandleVerifier [0x1025843+10883]
	undetected_chromedriver!GetHandleVerifier [0x1025884+108c4]
	undetected_chromedriver!(No symbol) [0xe28f1e]
	undetected_chromedriver!(No symbol) [0xe678e7]
	undetected_chromedriver!(No symbol) [0xe95526]
	undetected_chromedriver!(No symbol) [0xe90762]
	undetected_chromedriver!(No symbol) [0xe90141]
	undetected_chromedriver!(No symbol) [0xdfc731]
	undetected_chromedriver!(No symbol) [0xdfccd3]
	undetected_chromedriver!(No symbol) [0xdfd18d]
	undetected_chromedriver!GetHandleVerifier [0x12bced6+2a7f16]
	undetected_chromedriver!GetHandleVerifier [0x12b847b+2a34bb]
	undetected_chromedriver!GetHandleVerifier [0x12d94eb+2c452b]
	undetected_chromedriver!GetHandleVerifier [0x103f566+2a5a6]
	undetected_chromedriver!GetHandleVerifier [0x104620d+3124d]
	undetected_chromedriver!(No symbol) [0xdfc3e0]
	undetected_chromedriver!(No symbol) [0xdfba92]
	undetected_chromedriver!GetHandleVerifier [0x141ec1f+409c5f]
	KERNEL32!BaseThreadInitThunk [0x75215d49+19]
	ntdll!RtlInitializeExceptionChain [0x7749e00b+6b]
	ntdll!RtlGetAppContainerNamedObjectPath [0x7749df91+231]

[03:22:48] [8/9] Poll error: Message: invalid session id
Stacktrace:
	undetected_chromedriver!GetHandleVerifier [0x1025843+10883]
	undetected_chromedriver!GetHandleVerifier [0x1025884+108c4]
	undetected_chromedriver!(No symbol) [0xe28f1e]
	undetected_chromedriver!(No symbol) [0xe678e7]
	undetected_chromedriver!(No symbol) [0xe95526]
	undetected_chromedriver!(No symbol) [0xe90762]
	undetected_chromedriver!(No symbol) [0xe90141]
	undetected_chromedriver!(No symbol) [0xdfc731]
	undetected_chromedriver!(No symbol) [0xdfccd3]
	undetected_chromedriver!(No symbol) [0xdfd18d]
	undetected_chromedriver!GetHandleVerifier [0x12bced6+2a7f16]
	undetected_chromedriver!GetHandleVerifier [0x12b847b+2a34bb]
	undetected_chromedriver!GetHandleVerifier [0x12d94eb+2c452b]
	undetected_chromedriver!GetHandleVerifier [0x103f566+2a5a6]
	undetected_chromedriver!GetHandleVerifier [0x104620d+3124d]
	undetected_chromedriver!(No symbol) [0xdfc3e0]
	undetected_chromedriver!(No symbol) [0xdfba92]
	undetected_chromedriver!GetHandleVerifier [0x141ec1f+409c5f]
	KERNEL32!BaseThreadInitThunk [0x75215d49+19]
	ntdll!RtlInitializeExceptionChain [0x7749e00b+6b]
	ntdll!RtlGetAppContainerNamedObjectPath [0x7749df91+231]

[03:22:53] [8/9] Uploading... 392s
[03:22:53] [8/9] Poll error: Message: invalid session id
Stacktrace:
	undetected_chromedriver!GetHandleVerifier [0x1025843+10883]
	undetected_chromedriver!GetHandleVerifier [0x1025884+108c4]
	undetected_chromedriver!(No symbol) [0xe28f1e]
	undetected_chromedriver!(No symbol) [0xe678e7]
	undetected_chromedriver!(No symbol) [0xe95526]
	undetected_chromedriver!(No symbol) [0xe90762]
	undetected_chromedriver!(No symbol) [0xe90141]
	undetected_chromedriver!(No symbol) [0xdfc731]
	undetected_chromedriver!(No symbol) [0xdfccd3]
	undetected_chromedriver!(No symbol) [0xdfd18d]
	undetected_chromedriver!GetHandleVerifier [0x12bced6+2a7f16]
	undetected_chromedriver!GetHandleVerifier [0x12b847b+2a34bb]
	undetected_chromedriver!GetHandleVerifier [0x12d94eb+2c452b]
	undetected_chromedriver!GetHandleVerifier [0x103f566+2a5a6]
	undetected_chromedriver!GetHandleVerifier [0x104620d+3124d]
	undetected_chromedriver!(No symbol) [0xdfc3e0]
	undetected_chromedriver!(No symbol) [0xdfba92]
	undetected_chromedriver!GetHandleVerifier [0x141ec1f+409c5f]
	KERNEL32!BaseThreadInitThunk [0x75215d49+19]
	ntdll!RtlInitializeExceptionChain [0x7749e00b+6b]
	ntdll!RtlGetAppContainerNamedObjectPath [0x7749df91+231]

[03:22:58] [8/9] Poll error: Message: invalid session id
Stacktrace:
	undetected_chromedriver!GetHandleVerifier [0x1025843+10883]
	undetected_chromedriver!GetHandleVerifier [0x1025884+108c4]
	undetected_chromedriver!(No symbol) [0xe28f1e]
	undetected_chromedriver!(No symbol) [0xe678e7]
	undetected_chromedriver!(No symbol) [0xe95526]
	undetected_chromedriver!(No symbol) [0xe90762]
	undetected_chromedriver!(No symbol) [0xe90141]
	undetected_chromedriver!(No symbol) [0xdfc731]
	undetected_chromedriver!(No symbol) [0xdfccd3]
	undetected_chromedriver!(No symbol) [0xdfd18d]
	undetected_chromedriver!GetHandleVerifier [0x12bced6+2a7f16]
	undetected_chromedriver!GetHandleVerifier [0x12b847b+2a34bb]
	undetected_chromedriver!GetHandleVerifier [0x12d94eb+2c452b]
	undetected_chromedriver!GetHandleVerifier [0x103f566+2a5a6]
	undetected_chromedriver!GetHandleVerifier [0x104620d+3124d]
	undetected_chromedriver!(No symbol) [0xdfc3e0]
	undetected_chromedriver!(No symbol) [0xdfba92]
	undetected_chromedriver!GetHandleVerifier [0x141ec1f+409c5f]
	KERNEL32!BaseThreadInitThunk [0x75215d49+19]
	ntdll!RtlInitializeExceptionChain [0x7749e00b+6b]
	ntdll!RtlGetAppContainerNamedObjectPath [0x7749df91+231]

[03:23:03] [8/9] Poll error: Message: invalid session id
Stacktrace:
	undetected_chromedriver!GetHandleVerifier [0x1025843+10883]
	undetected_chromedriver!GetHandleVerifier [0x1025884+108c4]
	undetected_chromedriver!(No symbol) [0xe28f1e]
	undetected_chromedriver!(No symbol) [0xe678e7]
	undetected_chromedriver!(No symbol) [0xe95526]
	undetected_chromedriver!(No symbol) [0xe90762]
	undetected_chromedriver!(No symbol) [0xe90141]
	undetected_chromedriver!(No symbol) [0xdfc731]
	undetected_chromedriver!(No symbol) [0xdfccd3]
	undetected_chromedriver!(No symbol) [0xdfd18d]
	undetected_chromedriver!GetHandleVerifier [0x12bced6+2a7f16]
	undetected_chromedriver!GetHandleVerifier [0x12b847b+2a34bb]
	undetected_chromedriver!GetHandleVerifier [0x12d94eb+2c452b]
	undetected_chromedriver!GetHandleVerifier [0x103f566+2a5a6]
	undetected_chromedriver!GetHandleVerifier [0x104620d+3124d]
	undetected_chromedriver!(No symbol) [0xdfc3e0]
	undetected_chromedriver!(No symbol) [0xdfba92]
	undetected_chromedriver!GetHandleVerifier [0x141ec1f+409c5f]
	KERNEL32!BaseThreadInitThunk [0x75215d49+19]
	ntdll!RtlInitializeExceptionChain [0x7749e00b+6b]
	ntdll!RtlGetAppContainerNamedObjectPath [0x7749df91+231]

[03:23:08] [8/9] Poll error: Message: invalid session id
Stacktrace:
	undetected_chromedriver!GetHandleVerifier [0x1025843+10883]
	undetected_chromedriver!GetHandleVerifier [0x1025884+108c4]
	undetected_chromedriver!(No symbol) [0xe28f1e]
	undetected_chromedriver!(No symbol) [0xe678e7]
	undetected_chromedriver!(No symbol) [0xe95526]
	undetected_chromedriver!(No symbol) [0xe90762]
	undetected_chromedriver!(No symbol) [0xe90141]
	undetected_chromedriver!(No symbol) [0xdfc731]
	undetected_chromedriver!(No symbol) [0xdfccd3]
	undetected_chromedriver!(No symbol) [0xdfd18d]
	undetected_chromedriver!GetHandleVerifier [0x12bced6+2a7f16]
	undetected_chromedriver!GetHandleVerifier [0x12b847b+2a34bb]
	undetected_chromedriver!GetHandleVerifier [0x12d94eb+2c452b]
	undetected_chromedriver!GetHandleVerifier [0x103f566+2a5a6]
	undetected_chromedriver!GetHandleVerifier [0x104620d+3124d]
	undetected_chromedriver!(No symbol) [0xdfc3e0]
	undetected_chromedriver!(No symbol) [0xdfba92]
	undetected_chromedriver!GetHandleVerifier [0x141ec1f+409c5f]
	KERNEL32!BaseThreadInitThunk [0x75215d49+19]
	ntdll!RtlInitializeExceptionChain [0x7749e00b+6b]
	ntdll!RtlGetAppContainerNamedObjectPath [0x7749df91+231]

[03:23:13] [8/9] Poll error: Message: invalid session id
Stacktrace:
	undetected_chromedriver!GetHandleVerifier [0x1025843+10883]
	undetected_chromedriver!GetHandleVerifier [0x1025884+108c4]
	undetected_chromedriver!(No symbol) [0xe28f1e]
	undetected_chromedriver!(No symbol) [0xe678e7]
	undetected_chromedriver!(No symbol) [0xe95526]
	undetected_chromedriver!(No symbol) [0xe90762]
	undetected_chromedriver!(No symbol) [0xe90141]
	undetected_chromedriver!(No symbol) [0xdfc731]
	undetected_chromedriver!(No symbol) [0xdfccd3]
	undetected_chromedriver!(No symbol) [0xdfd18d]
	undetected_chromedriver!GetHandleVerifier [0x12bced6+2a7f16]
	undetected_chromedriver!GetHandleVerifier [0x12b847b+2a34bb]
	undetected_chromedriver!GetHandleVerifier [0x12d94eb+2c452b]
	undetected_chromedriver!GetHandleVerifier [0x103f566+2a5a6]
	undetected_chromedriver!GetHandleVerifier [0x104620d+3124d]
	undetected_chromedriver!(No symbol) [0xdfc3e0]
	undetected_chromedriver!(No symbol) [0xdfba92]
	undetected_chromedriver!GetHandleVerifier [0x141ec1f+409c5f]
	KERNEL32!BaseThreadInitThunk [0x75215d49+19]
	ntdll!RtlInitializeExceptionChain [0x7749e00b+6b]
	ntdll!RtlGetAppContainerNamedObjectPath [0x7749df91+231]

[03:23:18] [8/9] Poll error: Message: invalid session id
Stacktrace:
	undetected_chromedriver!GetHandleVerifier [0x1025843+10883]
	undetected_chromedriver!GetHandleVerifier [0x1025884+108c4]
	undetected_chromedriver!(No symbol) [0xe28f1e]
	undetected_chromedriver!(No symbol) [0xe678e7]
	undetected_chromedriver!(No symbol) [0xe95526]
	undetected_chromedriver!(No symbol) [0xe90762]
	undetected_chromedriver!(No symbol) [0xe90141]
	undetected_chromedriver!(No symbol) [0xdfc731]
	undetected_chromedriver!(No symbol) [0xdfccd3]
	undetected_chromedriver!(No symbol) [0xdfd18d]
	undetected_chromedriver!GetHandleVerifier [0x12bced6+2a7f16]
	undetected_chromedriver!GetHandleVerifier [0x12b847b+2a34bb]
	undetected_chromedriver!GetHandleVerifier [0x12d94eb+2c452b]
	undetected_chromedriver!GetHandleVerifier [0x103f566+2a5a6]
	undetected_chromedriver!GetHandleVerifier [0x104620d+3124d]
	undetected_chromedriver!(No symbol) [0xdfc3e0]
	undetected_chromedriver!(No symbol) [0xdfba92]
	undetected_chromedriver!GetHandleVerifier [0x141ec1f+409c5f]
	KERNEL32!BaseThreadInitThunk [0x75215d49+19]
	ntdll!RtlInitializeExceptionChain [0x7749e00b+6b]
	ntdll!RtlGetAppContainerNamedObjectPath [0x7749df91+231]

[03:23:23] [8/9] Uploading... 422s
[03:23:23] [8/9] Poll error: Message: invalid session id
Stacktrace:
	undetected_chromedriver!GetHandleVerifier [0x1025843+10883]
	undetected_chromedriver!GetHandleVerifier [0x1025884+108c4]
	undetected_chromedriver!(No symbol) [0xe28f1e]
	undetected_chromedriver!(No symbol) [0xe678e7]
	undetected_chromedriver!(No symbol) [0xe95526]
	undetected_chromedriver!(No symbol) [0xe90762]
	undetected_chromedriver!(No symbol) [0xe90141]
	undetected_chromedriver!(No symbol) [0xdfc731]
	undetected_chromedriver!(No symbol) [0xdfccd3]
	undetected_chromedriver!(No symbol) [0xdfd18d]
	undetected_chromedriver!GetHandleVerifier [0x12bced6+2a7f16]
	undetected_chromedriver!GetHandleVerifier [0x12b847b+2a34bb]
	undetected_chromedriver!GetHandleVerifier [0x12d94eb+2c452b]
	undetected_chromedriver!GetHandleVerifier [0x103f566+2a5a6]
	undetected_chromedriver!GetHandleVerifier [0x104620d+3124d]
	undetected_chromedriver!(No symbol) [0xdfc3e0]
	undetected_chromedriver!(No symbol) [0xdfba92]
	undetected_chromedriver!GetHandleVerifier [0x141ec1f+409c5f]
	KERNEL32!BaseThreadInitThunk [0x75215d49+19]
	ntdll!RtlInitializeExceptionChain [0x7749e00b+6b]
	ntdll!RtlGetAppContainerNamedObjectPath [0x7749df91+231]

[03:23:28] [8/9] Poll error: Message: invalid session id
Stacktrace:
	undetected_chromedriver!GetHandleVerifier [0x1025843+10883]
	undetected_chromedriver!GetHandleVerifier [0x1025884+108c4]
	undetected_chromedriver!(No symbol) [0xe28f1e]
	undetected_chromedriver!(No symbol) [0xe678e7]
	undetected_chromedriver!(No symbol) [0xe95526]
	undetected_chromedriver!(No symbol) [0xe90762]
	undetected_chromedriver!(No symbol) [0xe90141]
	undetected_chromedriver!(No symbol) [0xdfc731]
	undetected_chromedriver!(No symbol) [0xdfccd3]
	undetected_chromedriver!(No symbol) [0xdfd18d]
	undetected_chromedriver!GetHandleVerifier [0x12bced6+2a7f16]
	undetected_chromedriver!GetHandleVerifier [0x12b847b+2a34bb]
	undetected_chromedriver!GetHandleVerifier [0x12d94eb+2c452b]
	undetected_chromedriver!GetHandleVerifier [0x103f566+2a5a6]
	undetected_chromedriver!GetHandleVerifier [0x104620d+3124d]
	undetected_chromedriver!(No symbol) [0xdfc3e0]
	undetected_chromedriver!(No symbol) [0xdfba92]
	undetected_chromedriver!GetHandleVerifier [0x141ec1f+409c5f]
	KERNEL32!BaseThreadInitThunk [0x75215d49+19]
	ntdll!RtlInitializeExceptionChain [0x7749e00b+6b]
	ntdll!RtlGetAppContainerNamedObjectPath [0x7749df91+231]

[03:23:33] [8/9] Poll error: Message: invalid session id
Stacktrace:
	undetected_chromedriver!GetHandleVerifier [0x1025843+10883]
	undetected_chromedriver!GetHandleVerifier [0x1025884+108c4]
	undetected_chromedriver!(No symbol) [0xe28f1e]
	undetected_chromedriver!(No symbol) [0xe678e7]
	undetected_chromedriver!(No symbol) [0xe95526]
	undetected_chromedriver!(No symbol) [0xe90762]
	undetected_chromedriver!(No symbol) [0xe90141]
	undetected_chromedriver!(No symbol) [0xdfc731]
	undetected_chromedriver!(No symbol) [0xdfccd3]
	undetected_chromedriver!(No symbol) [0xdfd18d]
	undetected_chromedriver!GetHandleVerifier [0x12bced6+2a7f16]
	undetected_chromedriver!GetHandleVerifier [0x12b847b+2a34bb]
	undetected_chromedriver!GetHandleVerifier [0x12d94eb+2c452b]
	undetected_chromedriver!GetHandleVerifier [0x103f566+2a5a6]
	undetected_chromedriver!GetHandleVerifier [0x104620d+3124d]
	undetected_chromedriver!(No symbol) [0xdfc3e0]
	undetected_chromedriver!(No symbol) [0xdfba92]
	undetected_chromedriver!GetHandleVerifier [0x141ec1f+409c5f]
	KERNEL32!BaseThreadInitThunk [0x75215d49+19]
	ntdll!RtlInitializeExceptionChain [0x7749e00b+6b]
	ntdll!RtlGetAppContainerNamedObjectPath [0x7749df91+231]

[03:23:38] [8/9] Poll error: Message: invalid session id
Stacktrace:
	undetected_chromedriver!GetHandleVerifier [0x1025843+10883]
	undetected_chromedriver!GetHandleVerifier [0x1025884+108c4]
	undetected_chromedriver!(No symbol) [0xe28f1e]
	undetected_chromedriver!(No symbol) [0xe678e7]
	undetected_chromedriver!(No symbol) [0xe95526]
	undetected_chromedriver!(No symbol) [0xe90762]
	undetected_chromedriver!(No symbol) [0xe90141]
	undetected_chromedriver!(No symbol) [0xdfc731]
	undetected_chromedriver!(No symbol) [0xdfccd3]
	undetected_chromedriver!(No symbol) [0xdfd18d]
	undetected_chromedriver!GetHandleVerifier [0x12bced6+2a7f16]
	undetected_chromedriver!GetHandleVerifier [0x12b847b+2a34bb]
	undetected_chromedriver!GetHandleVerifier [0x12d94eb+2c452b]
	undetected_chromedriver!GetHandleVerifier [0x103f566+2a5a6]
	undetected_chromedriver!GetHandleVerifier [0x104620d+3124d]
	undetected_chromedriver!(No symbol) [0xdfc3e0]
	undetected_chromedriver!(No symbol) [0xdfba92]
	undetected_chromedriver!GetHandleVerifier [0x141ec1f+409c5f]
	KERNEL32!BaseThreadInitThunk [0x75215d49+19]
	ntdll!RtlInitializeExceptionChain [0x7749e00b+6b]
	ntdll!RtlGetAppContainerNamedObjectPath [0x7749df91+231]

[03:23:43] [8/9] Poll error: Message: invalid session id
Stacktrace:
	undetected_chromedriver!GetHandleVerifier [0x1025843+10883]
	undetected_chromedriver!GetHandleVerifier [0x1025884+108c4]
	undetected_chromedriver!(No symbol) [0xe28f1e]
	undetected_chromedriver!(No symbol) [0xe678e7]
	undetected_chromedriver!(No symbol) [0xe95526]
	undetected_chromedriver!(No symbol) [0xe90762]
	undetected_chromedriver!(No symbol) [0xe90141]
	undetected_chromedriver!(No symbol) [0xdfc731]
	undetected_chromedriver!(No symbol) [0xdfccd3]
	undetected_chromedriver!(No symbol) [0xdfd18d]
	undetected_chromedriver!GetHandleVerifier [0x12bced6+2a7f16]
	undetected_chromedriver!GetHandleVerifier [0x12b847b+2a34bb]
	undetected_chromedriver!GetHandleVerifier [0x12d94eb+2c452b]
	undetected_chromedriver!GetHandleVerifier [0x103f566+2a5a6]
	undetected_chromedriver!GetHandleVerifier [0x104620d+3124d]
	undetected_chromedriver!(No symbol) [0xdfc3e0]
	undetected_chromedriver!(No symbol) [0xdfba92]
	undetected_chromedriver!GetHandleVerifier [0x141ec1f+409c5f]
	KERNEL32!BaseThreadInitThunk [0x75215d49+19]
	ntdll!RtlInitializeExceptionChain [0x7749e00b+6b]
	ntdll!RtlGetAppContainerNamedObjectPath [0x7749df91+231]

[03:23:48] [8/9] Poll error: Message: invalid session id
Stacktrace:
	undetected_chromedriver!GetHandleVerifier [0x1025843+10883]
	undetected_chromedriver!GetHandleVerifier [0x1025884+108c4]
	undetected_chromedriver!(No symbol) [0xe28f1e]
	undetected_chromedriver!(No symbol) [0xe678e7]
	undetected_chromedriver!(No symbol) [0xe95526]
	undetected_chromedriver!(No symbol) [0xe90762]
	undetected_chromedriver!(No symbol) [0xe90141]
	undetected_chromedriver!(No symbol) [0xdfc731]
	undetected_chromedriver!(No symbol) [0xdfccd3]
	undetected_chromedriver!(No symbol) [0xdfd18d]
	undetected_chromedriver!GetHandleVerifier [0x12bced6+2a7f16]
	undetected_chromedriver!GetHandleVerifier [0x12b847b+2a34bb]
	undetected_chromedriver!GetHandleVerifier [0x12d94eb+2c452b]
	undetected_chromedriver!GetHandleVerifier [0x103f566+2a5a6]
	undetected_chromedriver!GetHandleVerifier [0x104620d+3124d]
	undetected_chromedriver!(No symbol) [0xdfc3e0]
	undetected_chromedriver!(No symbol) [0xdfba92]
	undetected_chromedriver!GetHandleVerifier [0x141ec1f+409c5f]
	KERNEL32!BaseThreadInitThunk [0x75215d49+19]
	ntdll!RtlInitializeExceptionChain [0x7749e00b+6b]
	ntdll!RtlGetAppContainerNamedObjectPath [0x7749df91+231]

[03:23:53] [8/9] Uploading... 452s
[03:23:53] [8/9] Poll error: Message: invalid session id
Stacktrace:
	undetected_chromedriver!GetHandleVerifier [0x1025843+10883]
	undetected_chromedriver!GetHandleVerifier [0x1025884+108c4]
	undetected_chromedriver!(No symbol) [0xe28f1e]
	undetected_chromedriver!(No symbol) [0xe678e7]
	undetected_chromedriver!(No symbol) [0xe95526]
	undetected_chromedriver!(No symbol) [0xe90762]
	undetected_chromedriver!(No symbol) [0xe90141]
	undetected_chromedriver!(No symbol) [0xdfc731]
	undetected_chromedriver!(No symbol) [0xdfccd3]
	undetected_chromedriver!(No symbol) [0xdfd18d]
	undetected_chromedriver!GetHandleVerifier [0x12bced6+2a7f16]
	undetected_chromedriver!GetHandleVerifier [0x12b847b+2a34bb]
	undetected_chromedriver!GetHandleVerifier [0x12d94eb+2c452b]
	undetected_chromedriver!GetHandleVerifier [0x103f566+2a5a6]
	undetected_chromedriver!GetHandleVerifier [0x104620d+3124d]
	undetected_chromedriver!(No symbol) [0xdfc3e0]
	undetected_chromedriver!(No symbol) [0xdfba92]
	undetected_chromedriver!GetHandleVerifier [0x141ec1f+409c5f]
	KERNEL32!BaseThreadInitThunk [0x75215d49+19]
	ntdll!RtlInitializeExceptionChain [0x7749e00b+6b]
	ntdll!RtlGetAppContainerNamedObjectPath [0x7749df91+231]

[03:23:58] [8/9] Poll error: Message: invalid session id
Stacktrace:
	undetected_chromedriver!GetHandleVerifier [0x1025843+10883]
	undetected_chromedriver!GetHandleVerifier [0x1025884+108c4]
	undetected_chromedriver!(No symbol) [0xe28f1e]
	undetected_chromedriver!(No symbol) [0xe678e7]
	undetected_chromedriver!(No symbol) [0xe95526]
	undetected_chromedriver!(No symbol) [0xe90762]
	undetected_chromedriver!(No symbol) [0xe90141]
	undetected_chromedriver!(No symbol) [0xdfc731]
	undetected_chromedriver!(No symbol) [0xdfccd3]
	undetected_chromedriver!(No symbol) [0xdfd18d]
	undetected_chromedriver!GetHandleVerifier [0x12bced6+2a7f16]
	undetected_chromedriver!GetHandleVerifier [0x12b847b+2a34bb]
	undetected_chromedriver!GetHandleVerifier [0x12d94eb+2c452b]
	undetected_chromedriver!GetHandleVerifier [0x103f566+2a5a6]
	undetected_chromedriver!GetHandleVerifier [0x104620d+3124d]
	undetected_chromedriver!(No symbol) [0xdfc3e0]
	undetected_chromedriver!(No symbol) [0xdfba92]
	undetected_chromedriver!GetHandleVerifier [0x141ec1f+409c5f]
	KERNEL32!BaseThreadInitThunk [0x75215d49+19]
	ntdll!RtlInitializeExceptionChain [0x7749e00b+6b]
	ntdll!RtlGetAppContainerNamedObjectPath [0x7749df91+231]

[03:24:03] [8/9] Poll error: Message: invalid session id
Stacktrace:
	undetected_chromedriver!GetHandleVerifier [0x1025843+10883]
	undetected_chromedriver!GetHandleVerifier [0x1025884+108c4]
	undetected_chromedriver!(No symbol) [0xe28f1e]
	undetected_chromedriver!(No symbol) [0xe678e7]
	undetected_chromedriver!(No symbol) [0xe95526]
	undetected_chromedriver!(No symbol) [0xe90762]
	undetected_chromedriver!(No symbol) [0xe90141]
	undetected_chromedriver!(No symbol) [0xdfc731]
	undetected_chromedriver!(No symbol) [0xdfccd3]
	undetected_chromedriver!(No symbol) [0xdfd18d]
	undetected_chromedriver!GetHandleVerifier [0x12bced6+2a7f16]
	undetected_chromedriver!GetHandleVerifier [0x12b847b+2a34bb]
	undetected_chromedriver!GetHandleVerifier [0x12d94eb+2c452b]
	undetected_chromedriver!GetHandleVerifier [0x103f566+2a5a6]
	undetected_chromedriver!GetHandleVerifier [0x104620d+3124d]
	undetected_chromedriver!(No symbol) [0xdfc3e0]
	undetected_chromedriver!(No symbol) [0xdfba92]
	undetected_chromedriver!GetHandleVerifier [0x141ec1f+409c5f]
	KERNEL32!BaseThreadInitThunk [0x75215d49+19]
	ntdll!RtlInitializeExceptionChain [0x7749e00b+6b]
	ntdll!RtlGetAppContainerNamedObjectPath [0x7749df91+231]

[03:24:08] [8/9] Poll error: Message: invalid session id
Stacktrace:
	undetected_chromedriver!GetHandleVerifier [0x1025843+10883]
	undetected_chromedriver!GetHandleVerifier [0x1025884+108c4]
	undetected_chromedriver!(No symbol) [0xe28f1e]
	undetected_chromedriver!(No symbol) [0xe678e7]
	undetected_chromedriver!(No symbol) [0xe95526]
	undetected_chromedriver!(No symbol) [0xe90762]
	undetected_chromedriver!(No symbol) [0xe90141]
	undetected_chromedriver!(No symbol) [0xdfc731]
	undetected_chromedriver!(No symbol) [0xdfccd3]
	undetected_chromedriver!(No symbol) [0xdfd18d]
	undetected_chromedriver!GetHandleVerifier [0x12bced6+2a7f16]
	undetected_chromedriver!GetHandleVerifier [0x12b847b+2a34bb]
	undetected_chromedriver!GetHandleVerifier [0x12d94eb+2c452b]
	undetected_chromedriver!GetHandleVerifier [0x103f566+2a5a6]
	undetected_chromedriver!GetHandleVerifier [0x104620d+3124d]
	undetected_chromedriver!(No symbol) [0xdfc3e0]
	undetected_chromedriver!(No symbol) [0xdfba92]
	undetected_chromedriver!GetHandleVerifier [0x141ec1f+409c5f]
	KERNEL32!BaseThreadInitThunk [0x75215d49+19]
	ntdll!RtlInitializeExceptionChain [0x7749e00b+6b]
	ntdll!RtlGetAppContainerNamedObjectPath [0x7749df91+231]

[03:24:13] [8/9] Poll error: Message: invalid session id
Stacktrace:
	undetected_chromedriver!GetHandleVerifier [0x1025843+10883]
	undetected_chromedriver!GetHandleVerifier [0x1025884+108c4]
	undetected_chromedriver!(No symbol) [0xe28f1e]
	undetected_chromedriver!(No symbol) [0xe678e7]
	undetected_chromedriver!(No symbol) [0xe95526]
	undetected_chromedriver!(No symbol) [0xe90762]
	undetected_chromedriver!(No symbol) [0xe90141]
	undetected_chromedriver!(No symbol) [0xdfc731]
	undetected_chromedriver!(No symbol) [0xdfccd3]
	undetected_chromedriver!(No symbol) [0xdfd18d]
	undetected_chromedriver!GetHandleVerifier [0x12bced6+2a7f16]
	undetected_chromedriver!GetHandleVerifier [0x12b847b+2a34bb]
	undetected_chromedriver!GetHandleVerifier [0x12d94eb+2c452b]
	undetected_chromedriver!GetHandleVerifier [0x103f566+2a5a6]
	undetected_chromedriver!GetHandleVerifier [0x104620d+3124d]
	undetected_chromedriver!(No symbol) [0xdfc3e0]
	undetected_chromedriver!(No symbol) [0xdfba92]
	undetected_chromedriver!GetHandleVerifier [0x141ec1f+409c5f]
	KERNEL32!BaseThreadInitThunk [0x75215d49+19]
	ntdll!RtlInitializeExceptionChain [0x7749e00b+6b]
	ntdll!RtlGetAppContainerNamedObjectPath [0x7749df91+231]

[03:24:18] [8/9] Poll error: Message: invalid session id
Stacktrace:
	undetected_chromedriver!GetHandleVerifier [0x1025843+10883]
	undetected_chromedriver!GetHandleVerifier [0x1025884+108c4]
	undetected_chromedriver!(No symbol) [0xe28f1e]
	undetected_chromedriver!(No symbol) [0xe678e7]
	undetected_chromedriver!(No symbol) [0xe95526]
	undetected_chromedriver!(No symbol) [0xe90762]
	undetected_chromedriver!(No symbol) [0xe90141]
	undetected_chromedriver!(No symbol) [0xdfc731]
	undetected_chromedriver!(No symbol) [0xdfccd3]
	undetected_chromedriver!(No symbol) [0xdfd18d]
	undetected_chromedriver!GetHandleVerifier [0x12bced6+2a7f16]
	undetected_chromedriver!GetHandleVerifier [0x12b847b+2a34bb]
	undetected_chromedriver!GetHandleVerifier [0x12d94eb+2c452b]
	undetected_chromedriver!GetHandleVerifier [0x103f566+2a5a6]
	undetected_chromedriver!GetHandleVerifier [0x104620d+3124d]
	undetected_chromedriver!(No symbol) [0xdfc3e0]
	undetected_chromedriver!(No symbol) [0xdfba92]
	undetected_chromedriver!GetHandleVerifier [0x141ec1f+409c5f]
	KERNEL32!BaseThreadInitThunk [0x75215d49+19]
	ntdll!RtlInitializeExceptionChain [0x7749e00b+6b]
	ntdll!RtlGetAppContainerNamedObjectPath [0x7749df91+231]

[03:24:24] [8/9] Uploading... 482s
[03:24:24] [8/9] Poll error: Message: invalid session id
Stacktrace:
	undetected_chromedriver!GetHandleVerifier [0x1025843+10883]
	undetected_chromedriver!GetHandleVerifier [0x1025884+108c4]
	undetected_chromedriver!(No symbol) [0xe28f1e]
	undetected_chromedriver!(No symbol) [0xe678e7]
	undetected_chromedriver!(No symbol) [0xe95526]
	undetected_chromedriver!(No symbol) [0xe90762]
	undetected_chromedriver!(No symbol) [0xe90141]
	undetected_chromedriver!(No symbol) [0xdfc731]
	undetected_chromedriver!(No symbol) [0xdfccd3]
	undetected_chromedriver!(No symbol) [0xdfd18d]
	undetected_chromedriver!GetHandleVerifier [0x12bced6+2a7f16]
	undetected_chromedriver!GetHandleVerifier [0x12b847b+2a34bb]
	undetected_chromedriver!GetHandleVerifier [0x12d94eb+2c452b]
	undetected_chromedriver!GetHandleVerifier [0x103f566+2a5a6]
	undetected_chromedriver!GetHandleVerifier [0x104620d+3124d]
	undetected_chromedriver!(No symbol) [0xdfc3e0]
	undetected_chromedriver!(No symbol) [0xdfba92]
	undetected_chromedriver!GetHandleVerifier [0x141ec1f+409c5f]
	KERNEL32!BaseThreadInitThunk [0x75215d49+19]
	ntdll!RtlInitializeExceptionChain [0x7749e00b+6b]
	ntdll!RtlGetAppContainerNamedObjectPath [0x7749df91+231]

[03:24:29] [8/9] Poll error: Message: invalid session id
Stacktrace:
	undetected_chromedriver!GetHandleVerifier [0x1025843+10883]
	undetected_chromedriver!GetHandleVerifier [0x1025884+108c4]
	undetected_chromedriver!(No symbol) [0xe28f1e]
	undetected_chromedriver!(No symbol) [0xe678e7]
	undetected_chromedriver!(No symbol) [0xe95526]
	undetected_chromedriver!(No symbol) [0xe90762]
	undetected_chromedriver!(No symbol) [0xe90141]
	undetected_chromedriver!(No symbol) [0xdfc731]
	undetected_chromedriver!(No symbol) [0xdfccd3]
	undetected_chromedriver!(No symbol) [0xdfd18d]
	undetected_chromedriver!GetHandleVerifier [0x12bced6+2a7f16]
	undetected_chromedriver!GetHandleVerifier [0x12b847b+2a34bb]
	undetected_chromedriver!GetHandleVerifier [0x12d94eb+2c452b]
	undetected_chromedriver!GetHandleVerifier [0x103f566+2a5a6]
	undetected_chromedriver!GetHandleVerifier [0x104620d+3124d]
	undetected_chromedriver!(No symbol) [0xdfc3e0]
	undetected_chromedriver!(No symbol) [0xdfba92]
	undetected_chromedriver!GetHandleVerifier [0x141ec1f+409c5f]
	KERNEL32!BaseThreadInitThunk [0x75215d49+19]
	ntdll!RtlInitializeExceptionChain [0x7749e00b+6b]
	ntdll!RtlGetAppContainerNamedObjectPath [0x7749df91+231]

[03:24:34] [8/9] Poll error: Message: invalid session id
Stacktrace:
	undetected_chromedriver!GetHandleVerifier [0x1025843+10883]
	undetected_chromedriver!GetHandleVerifier [0x1025884+108c4]
	undetected_chromedriver!(No symbol) [0xe28f1e]
	undetected_chromedriver!(No symbol) [0xe678e7]
	undetected_chromedriver!(No symbol) [0xe95526]
	undetected_chromedriver!(No symbol) [0xe90762]
	undetected_chromedriver!(No symbol) [0xe90141]
	undetected_chromedriver!(No symbol) [0xdfc731]
	undetected_chromedriver!(No symbol) [0xdfccd3]
	undetected_chromedriver!(No symbol) [0xdfd18d]
	undetected_chromedriver!GetHandleVerifier [0x12bced6+2a7f16]
	undetected_chromedriver!GetHandleVerifier [0x12b847b+2a34bb]
	undetected_chromedriver!GetHandleVerifier [0x12d94eb+2c452b]
	undetected_chromedriver!GetHandleVerifier [0x103f566+2a5a6]
	undetected_chromedriver!GetHandleVerifier [0x104620d+3124d]
	undetected_chromedriver!(No symbol) [0xdfc3e0]
	undetected_chromedriver!(No symbol) [0xdfba92]
	undetected_chromedriver!GetHandleVerifier [0x141ec1f+409c5f]
	KERNEL32!BaseThreadInitThunk [0x75215d49+19]
	ntdll!RtlInitializeExceptionChain [0x7749e00b+6b]
	ntdll!RtlGetAppContainerNamedObjectPath [0x7749df91+231]

[03:24:39] [8/9] Poll error: Message: invalid session id
Stacktrace:
	undetected_chromedriver!GetHandleVerifier [0x1025843+10883]
	undetected_chromedriver!GetHandleVerifier [0x1025884+108c4]
	undetected_chromedriver!(No symbol) [0xe28f1e]
	undetected_chromedriver!(No symbol) [0xe678e7]
	undetected_chromedriver!(No symbol) [0xe95526]
	undetected_chromedriver!(No symbol) [0xe90762]
	undetected_chromedriver!(No symbol) [0xe90141]
	undetected_chromedriver!(No symbol) [0xdfc731]
	undetected_chromedriver!(No symbol) [0xdfccd3]
	undetected_chromedriver!(No symbol) [0xdfd18d]
	undetected_chromedriver!GetHandleVerifier [0x12bced6+2a7f16]
	undetected_chromedriver!GetHandleVerifier [0x12b847b+2a34bb]
	undetected_chromedriver!GetHandleVerifier [0x12d94eb+2c452b]
	undetected_chromedriver!GetHandleVerifier [0x103f566+2a5a6]
	undetected_chromedriver!GetHandleVerifier [0x104620d+3124d]
	undetected_chromedriver!(No symbol) [0xdfc3e0]
	undetected_chromedriver!(No symbol) [0xdfba92]
	undetected_chromedriver!GetHandleVerifier [0x141ec1f+409c5f]
	KERNEL32!BaseThreadInitThunk [0x75215d49+19]
	ntdll!RtlInitializeExceptionChain [0x7749e00b+6b]
	ntdll!RtlGetAppContainerNamedObjectPath [0x7749df91+231]

[03:24:44] [8/9] Poll error: Message: invalid session id
Stacktrace:
	undetected_chromedriver!GetHandleVerifier [0x1025843+10883]
	undetected_chromedriver!GetHandleVerifier [0x1025884+108c4]
	undetected_chromedriver!(No symbol) [0xe28f1e]
	undetected_chromedriver!(No symbol) [0xe678e7]
	undetected_chromedriver!(No symbol) [0xe95526]
	undetected_chromedriver!(No symbol) [0xe90762]
	undetected_chromedriver!(No symbol) [0xe90141]
	undetected_chromedriver!(No symbol) [0xdfc731]
	undetected_chromedriver!(No symbol) [0xdfccd3]
	undetected_chromedriver!(No symbol) [0xdfd18d]
	undetected_chromedriver!GetHandleVerifier [0x12bced6+2a7f16]
	undetected_chromedriver!GetHandleVerifier [0x12b847b+2a34bb]
	undetected_chromedriver!GetHandleVerifier [0x12d94eb+2c452b]
	undetected_chromedriver!GetHandleVerifier [0x103f566+2a5a6]
	undetected_chromedriver!GetHandleVerifier [0x104620d+3124d]
	undetected_chromedriver!(No symbol) [0xdfc3e0]
	undetected_chromedriver!(No symbol) [0xdfba92]
	undetected_chromedriver!GetHandleVerifier [0x141ec1f+409c5f]
	KERNEL32!BaseThreadInitThunk [0x75215d49+19]
	ntdll!RtlInitializeExceptionChain [0x7749e00b+6b]
	ntdll!RtlGetAppContainerNamedObjectPath [0x7749df91+231]

[03:24:49] [8/9] Poll error: Message: invalid session id
Stacktrace:
	undetected_chromedriver!GetHandleVerifier [0x1025843+10883]
	undetected_chromedriver!GetHandleVerifier [0x1025884+108c4]
	undetected_chromedriver!(No symbol) [0xe28f1e]
	undetected_chromedriver!(No symbol) [0xe678e7]
	undetected_chromedriver!(No symbol) [0xe95526]
	undetected_chromedriver!(No symbol) [0xe90762]
	undetected_chromedriver!(No symbol) [0xe90141]
	undetected_chromedriver!(No symbol) [0xdfc731]
	undetected_chromedriver!(No symbol) [0xdfccd3]
	undetected_chromedriver!(No symbol) [0xdfd18d]
	undetected_chromedriver!GetHandleVerifier [0x12bced6+2a7f16]
	undetected_chromedriver!GetHandleVerifier [0x12b847b+2a34bb]
	undetected_chromedriver!GetHandleVerifier [0x12d94eb+2c452b]
	undetected_chromedriver!GetHandleVerifier [0x103f566+2a5a6]
	undetected_chromedriver!GetHandleVerifier [0x104620d+3124d]
	undetected_chromedriver!(No symbol) [0xdfc3e0]
	undetected_chromedriver!(No symbol) [0xdfba92]
	undetected_chromedriver!GetHandleVerifier [0x141ec1f+409c5f]
	KERNEL32!BaseThreadInitThunk [0x75215d49+19]
	ntdll!RtlInitializeExceptionChain [0x7749e00b+6b]
	ntdll!RtlGetAppContainerNamedObjectPath [0x7749df91+231]

[03:24:54] [8/9] Uploading... 512s
[03:24:54] [8/9] Poll error: Message: invalid session id
Stacktrace:
	undetected_chromedriver!GetHandleVerifier [0x1025843+10883]
	undetected_chromedriver!GetHandleVerifier [0x1025884+108c4]
	undetected_chromedriver!(No symbol) [0xe28f1e]
	undetected_chromedriver!(No symbol) [0xe678e7]
	undetected_chromedriver!(No symbol) [0xe95526]
	undetected_chromedriver!(No symbol) [0xe90762]
	undetected_chromedriver!(No symbol) [0xe90141]
	undetected_chromedriver!(No symbol) [0xdfc731]
	undetected_chromedriver!(No symbol) [0xdfccd3]
	undetected_chromedriver!(No symbol) [0xdfd18d]
	undetected_chromedriver!GetHandleVerifier [0x12bced6+2a7f16]
	undetected_chromedriver!GetHandleVerifier [0x12b847b+2a34bb]
	undetected_chromedriver!GetHandleVerifier [0x12d94eb+2c452b]
	undetected_chromedriver!GetHandleVerifier [0x103f566+2a5a6]
	undetected_chromedriver!GetHandleVerifier [0x104620d+3124d]
	undetected_chromedriver!(No symbol) [0xdfc3e0]
	undetected_chromedriver!(No symbol) [0xdfba92]
	undetected_chromedriver!GetHandleVerifier [0x141ec1f+409c5f]
	KERNEL32!BaseThreadInitThunk [0x75215d49+19]
	ntdll!RtlInitializeExceptionChain [0x7749e00b+6b]
	ntdll!RtlGetAppContainerNamedObjectPath [0x7749df91+231]

[03:24:59] [8/9] Poll error: Message: invalid session id
Stacktrace:
	undetected_chromedriver!GetHandleVerifier [0x1025843+10883]
	undetected_chromedriver!GetHandleVerifier [0x1025884+108c4]
	undetected_chromedriver!(No symbol) [0xe28f1e]
	undetected_chromedriver!(No symbol) [0xe678e7]
	undetected_chromedriver!(No symbol) [0xe95526]
	undetected_chromedriver!(No symbol) [0xe90762]
	undetected_chromedriver!(No symbol) [0xe90141]
	undetected_chromedriver!(No symbol) [0xdfc731]
	undetected_chromedriver!(No symbol) [0xdfccd3]
	undetected_chromedriver!(No symbol) [0xdfd18d]
	undetected_chromedriver!GetHandleVerifier [0x12bced6+2a7f16]
	undetected_chromedriver!GetHandleVerifier [0x12b847b+2a34bb]
	undetected_chromedriver!GetHandleVerifier [0x12d94eb+2c452b]
	undetected_chromedriver!GetHandleVerifier [0x103f566+2a5a6]
	undetected_chromedriver!GetHandleVerifier [0x104620d+3124d]
	undetected_chromedriver!(No symbol) [0xdfc3e0]
	undetected_chromedriver!(No symbol) [0xdfba92]
	undetected_chromedriver!GetHandleVerifier [0x141ec1f+409c5f]
	KERNEL32!BaseThreadInitThunk [0x75215d49+19]
	ntdll!RtlInitializeExceptionChain [0x7749e00b+6b]
	ntdll!RtlGetAppContainerNamedObjectPath [0x7749df91+231]

[03:25:04] [8/9] Poll error: Message: invalid session id
Stacktrace:
	undetected_chromedriver!GetHandleVerifier [0x1025843+10883]
	undetected_chromedriver!GetHandleVerifier [0x1025884+108c4]
	undetected_chromedriver!(No symbol) [0xe28f1e]
	undetected_chromedriver!(No symbol) [0xe678e7]
	undetected_chromedriver!(No symbol) [0xe95526]
	undetected_chromedriver!(No symbol) [0xe90762]
	undetected_chromedriver!(No symbol) [0xe90141]
	undetected_chromedriver!(No symbol) [0xdfc731]
	undetected_chromedriver!(No symbol) [0xdfccd3]
	undetected_chromedriver!(No symbol) [0xdfd18d]
	undetected_chromedriver!GetHandleVerifier [0x12bced6+2a7f16]
	undetected_chromedriver!GetHandleVerifier [0x12b847b+2a34bb]
	undetected_chromedriver!GetHandleVerifier [0x12d94eb+2c452b]
	undetected_chromedriver!GetHandleVerifier [0x103f566+2a5a6]
	undetected_chromedriver!GetHandleVerifier [0x104620d+3124d]
	undetected_chromedriver!(No symbol) [0xdfc3e0]
	undetected_chromedriver!(No symbol) [0xdfba92]
	undetected_chromedriver!GetHandleVerifier [0x141ec1f+409c5f]
	KERNEL32!BaseThreadInitThunk [0x75215d49+19]
	ntdll!RtlInitializeExceptionChain [0x7749e00b+6b]
	ntdll!RtlGetAppContainerNamedObjectPath [0x7749df91+231]

[03:25:09] [8/9] Poll error: Message: invalid session id
Stacktrace:
	undetected_chromedriver!GetHandleVerifier [0x1025843+10883]
	undetected_chromedriver!GetHandleVerifier [0x1025884+108c4]
	undetected_chromedriver!(No symbol) [0xe28f1e]
	undetected_chromedriver!(No symbol) [0xe678e7]
	undetected_chromedriver!(No symbol) [0xe95526]
	undetected_chromedriver!(No symbol) [0xe90762]
	undetected_chromedriver!(No symbol) [0xe90141]
	undetected_chromedriver!(No symbol) [0xdfc731]
	undetected_chromedriver!(No symbol) [0xdfccd3]
	undetected_chromedriver!(No symbol) [0xdfd18d]
	undetected_chromedriver!GetHandleVerifier [0x12bced6+2a7f16]
	undetected_chromedriver!GetHandleVerifier [0x12b847b+2a34bb]
	undetected_chromedriver!GetHandleVerifier [0x12d94eb+2c452b]
	undetected_chromedriver!GetHandleVerifier [0x103f566+2a5a6]
	undetected_chromedriver!GetHandleVerifier [0x104620d+3124d]
	undetected_chromedriver!(No symbol) [0xdfc3e0]
	undetected_chromedriver!(No symbol) [0xdfba92]
	undetected_chromedriver!GetHandleVerifier [0x141ec1f+409c5f]
	KERNEL32!BaseThreadInitThunk [0x75215d49+19]
	ntdll!RtlInitializeExceptionChain [0x7749e00b+6b]
	ntdll!RtlGetAppContainerNamedObjectPath [0x7749df91+231]

[03:25:14] [8/9] Poll error: Message: invalid session id
Stacktrace:
	undetected_chromedriver!GetHandleVerifier [0x1025843+10883]
	undetected_chromedriver!GetHandleVerifier [0x1025884+108c4]
	undetected_chromedriver!(No symbol) [0xe28f1e]
	undetected_chromedriver!(No symbol) [0xe678e7]
	undetected_chromedriver!(No symbol) [0xe95526]
	undetected_chromedriver!(No symbol) [0xe90762]
	undetected_chromedriver!(No symbol) [0xe90141]
	undetected_chromedriver!(No symbol) [0xdfc731]
	undetected_chromedriver!(No symbol) [0xdfccd3]
	undetected_chromedriver!(No symbol) [0xdfd18d]
	undetected_chromedriver!GetHandleVerifier [0x12bced6+2a7f16]
	undetected_chromedriver!GetHandleVerifier [0x12b847b+2a34bb]
	undetected_chromedriver!GetHandleVerifier [0x12d94eb+2c452b]
	undetected_chromedriver!GetHandleVerifier [0x103f566+2a5a6]
	undetected_chromedriver!GetHandleVerifier [0x104620d+3124d]
	undetected_chromedriver!(No symbol) [0xdfc3e0]
	undetected_chromedriver!(No symbol) [0xdfba92]
	undetected_chromedriver!GetHandleVerifier [0x141ec1f+409c5f]
	KERNEL32!BaseThreadInitThunk [0x75215d49+19]
	ntdll!RtlInitializeExceptionChain [0x7749e00b+6b]
	ntdll!RtlGetAppContainerNamedObjectPath [0x7749df91+231]

[03:25:19] [8/9] Poll error: Message: invalid session id
Stacktrace:
	undetected_chromedriver!GetHandleVerifier [0x1025843+10883]
	undetected_chromedriver!GetHandleVerifier [0x1025884+108c4]
	undetected_chromedriver!(No symbol) [0xe28f1e]
	undetected_chromedriver!(No symbol) [0xe678e7]
	undetected_chromedriver!(No symbol) [0xe95526]
	undetected_chromedriver!(No symbol) [0xe90762]
	undetected_chromedriver!(No symbol) [0xe90141]
	undetected_chromedriver!(No symbol) [0xdfc731]
	undetected_chromedriver!(No symbol) [0xdfccd3]
	undetected_chromedriver!(No symbol) [0xdfd18d]
	undetected_chromedriver!GetHandleVerifier [0x12bced6+2a7f16]
	undetected_chromedriver!GetHandleVerifier [0x12b847b+2a34bb]
	undetected_chromedriver!GetHandleVerifier [0x12d94eb+2c452b]
	undetected_chromedriver!GetHandleVerifier [0x103f566+2a5a6]
	undetected_chromedriver!GetHandleVerifier [0x104620d+3124d]
	undetected_chromedriver!(No symbol) [0xdfc3e0]
	undetected_chromedriver!(No symbol) [0xdfba92]
	undetected_chromedriver!GetHandleVerifier [0x141ec1f+409c5f]
	KERNEL32!BaseThreadInitThunk [0x75215d49+19]
	ntdll!RtlInitializeExceptionChain [0x7749e00b+6b]
	ntdll!RtlGetAppContainerNamedObjectPath [0x7749df91+231]

[03:25:24] [8/9] Uploading... 542s
[03:25:24] [8/9] Poll error: Message: invalid session id
Stacktrace:
	undetected_chromedriver!GetHandleVerifier [0x1025843+10883]
	undetected_chromedriver!GetHandleVerifier [0x1025884+108c4]
	undetected_chromedriver!(No symbol) [0xe28f1e]
	undetected_chromedriver!(No symbol) [0xe678e7]
	undetected_chromedriver!(No symbol) [0xe95526]
	undetected_chromedriver!(No symbol) [0xe90762]
	undetected_chromedriver!(No symbol) [0xe90141]
	undetected_chromedriver!(No symbol) [0xdfc731]
	undetected_chromedriver!(No symbol) [0xdfccd3]
	undetected_chromedriver!(No symbol) [0xdfd18d]
	undetected_chromedriver!GetHandleVerifier [0x12bced6+2a7f16]
	undetected_chromedriver!GetHandleVerifier [0x12b847b+2a34bb]
	undetected_chromedriver!GetHandleVerifier [0x12d94eb+2c452b]
	undetected_chromedriver!GetHandleVerifier [0x103f566+2a5a6]
	undetected_chromedriver!GetHandleVerifier [0x104620d+3124d]
	undetected_chromedriver!(No symbol) [0xdfc3e0]
	undetected_chromedriver!(No symbol) [0xdfba92]
	undetected_chromedriver!GetHandleVerifier [0x141ec1f+409c5f]
	KERNEL32!BaseThreadInitThunk [0x75215d49+19]
	ntdll!RtlInitializeExceptionChain [0x7749e00b+6b]
	ntdll!RtlGetAppContainerNamedObjectPath [0x7749df91+231]

[03:25:29] [8/9] Poll error: Message: invalid session id
Stacktrace:
	undetected_chromedriver!GetHandleVerifier [0x1025843+10883]
	undetected_chromedriver!GetHandleVerifier [0x1025884+108c4]
	undetected_chromedriver!(No symbol) [0xe28f1e]
	undetected_chromedriver!(No symbol) [0xe678e7]
	undetected_chromedriver!(No symbol) [0xe95526]
	undetected_chromedriver!(No symbol) [0xe90762]
	undetected_chromedriver!(No symbol) [0xe90141]
	undetected_chromedriver!(No symbol) [0xdfc731]
	undetected_chromedriver!(No symbol) [0xdfccd3]
	undetected_chromedriver!(No symbol) [0xdfd18d]
	undetected_chromedriver!GetHandleVerifier [0x12bced6+2a7f16]
	undetected_chromedriver!GetHandleVerifier [0x12b847b+2a34bb]
	undetected_chromedriver!GetHandleVerifier [0x12d94eb+2c452b]
	undetected_chromedriver!GetHandleVerifier [0x103f566+2a5a6]
	undetected_chromedriver!GetHandleVerifier [0x104620d+3124d]
	undetected_chromedriver!(No symbol) [0xdfc3e0]
	undetected_chromedriver!(No symbol) [0xdfba92]
	undetected_chromedriver!GetHandleVerifier [0x141ec1f+409c5f]
	KERNEL32!BaseThreadInitThunk [0x75215d49+19]
	ntdll!RtlInitializeExceptionChain [0x7749e00b+6b]
	ntdll!RtlGetAppContainerNamedObjectPath [0x7749df91+231]

[03:25:34] [8/9] Poll error: Message: invalid session id
Stacktrace:
	undetected_chromedriver!GetHandleVerifier [0x1025843+10883]
	undetected_chromedriver!GetHandleVerifier [0x1025884+108c4]
	undetected_chromedriver!(No symbol) [0xe28f1e]
	undetected_chromedriver!(No symbol) [0xe678e7]
	undetected_chromedriver!(No symbol) [0xe95526]
	undetected_chromedriver!(No symbol) [0xe90762]
	undetected_chromedriver!(No symbol) [0xe90141]
	undetected_chromedriver!(No symbol) [0xdfc731]
	undetected_chromedriver!(No symbol) [0xdfccd3]
	undetected_chromedriver!(No symbol) [0xdfd18d]
	undetected_chromedriver!GetHandleVerifier [0x12bced6+2a7f16]
	undetected_chromedriver!GetHandleVerifier [0x12b847b+2a34bb]
	undetected_chromedriver!GetHandleVerifier [0x12d94eb+2c452b]
	undetected_chromedriver!GetHandleVerifier [0x103f566+2a5a6]
	undetected_chromedriver!GetHandleVerifier [0x104620d+3124d]
	undetected_chromedriver!(No symbol) [0xdfc3e0]
	undetected_chromedriver!(No symbol) [0xdfba92]
	undetected_chromedriver!GetHandleVerifier [0x141ec1f+409c5f]
	KERNEL32!BaseThreadInitThunk [0x75215d49+19]
	ntdll!RtlInitializeExceptionChain [0x7749e00b+6b]
	ntdll!RtlGetAppContainerNamedObjectPath [0x7749df91+231]

[03:25:39] [8/9] Poll error: Message: invalid session id
Stacktrace:
	undetected_chromedriver!GetHandleVerifier [0x1025843+10883]
	undetected_chromedriver!GetHandleVerifier [0x1025884+108c4]
	undetected_chromedriver!(No symbol) [0xe28f1e]
	undetected_chromedriver!(No symbol) [0xe678e7]
	undetected_chromedriver!(No symbol) [0xe95526]
	undetected_chromedriver!(No symbol) [0xe90762]
	undetected_chromedriver!(No symbol) [0xe90141]
	undetected_chromedriver!(No symbol) [0xdfc731]
	undetected_chromedriver!(No symbol) [0xdfccd3]
	undetected_chromedriver!(No symbol) [0xdfd18d]
	undetected_chromedriver!GetHandleVerifier [0x12bced6+2a7f16]
	undetected_chromedriver!GetHandleVerifier [0x12b847b+2a34bb]
	undetected_chromedriver!GetHandleVerifier [0x12d94eb+2c452b]
	undetected_chromedriver!GetHandleVerifier [0x103f566+2a5a6]
	undetected_chromedriver!GetHandleVerifier [0x104620d+3124d]
	undetected_chromedriver!(No symbol) [0xdfc3e0]
	undetected_chromedriver!(No symbol) [0xdfba92]
	undetected_chromedriver!GetHandleVerifier [0x141ec1f+409c5f]
	KERNEL32!BaseThreadInitThunk [0x75215d49+19]
	ntdll!RtlInitializeExceptionChain [0x7749e00b+6b]
	ntdll!RtlGetAppContainerNamedObjectPath [0x7749df91+231]

[03:25:44] [8/9] Poll error: Message: invalid session id
Stacktrace:
	undetected_chromedriver!GetHandleVerifier [0x1025843+10883]
	undetected_chromedriver!GetHandleVerifier [0x1025884+108c4]
	undetected_chromedriver!(No symbol) [0xe28f1e]
	undetected_chromedriver!(No symbol) [0xe678e7]
	undetected_chromedriver!(No symbol) [0xe95526]
	undetected_chromedriver!(No symbol) [0xe90762]
	undetected_chromedriver!(No symbol) [0xe90141]
	undetected_chromedriver!(No symbol) [0xdfc731]
	undetected_chromedriver!(No symbol) [0xdfccd3]
	undetected_chromedriver!(No symbol) [0xdfd18d]
	undetected_chromedriver!GetHandleVerifier [0x12bced6+2a7f16]
	undetected_chromedriver!GetHandleVerifier [0x12b847b+2a34bb]
	undetected_chromedriver!GetHandleVerifier [0x12d94eb+2c452b]
	undetected_chromedriver!GetHandleVerifier [0x103f566+2a5a6]
	undetected_chromedriver!GetHandleVerifier [0x104620d+3124d]
	undetected_chromedriver!(No symbol) [0xdfc3e0]
	undetected_chromedriver!(No symbol) [0xdfba92]
	undetected_chromedriver!GetHandleVerifier [0x141ec1f+409c5f]
	KERNEL32!BaseThreadInitThunk [0x75215d49+19]
	ntdll!RtlInitializeExceptionChain [0x7749e00b+6b]
	ntdll!RtlGetAppContainerNamedObjectPath [0x7749df91+231]

[03:25:49] [8/9] Poll error: Message: invalid session id
Stacktrace:
	undetected_chromedriver!GetHandleVerifier [0x1025843+10883]
	undetected_chromedriver!GetHandleVerifier [0x1025884+108c4]
	undetected_chromedriver!(No symbol) [0xe28f1e]
	undetected_chromedriver!(No symbol) [0xe678e7]
	undetected_chromedriver!(No symbol) [0xe95526]
	undetected_chromedriver!(No symbol) [0xe90762]
	undetected_chromedriver!(No symbol) [0xe90141]
	undetected_chromedriver!(No symbol) [0xdfc731]
	undetected_chromedriver!(No symbol) [0xdfccd3]
	undetected_chromedriver!(No symbol) [0xdfd18d]
	undetected_chromedriver!GetHandleVerifier [0x12bced6+2a7f16]
	undetected_chromedriver!GetHandleVerifier [0x12b847b+2a34bb]
	undetected_chromedriver!GetHandleVerifier [0x12d94eb+2c452b]
	undetected_chromedriver!GetHandleVerifier [0x103f566+2a5a6]
	undetected_chromedriver!GetHandleVerifier [0x104620d+3124d]
	undetected_chromedriver!(No symbol) [0xdfc3e0]
	undetected_chromedriver!(No symbol) [0xdfba92]
	undetected_chromedriver!GetHandleVerifier [0x141ec1f+409c5f]
	KERNEL32!BaseThreadInitThunk [0x75215d49+19]
	ntdll!RtlInitializeExceptionChain [0x7749e00b+6b]
	ntdll!RtlGetAppContainerNamedObjectPath [0x7749df91+231]

[03:25:54] [8/9] Uploading... 572s
[03:25:54] [8/9] Poll error: Message: invalid session id
Stacktrace:
	undetected_chromedriver!GetHandleVerifier [0x1025843+10883]
	undetected_chromedriver!GetHandleVerifier [0x1025884+108c4]
	undetected_chromedriver!(No symbol) [0xe28f1e]
	undetected_chromedriver!(No symbol) [0xe678e7]
	undetected_chromedriver!(No symbol) [0xe95526]
	undetected_chromedriver!(No symbol) [0xe90762]
	undetected_chromedriver!(No symbol) [0xe90141]
	undetected_chromedriver!(No symbol) [0xdfc731]
	undetected_chromedriver!(No symbol) [0xdfccd3]
	undetected_chromedriver!(No symbol) [0xdfd18d]
	undetected_chromedriver!GetHandleVerifier [0x12bced6+2a7f16]
	undetected_chromedriver!GetHandleVerifier [0x12b847b+2a34bb]
	undetected_chromedriver!GetHandleVerifier [0x12d94eb+2c452b]
	undetected_chromedriver!GetHandleVerifier [0x103f566+2a5a6]
	undetected_chromedriver!GetHandleVerifier [0x104620d+3124d]
	undetected_chromedriver!(No symbol) [0xdfc3e0]
	undetected_chromedriver!(No symbol) [0xdfba92]
	undetected_chromedriver!GetHandleVerifier [0x141ec1f+409c5f]
	KERNEL32!BaseThreadInitThunk [0x75215d49+19]
	ntdll!RtlInitializeExceptionChain [0x7749e00b+6b]
	ntdll!RtlGetAppContainerNamedObjectPath [0x7749df91+231]

[03:25:59] [8/9] Poll error: Message: invalid session id
Stacktrace:
	undetected_chromedriver!GetHandleVerifier [0x1025843+10883]
	undetected_chromedriver!GetHandleVerifier [0x1025884+108c4]
	undetected_chromedriver!(No symbol) [0xe28f1e]
	undetected_chromedriver!(No symbol) [0xe678e7]
	undetected_chromedriver!(No symbol) [0xe95526]
	undetected_chromedriver!(No symbol) [0xe90762]
	undetected_chromedriver!(No symbol) [0xe90141]
	undetected_chromedriver!(No symbol) [0xdfc731]
	undetected_chromedriver!(No symbol) [0xdfccd3]
	undetected_chromedriver!(No symbol) [0xdfd18d]
	undetected_chromedriver!GetHandleVerifier [0x12bced6+2a7f16]
	undetected_chromedriver!GetHandleVerifier [0x12b847b+2a34bb]
	undetected_chromedriver!GetHandleVerifier [0x12d94eb+2c452b]
	undetected_chromedriver!GetHandleVerifier [0x103f566+2a5a6]
	undetected_chromedriver!GetHandleVerifier [0x104620d+3124d]
	undetected_chromedriver!(No symbol) [0xdfc3e0]
	undetected_chromedriver!(No symbol) [0xdfba92]
	undetected_chromedriver!GetHandleVerifier [0x141ec1f+409c5f]
	KERNEL32!BaseThreadInitThunk [0x75215d49+19]
	ntdll!RtlInitializeExceptionChain [0x7749e00b+6b]
	ntdll!RtlGetAppContainerNamedObjectPath [0x7749df91+231]

[03:26:04] [8/9] Poll error: Message: invalid session id
Stacktrace:
	undetected_chromedriver!GetHandleVerifier [0x1025843+10883]
	undetected_chromedriver!GetHandleVerifier [0x1025884+108c4]
	undetected_chromedriver!(No symbol) [0xe28f1e]
	undetected_chromedriver!(No symbol) [0xe678e7]
	undetected_chromedriver!(No symbol) [0xe95526]
	undetected_chromedriver!(No symbol) [0xe90762]
	undetected_chromedriver!(No symbol) [0xe90141]
	undetected_chromedriver!(No symbol) [0xdfc731]
	undetected_chromedriver!(No symbol) [0xdfccd3]
	undetected_chromedriver!(No symbol) [0xdfd18d]
	undetected_chromedriver!GetHandleVerifier [0x12bced6+2a7f16]
	undetected_chromedriver!GetHandleVerifier [0x12b847b+2a34bb]
	undetected_chromedriver!GetHandleVerifier [0x12d94eb+2c452b]
	undetected_chromedriver!GetHandleVerifier [0x103f566+2a5a6]
	undetected_chromedriver!GetHandleVerifier [0x104620d+3124d]
	undetected_chromedriver!(No symbol) [0xdfc3e0]
	undetected_chromedriver!(No symbol) [0xdfba92]
	undetected_chromedriver!GetHandleVerifier [0x141ec1f+409c5f]
	KERNEL32!BaseThreadInitThunk [0x75215d49+19]
	ntdll!RtlInitializeExceptionChain [0x7749e00b+6b]
	ntdll!RtlGetAppContainerNamedObjectPath [0x7749df91+231]

[03:26:09] [8/9] Poll error: Message: invalid session id
Stacktrace:
	undetected_chromedriver!GetHandleVerifier [0x1025843+10883]
	undetected_chromedriver!GetHandleVerifier [0x1025884+108c4]
	undetected_chromedriver!(No symbol) [0xe28f1e]
	undetected_chromedriver!(No symbol) [0xe678e7]
	undetected_chromedriver!(No symbol) [0xe95526]
	undetected_chromedriver!(No symbol) [0xe90762]
	undetected_chromedriver!(No symbol) [0xe90141]
	undetected_chromedriver!(No symbol) [0xdfc731]
	undetected_chromedriver!(No symbol) [0xdfccd3]
	undetected_chromedriver!(No symbol) [0xdfd18d]
	undetected_chromedriver!GetHandleVerifier [0x12bced6+2a7f16]
	undetected_chromedriver!GetHandleVerifier [0x12b847b+2a34bb]
	undetected_chromedriver!GetHandleVerifier [0x12d94eb+2c452b]
	undetected_chromedriver!GetHandleVerifier [0x103f566+2a5a6]
	undetected_chromedriver!GetHandleVerifier [0x104620d+3124d]
	undetected_chromedriver!(No symbol) [0xdfc3e0]
	undetected_chromedriver!(No symbol) [0xdfba92]
	undetected_chromedriver!GetHandleVerifier [0x141ec1f+409c5f]
	KERNEL32!BaseThreadInitThunk [0x75215d49+19]
	ntdll!RtlInitializeExceptionChain [0x7749e00b+6b]
	ntdll!RtlGetAppContainerNamedObjectPath [0x7749df91+231]

[03:26:14] [8/9] Poll error: Message: invalid session id
Stacktrace:
	undetected_chromedriver!GetHandleVerifier [0x1025843+10883]
	undetected_chromedriver!GetHandleVerifier [0x1025884+108c4]
	undetected_chromedriver!(No symbol) [0xe28f1e]
	undetected_chromedriver!(No symbol) [0xe678e7]
	undetected_chromedriver!(No symbol) [0xe95526]
	undetected_chromedriver!(No symbol) [0xe90762]
	undetected_chromedriver!(No symbol) [0xe90141]
	undetected_chromedriver!(No symbol) [0xdfc731]
	undetected_chromedriver!(No symbol) [0xdfccd3]
	undetected_chromedriver!(No symbol) [0xdfd18d]
	undetected_chromedriver!GetHandleVerifier [0x12bced6+2a7f16]
	undetected_chromedriver!GetHandleVerifier [0x12b847b+2a34bb]
	undetected_chromedriver!GetHandleVerifier [0x12d94eb+2c452b]
	undetected_chromedriver!GetHandleVerifier [0x103f566+2a5a6]
	undetected_chromedriver!GetHandleVerifier [0x104620d+3124d]
	undetected_chromedriver!(No symbol) [0xdfc3e0]
	undetected_chromedriver!(No symbol) [0xdfba92]
	undetected_chromedriver!GetHandleVerifier [0x141ec1f+409c5f]
	KERNEL32!BaseThreadInitThunk [0x75215d49+19]
	ntdll!RtlInitializeExceptionChain [0x7749e00b+6b]
	ntdll!RtlGetAppContainerNamedObjectPath [0x7749df91+231]

[03:26:19] [8/9] Poll error: Message: invalid session id
Stacktrace:
	undetected_chromedriver!GetHandleVerifier [0x1025843+10883]
	undetected_chromedriver!GetHandleVerifier [0x1025884+108c4]
	undetected_chromedriver!(No symbol) [0xe28f1e]
	undetected_chromedriver!(No symbol) [0xe678e7]
	undetected_chromedriver!(No symbol) [0xe95526]
	undetected_chromedriver!(No symbol) [0xe90762]
	undetected_chromedriver!(No symbol) [0xe90141]
	undetected_chromedriver!(No symbol) [0xdfc731]
	undetected_chromedriver!(No symbol) [0xdfccd3]
	undetected_chromedriver!(No symbol) [0xdfd18d]
	undetected_chromedriver!GetHandleVerifier [0x12bced6+2a7f16]
	undetected_chromedriver!GetHandleVerifier [0x12b847b+2a34bb]
	undetected_chromedriver!GetHandleVerifier [0x12d94eb+2c452b]
	undetected_chromedriver!GetHandleVerifier [0x103f566+2a5a6]
	undetected_chromedriver!GetHandleVerifier [0x104620d+3124d]
	undetected_chromedriver!(No symbol) [0xdfc3e0]
	undetected_chromedriver!(No symbol) [0xdfba92]
	undetected_chromedriver!GetHandleVerifier [0x141ec1f+409c5f]
	KERNEL32!BaseThreadInitThunk [0x75215d49+19]
	ntdll!RtlInitializeExceptionChain [0x7749e00b+6b]
	ntdll!RtlGetAppContainerNamedObjectPath [0x7749df91+231]

[03:26:24] [8/9] Uploading... 602s
[03:26:24] [8/9] Poll error: Message: invalid session id
Stacktrace:
	undetected_chromedriver!GetHandleVerifier [0x1025843+10883]
	undetected_chromedriver!GetHandleVerifier [0x1025884+108c4]
	undetected_chromedriver!(No symbol) [0xe28f1e]
	undetected_chromedriver!(No symbol) [0xe678e7]
	undetected_chromedriver!(No symbol) [0xe95526]
	undetected_chromedriver!(No symbol) [0xe90762]
	undetected_chromedriver!(No symbol) [0xe90141]
	undetected_chromedriver!(No symbol) [0xdfc731]
	undetected_chromedriver!(No symbol) [0xdfccd3]
	undetected_chromedriver!(No symbol) [0xdfd18d]
	undetected_chromedriver!GetHandleVerifier [0x12bced6+2a7f16]
	undetected_chromedriver!GetHandleVerifier [0x12b847b+2a34bb]
	undetected_chromedriver!GetHandleVerifier [0x12d94eb+2c452b]
	undetected_chromedriver!GetHandleVerifier [0x103f566+2a5a6]
	undetected_chromedriver!GetHandleVerifier [0x104620d+3124d]
	undetected_chromedriver!(No symbol) [0xdfc3e0]
	undetected_chromedriver!(No symbol) [0xdfba92]
	undetected_chromedriver!GetHandleVerifier [0x141ec1f+409c5f]
	KERNEL32!BaseThreadInitThunk [0x75215d49+19]
	ntdll!RtlInitializeExceptionChain [0x7749e00b+6b]
	ntdll!RtlGetAppContainerNamedObjectPath [0x7749df91+231]

[03:26:29] [8/9] Poll error: Message: invalid session id
Stacktrace:
	undetected_chromedriver!GetHandleVerifier [0x1025843+10883]
	undetected_chromedriver!GetHandleVerifier [0x1025884+108c4]
	undetected_chromedriver!(No symbol) [0xe28f1e]
	undetected_chromedriver!(No symbol) [0xe678e7]
	undetected_chromedriver!(No symbol) [0xe95526]
	undetected_chromedriver!(No symbol) [0xe90762]
	undetected_chromedriver!(No symbol) [0xe90141]
	undetected_chromedriver!(No symbol) [0xdfc731]
	undetected_chromedriver!(No symbol) [0xdfccd3]
	undetected_chromedriver!(No symbol) [0xdfd18d]
	undetected_chromedriver!GetHandleVerifier [0x12bced6+2a7f16]
	undetected_chromedriver!GetHandleVerifier [0x12b847b+2a34bb]
	undetected_chromedriver!GetHandleVerifier [0x12d94eb+2c452b]
	undetected_chromedriver!GetHandleVerifier [0x103f566+2a5a6]
	undetected_chromedriver!GetHandleVerifier [0x104620d+3124d]
	undetected_chromedriver!(No symbol) [0xdfc3e0]
	undetected_chromedriver!(No symbol) [0xdfba92]
	undetected_chromedriver!GetHandleVerifier [0x141ec1f+409c5f]
	KERNEL32!BaseThreadInitThunk [0x75215d49+19]
	ntdll!RtlInitializeExceptionChain [0x7749e00b+6b]
	ntdll!RtlGetAppContainerNamedObjectPath [0x7749df91+231]

[03:26:34] [8/9] Poll error: Message: invalid session id
Stacktrace:
	undetected_chromedriver!GetHandleVerifier [0x1025843+10883]
	undetected_chromedriver!GetHandleVerifier [0x1025884+108c4]
	undetected_chromedriver!(No symbol) [0xe28f1e]
	undetected_chromedriver!(No symbol) [0xe678e7]
	undetected_chromedriver!(No symbol) [0xe95526]
	undetected_chromedriver!(No symbol) [0xe90762]
	undetected_chromedriver!(No symbol) [0xe90141]
	undetected_chromedriver!(No symbol) [0xdfc731]
	undetected_chromedriver!(No symbol) [0xdfccd3]
	undetected_chromedriver!(No symbol) [0xdfd18d]
	undetected_chromedriver!GetHandleVerifier [0x12bced6+2a7f16]
	undetected_chromedriver!GetHandleVerifier [0x12b847b+2a34bb]
	undetected_chromedriver!GetHandleVerifier [0x12d94eb+2c452b]
	undetected_chromedriver!GetHandleVerifier [0x103f566+2a5a6]
	undetected_chromedriver!GetHandleVerifier [0x104620d+3124d]
	undetected_chromedriver!(No symbol) [0xdfc3e0]
	undetected_chromedriver!(No symbol) [0xdfba92]
	undetected_chromedriver!GetHandleVerifier [0x141ec1f+409c5f]
	KERNEL32!BaseThreadInitThunk [0x75215d49+19]
	ntdll!RtlInitializeExceptionChain [0x7749e00b+6b]
	ntdll!RtlGetAppContainerNamedObjectPath [0x7749df91+231]

[03:26:39] [8/9] Poll error: Message: invalid session id
Stacktrace:
	undetected_chromedriver!GetHandleVerifier [0x1025843+10883]
	undetected_chromedriver!GetHandleVerifier [0x1025884+108c4]
	undetected_chromedriver!(No symbol) [0xe28f1e]
	undetected_chromedriver!(No symbol) [0xe678e7]
	undetected_chromedriver!(No symbol) [0xe95526]
	undetected_chromedriver!(No symbol) [0xe90762]
	undetected_chromedriver!(No symbol) [0xe90141]
	undetected_chromedriver!(No symbol) [0xdfc731]
	undetected_chromedriver!(No symbol) [0xdfccd3]
	undetected_chromedriver!(No symbol) [0xdfd18d]
	undetected_chromedriver!GetHandleVerifier [0x12bced6+2a7f16]
	undetected_chromedriver!GetHandleVerifier [0x12b847b+2a34bb]
	undetected_chromedriver!GetHandleVerifier [0x12d94eb+2c452b]
	undetected_chromedriver!GetHandleVerifier [0x103f566+2a5a6]
	undetected_chromedriver!GetHandleVerifier [0x104620d+3124d]
	undetected_chromedriver!(No symbol) [0xdfc3e0]
	undetected_chromedriver!(No symbol) [0xdfba92]
	undetected_chromedriver!GetHandleVerifier [0x141ec1f+409c5f]
	KERNEL32!BaseThreadInitThunk [0x75215d49+19]
	ntdll!RtlInitializeExceptionChain [0x7749e00b+6b]
	ntdll!RtlGetAppContainerNamedObjectPath [0x7749df91+231]

[03:26:44] [8/9] Poll error: Message: invalid session id
Stacktrace:
	undetected_chromedriver!GetHandleVerifier [0x1025843+10883]
	undetected_chromedriver!GetHandleVerifier [0x1025884+108c4]
	undetected_chromedriver!(No symbol) [0xe28f1e]
	undetected_chromedriver!(No symbol) [0xe678e7]
	undetected_chromedriver!(No symbol) [0xe95526]
	undetected_chromedriver!(No symbol) [0xe90762]
	undetected_chromedriver!(No symbol) [0xe90141]
	undetected_chromedriver!(No symbol) [0xdfc731]
	undetected_chromedriver!(No symbol) [0xdfccd3]
	undetected_chromedriver!(No symbol) [0xdfd18d]
	undetected_chromedriver!GetHandleVerifier [0x12bced6+2a7f16]
	undetected_chromedriver!GetHandleVerifier [0x12b847b+2a34bb]
	undetected_chromedriver!GetHandleVerifier [0x12d94eb+2c452b]
	undetected_chromedriver!GetHandleVerifier [0x103f566+2a5a6]
	undetected_chromedriver!GetHandleVerifier [0x104620d+3124d]
	undetected_chromedriver!(No symbol) [0xdfc3e0]
	undetected_chromedriver!(No symbol) [0xdfba92]
	undetected_chromedriver!GetHandleVerifier [0x141ec1f+409c5f]
	KERNEL32!BaseThreadInitThunk [0x75215d49+19]
	ntdll!RtlInitializeExceptionChain [0x7749e00b+6b]
	ntdll!RtlGetAppContainerNamedObjectPath [0x7749df91+231]

[03:26:49] [8/9] Poll error: Message: invalid session id
Stacktrace:
	undetected_chromedriver!GetHandleVerifier [0x1025843+10883]
	undetected_chromedriver!GetHandleVerifier [0x1025884+108c4]
	undetected_chromedriver!(No symbol) [0xe28f1e]
	undetected_chromedriver!(No symbol) [0xe678e7]
	undetected_chromedriver!(No symbol) [0xe95526]
	undetected_chromedriver!(No symbol) [0xe90762]
	undetected_chromedriver!(No symbol) [0xe90141]
	undetected_chromedriver!(No symbol) [0xdfc731]
	undetected_chromedriver!(No symbol) [0xdfccd3]
	undetected_chromedriver!(No symbol) [0xdfd18d]
	undetected_chromedriver!GetHandleVerifier [0x12bced6+2a7f16]
	undetected_chromedriver!GetHandleVerifier [0x12b847b+2a34bb]
	undetected_chromedriver!GetHandleVerifier [0x12d94eb+2c452b]
	undetected_chromedriver!GetHandleVerifier [0x103f566+2a5a6]
	undetected_chromedriver!GetHandleVerifier [0x104620d+3124d]
	undetected_chromedriver!(No symbol) [0xdfc3e0]
	undetected_chromedriver!(No symbol) [0xdfba92]
	undetected_chromedriver!GetHandleVerifier [0x141ec1f+409c5f]
	KERNEL32!BaseThreadInitThunk [0x75215d49+19]
	ntdll!RtlInitializeExceptionChain [0x7749e00b+6b]
	ntdll!RtlGetAppContainerNamedObjectPath [0x7749df91+231]

[03:26:54] [8/9] Uploading... 632s
[03:26:54] [8/9] Poll error: Message: invalid session id
Stacktrace:
	undetected_chromedriver!GetHandleVerifier [0x1025843+10883]
	undetected_chromedriver!GetHandleVerifier [0x1025884+108c4]
	undetected_chromedriver!(No symbol) [0xe28f1e]
	undetected_chromedriver!(No symbol) [0xe678e7]
	undetected_chromedriver!(No symbol) [0xe95526]
	undetected_chromedriver!(No symbol) [0xe90762]
	undetected_chromedriver!(No symbol) [0xe90141]
	undetected_chromedriver!(No symbol) [0xdfc731]
	undetected_chromedriver!(No symbol) [0xdfccd3]
	undetected_chromedriver!(No symbol) [0xdfd18d]
	undetected_chromedriver!GetHandleVerifier [0x12bced6+2a7f16]
	undetected_chromedriver!GetHandleVerifier [0x12b847b+2a34bb]
	undetected_chromedriver!GetHandleVerifier [0x12d94eb+2c452b]
	undetected_chromedriver!GetHandleVerifier [0x103f566+2a5a6]
	undetected_chromedriver!GetHandleVerifier [0x104620d+3124d]
	undetected_chromedriver!(No symbol) [0xdfc3e0]
	undetected_chromedriver!(No symbol) [0xdfba92]
	undetected_chromedriver!GetHandleVerifier [0x141ec1f+409c5f]
	KERNEL32!BaseThreadInitThunk [0x75215d49+19]
	ntdll!RtlInitializeExceptionChain [0x7749e00b+6b]
	ntdll!RtlGetAppContainerNamedObjectPath [0x7749df91+231]

[03:26:59] [8/9] Poll error: Message: invalid session id
Stacktrace:
	undetected_chromedriver!GetHandleVerifier [0x1025843+10883]
	undetected_chromedriver!GetHandleVerifier [0x1025884+108c4]
	undetected_chromedriver!(No symbol) [0xe28f1e]
	undetected_chromedriver!(No symbol) [0xe678e7]
	undetected_chromedriver!(No symbol) [0xe95526]
	undetected_chromedriver!(No symbol) [0xe90762]
	undetected_chromedriver!(No symbol) [0xe90141]
	undetected_chromedriver!(No symbol) [0xdfc731]
	undetected_chromedriver!(No symbol) [0xdfccd3]
	undetected_chromedriver!(No symbol) [0xdfd18d]
	undetected_chromedriver!GetHandleVerifier [0x12bced6+2a7f16]
	undetected_chromedriver!GetHandleVerifier [0x12b847b+2a34bb]
	undetected_chromedriver!GetHandleVerifier [0x12d94eb+2c452b]
	undetected_chromedriver!GetHandleVerifier [0x103f566+2a5a6]
	undetected_chromedriver!GetHandleVerifier [0x104620d+3124d]
	undetected_chromedriver!(No symbol) [0xdfc3e0]
	undetected_chromedriver!(No symbol) [0xdfba92]
	undetected_chromedriver!GetHandleVerifier [0x141ec1f+409c5f]
	KERNEL32!BaseThreadInitThunk [0x75215d49+19]
	ntdll!RtlInitializeExceptionChain [0x7749e00b+6b]
	ntdll!RtlGetAppContainerNamedObjectPath [0x7749df91+231]

[03:27:04] [8/9] Poll error: Message: invalid session id
Stacktrace:
	undetected_chromedriver!GetHandleVerifier [0x1025843+10883]
	undetected_chromedriver!GetHandleVerifier [0x1025884+108c4]
	undetected_chromedriver!(No symbol) [0xe28f1e]
	undetected_chromedriver!(No symbol) [0xe678e7]
	undetected_chromedriver!(No symbol) [0xe95526]
	undetected_chromedriver!(No symbol) [0xe90762]
	undetected_chromedriver!(No symbol) [0xe90141]
	undetected_chromedriver!(No symbol) [0xdfc731]
	undetected_chromedriver!(No symbol) [0xdfccd3]
	undetected_chromedriver!(No symbol) [0xdfd18d]
	undetected_chromedriver!GetHandleVerifier [0x12bced6+2a7f16]
	undetected_chromedriver!GetHandleVerifier [0x12b847b+2a34bb]
	undetected_chromedriver!GetHandleVerifier [0x12d94eb+2c452b]
	undetected_chromedriver!GetHandleVerifier [0x103f566+2a5a6]
	undetected_chromedriver!GetHandleVerifier [0x104620d+3124d]
	undetected_chromedriver!(No symbol) [0xdfc3e0]
	undetected_chromedriver!(No symbol) [0xdfba92]
	undetected_chromedriver!GetHandleVerifier [0x141ec1f+409c5f]
	KERNEL32!BaseThreadInitThunk [0x75215d49+19]
	ntdll!RtlInitializeExceptionChain [0x7749e00b+6b]
	ntdll!RtlGetAppContainerNamedObjectPath [0x7749df91+231]

[03:27:09] [8/9] Poll error: Message: invalid session id
Stacktrace:
	undetected_chromedriver!GetHandleVerifier [0x1025843+10883]
	undetected_chromedriver!GetHandleVerifier [0x1025884+108c4]
	undetected_chromedriver!(No symbol) [0xe28f1e]
	undetected_chromedriver!(No symbol) [0xe678e7]
	undetected_chromedriver!(No symbol) [0xe95526]
	undetected_chromedriver!(No symbol) [0xe90762]
	undetected_chromedriver!(No symbol) [0xe90141]
	undetected_chromedriver!(No symbol) [0xdfc731]
	undetected_chromedriver!(No symbol) [0xdfccd3]
	undetected_chromedriver!(No symbol) [0xdfd18d]
	undetected_chromedriver!GetHandleVerifier [0x12bced6+2a7f16]
	undetected_chromedriver!GetHandleVerifier [0x12b847b+2a34bb]
	undetected_chromedriver!GetHandleVerifier [0x12d94eb+2c452b]
	undetected_chromedriver!GetHandleVerifier [0x103f566+2a5a6]
	undetected_chromedriver!GetHandleVerifier [0x104620d+3124d]
	undetected_chromedriver!(No symbol) [0xdfc3e0]
	undetected_chromedriver!(No symbol) [0xdfba92]
	undetected_chromedriver!GetHandleVerifier [0x141ec1f+409c5f]
	KERNEL32!BaseThreadInitThunk [0x75215d49+19]
	ntdll!RtlInitializeExceptionChain [0x7749e00b+6b]
	ntdll!RtlGetAppContainerNamedObjectPath [0x7749df91+231]

[03:27:14] [8/9] Poll error: Message: invalid session id
Stacktrace:
	undetected_chromedriver!GetHandleVerifier [0x1025843+10883]
	undetected_chromedriver!GetHandleVerifier [0x1025884+108c4]
	undetected_chromedriver!(No symbol) [0xe28f1e]
	undetected_chromedriver!(No symbol) [0xe678e7]
	undetected_chromedriver!(No symbol) [0xe95526]
	undetected_chromedriver!(No symbol) [0xe90762]
	undetected_chromedriver!(No symbol) [0xe90141]
	undetected_chromedriver!(No symbol) [0xdfc731]
	undetected_chromedriver!(No symbol) [0xdfccd3]
	undetected_chromedriver!(No symbol) [0xdfd18d]
	undetected_chromedriver!GetHandleVerifier [0x12bced6+2a7f16]
	undetected_chromedriver!GetHandleVerifier [0x12b847b+2a34bb]
	undetected_chromedriver!GetHandleVerifier [0x12d94eb+2c452b]
	undetected_chromedriver!GetHandleVerifier [0x103f566+2a5a6]
	undetected_chromedriver!GetHandleVerifier [0x104620d+3124d]
	undetected_chromedriver!(No symbol) [0xdfc3e0]
	undetected_chromedriver!(No symbol) [0xdfba92]
	undetected_chromedriver!GetHandleVerifier [0x141ec1f+409c5f]
	KERNEL32!BaseThreadInitThunk [0x75215d49+19]
	ntdll!RtlInitializeExceptionChain [0x7749e00b+6b]
	ntdll!RtlGetAppContainerNamedObjectPath [0x7749df91+231]

[03:27:19] [8/9] Poll error: Message: invalid session id
Stacktrace:
	undetected_chromedriver!GetHandleVerifier [0x1025843+10883]
	undetected_chromedriver!GetHandleVerifier [0x1025884+108c4]
	undetected_chromedriver!(No symbol) [0xe28f1e]
	undetected_chromedriver!(No symbol) [0xe678e7]
	undetected_chromedriver!(No symbol) [0xe95526]
	undetected_chromedriver!(No symbol) [0xe90762]
	undetected_chromedriver!(No symbol) [0xe90141]
	undetected_chromedriver!(No symbol) [0xdfc731]
	undetected_chromedriver!(No symbol) [0xdfccd3]
	undetected_chromedriver!(No symbol) [0xdfd18d]
	undetected_chromedriver!GetHandleVerifier [0x12bced6+2a7f16]
	undetected_chromedriver!GetHandleVerifier [0x12b847b+2a34bb]
	undetected_chromedriver!GetHandleVerifier [0x12d94eb+2c452b]
	undetected_chromedriver!GetHandleVerifier [0x103f566+2a5a6]
	undetected_chromedriver!GetHandleVerifier [0x104620d+3124d]
	undetected_chromedriver!(No symbol) [0xdfc3e0]
	undetected_chromedriver!(No symbol) [0xdfba92]
	undetected_chromedriver!GetHandleVerifier [0x141ec1f+409c5f]
	KERNEL32!BaseThreadInitThunk [0x75215d49+19]
	ntdll!RtlInitializeExceptionChain [0x7749e00b+6b]
	ntdll!RtlGetAppContainerNamedObjectPath [0x7749df91+231]

[03:27:24] [8/9] Uploading... 662s
[03:27:24] [8/9] Poll error: Message: invalid session id
Stacktrace:
	undetected_chromedriver!GetHandleVerifier [0x1025843+10883]
	undetected_chromedriver!GetHandleVerifier [0x1025884+108c4]
	undetected_chromedriver!(No symbol) [0xe28f1e]
	undetected_chromedriver!(No symbol) [0xe678e7]
	undetected_chromedriver!(No symbol) [0xe95526]
	undetected_chromedriver!(No symbol) [0xe90762]
	undetected_chromedriver!(No symbol) [0xe90141]
	undetected_chromedriver!(No symbol) [0xdfc731]
	undetected_chromedriver!(No symbol) [0xdfccd3]
	undetected_chromedriver!(No symbol) [0xdfd18d]
	undetected_chromedriver!GetHandleVerifier [0x12bced6+2a7f16]
	undetected_chromedriver!GetHandleVerifier [0x12b847b+2a34bb]
	undetected_chromedriver!GetHandleVerifier [0x12d94eb+2c452b]
	undetected_chromedriver!GetHandleVerifier [0x103f566+2a5a6]
	undetected_chromedriver!GetHandleVerifier [0x104620d+3124d]
	undetected_chromedriver!(No symbol) [0xdfc3e0]
	undetected_chromedriver!(No symbol) [0xdfba92]
	undetected_chromedriver!GetHandleVerifier [0x141ec1f+409c5f]
	KERNEL32!BaseThreadInitThunk [0x75215d49+19]
	ntdll!RtlInitializeExceptionChain [0x7749e00b+6b]
	ntdll!RtlGetAppContainerNamedObjectPath [0x7749df91+231]

[03:27:29] [8/9] Poll error: Message: invalid session id
Stacktrace:
	undetected_chromedriver!GetHandleVerifier [0x1025843+10883]
	undetected_chromedriver!GetHandleVerifier [0x1025884+108c4]
	undetected_chromedriver!(No symbol) [0xe28f1e]
	undetected_chromedriver!(No symbol) [0xe678e7]
	undetected_chromedriver!(No symbol) [0xe95526]
	undetected_chromedriver!(No symbol) [0xe90762]
	undetected_chromedriver!(No symbol) [0xe90141]
	undetected_chromedriver!(No symbol) [0xdfc731]
	undetected_chromedriver!(No symbol) [0xdfccd3]
	undetected_chromedriver!(No symbol) [0xdfd18d]
	undetected_chromedriver!GetHandleVerifier [0x12bced6+2a7f16]
	undetected_chromedriver!GetHandleVerifier [0x12b847b+2a34bb]
	undetected_chromedriver!GetHandleVerifier [0x12d94eb+2c452b]
	undetected_chromedriver!GetHandleVerifier [0x103f566+2a5a6]
	undetected_chromedriver!GetHandleVerifier [0x104620d+3124d]
	undetected_chromedriver!(No symbol) [0xdfc3e0]
	undetected_chromedriver!(No symbol) [0xdfba92]
	undetected_chromedriver!GetHandleVerifier [0x141ec1f+409c5f]
	KERNEL32!BaseThreadInitThunk [0x75215d49+19]
	ntdll!RtlInitializeExceptionChain [0x7749e00b+6b]
	ntdll!RtlGetAppContainerNamedObjectPath [0x7749df91+231]

[03:27:34] [8/9] Poll error: Message: invalid session id
Stacktrace:
	undetected_chromedriver!GetHandleVerifier [0x1025843+10883]
	undetected_chromedriver!GetHandleVerifier [0x1025884+108c4]
	undetected_chromedriver!(No symbol) [0xe28f1e]
	undetected_chromedriver!(No symbol) [0xe678e7]
	undetected_chromedriver!(No symbol) [0xe95526]
	undetected_chromedriver!(No symbol) [0xe90762]
	undetected_chromedriver!(No symbol) [0xe90141]
	undetected_chromedriver!(No symbol) [0xdfc731]
	undetected_chromedriver!(No symbol) [0xdfccd3]
	undetected_chromedriver!(No symbol) [0xdfd18d]
	undetected_chromedriver!GetHandleVerifier [0x12bced6+2a7f16]
	undetected_chromedriver!GetHandleVerifier [0x12b847b+2a34bb]
	undetected_chromedriver!GetHandleVerifier [0x12d94eb+2c452b]
	undetected_chromedriver!GetHandleVerifier [0x103f566+2a5a6]
	undetected_chromedriver!GetHandleVerifier [0x104620d+3124d]
	undetected_chromedriver!(No symbol) [0xdfc3e0]
	undetected_chromedriver!(No symbol) [0xdfba92]
	undetected_chromedriver!GetHandleVerifier [0x141ec1f+409c5f]
	KERNEL32!BaseThreadInitThunk [0x75215d49+19]
	ntdll!RtlInitializeExceptionChain [0x7749e00b+6b]
	ntdll!RtlGetAppContainerNamedObjectPath [0x7749df91+231]

[03:28:12] ====================================================
[03:28:12] 🤖 HYBRID UPLOADER V5.0
[03:28:12]    Chrome-Aware + Boundary Safe
[03:28:12] 📁 Page  : Paradise 777 Slots
[03:28:12] 🎬 Video : [EDITED]_FastLane Jackpot.mp4
[03:28:12] 📅 Sched : NOW
[03:28:12] ====================================================
[03:28:12] [PRE] Killing Chrome...
[03:28:12] [PRE] Target: c:\chromebot
[03:28:12] [PRE] No matching Chrome
[03:28:13] [1/9] Launching stealth Chrome...
[03:28:18] [1/9] Chrome window: 1942x1102 @ (13,13)
[03:28:18] [1/9] ✅ Chrome launched!
[03:28:18] [2/9] Loading Facebook...
[03:28:22] [NAV] → https://www.facebook.com
[03:28:30] [2/9] ✅ Logged in!
[03:28:30] [3/9] Human warmup...
[03:29:11] [4/9] Business Suite...
[03:29:15] [NAV] → https://business.facebook.com/latest/home
[03:29:22] [4/9] ✅ Business Suite!
[03:29:22] [PAGE] Switching to: 'Paradise 777 Slots'
[03:29:22] [PAGE] Current: 'Unknown'
[03:29:29] [PAGE] Switcher not found!
[03:29:35] [5/9] Finding Create Post...
[03:29:35] [5/9] S1 error: Message: javascript error: missing ) after argument list
  (Session info: chrome=150.0.7871.187)
Sta
[03:29:35] [5/9] Strategy 2: aria-label
[03:29:35] [5/9] Strategy 3: input box
[03:29:35] [5/9] S3 error: Message: javascript error: missing ) after argument list
  (Session info: chrome=150.0.7871.187)
Sta
[03:29:35] [5/9] ⚠️ All failed!
[03:29:36] [DBG] Screenshot: C:\Users\Asus\Downloads\New Dev\FB_Empire_AutoBot_V9.1_Fixed (14)\FB Empire Auto Bot Final Version\debug_create_post_fail_1784932175.png
[03:29:36] [5/9] Trying URL...
[03:29:39] [NAV] → https://business.facebook.com/latest/composer/post/
[03:29:48] [6/9] Attaching video...
[03:29:48] [6/9] File: [EDITED]_FastLane Jackpot.mp4
[09:29:28] ====================================================
[09:29:28] 🤖 HYBRID UPLOADER V6.0
[09:29:28]    Extension First Architecture
[09:29:28] 📁 Page  : Paradise 777 Slots
[09:29:28] 🎬 Video : [EDITED]_FastLane Jackpot.mp4
[09:29:28] 📅 Sched : NOW
[09:29:28] ====================================================
[09:29:28] [EXT] Waiting for extension...
[09:29:43] [EXT] ❌ Extension NOT connected!
[09:29:43] [EXT] Install fb_helper extension in Chrome
[09:29:43] [-] ❌ Extension required!
[09:29:43] [-] Install fb_helper extension
[09:41:54] ====================================================
[09:41:54] 🤖 HYBRID UPLOADER V6.0
[09:41:54]    Extension First Architecture
[09:41:54] 📁 Page  : Paradise 777 Slots
[09:41:54] 🎬 Video : [EDITED]_FastLane Jackpot.mp4
[09:41:54] 📅 Sched : NOW
[09:41:54] ====================================================
[09:41:54] [PRE] Killing Chrome...
[09:41:54] [PRE] No matching Chrome
[09:41:55] [1/9] Launching Chrome...
[09:42:02] [1/9] Chrome: 1942x1102
[09:42:02] [1/9] ✅ Chrome launched!
[09:42:02] [2/9] Waiting for extension...
[09:42:07] [2/9] Loading Facebook...
[09:42:10] [NAV] → https://www.facebook.com
[09:42:16] [2/9] ✅ Logged in!
[09:42:16] [3/9] Human warmup...
[09:42:34] [4/9] Business Suite...
[09:42:38] [NAV] → https://business.facebook.com/latest/home
[09:42:43] [4/9] ✅ Business Suite!
[09:42:43] [PAGE] Switching to: 'Paradise 777 Slots'
[09:42:43] [PAGE] Current: ''
[09:42:43] [FIND] profile_switcher...
[09:42:43] [FIND] ✅ 'To-dos' @ (1255,183) score=75
[09:42:44] [-] FATAL: IndexError: list index out of range
[09:42:44] [DBG] Screenshot: C:\Users\Asus\Downloads\New Dev\FB_Empire_AutoBot_V9.1_Fixed (14)\FB Empire Auto Bot Final Version\debug_fatal_error_1784954564.png
[09:42:47] [*] Browser closed.
[10:02:21] ====================================================
[10:02:21] 🤖 HYBRID UPLOADER V7.0
[10:02:21]    HUMAN NAVIGATION MODE
[10:02:21] 📁 Page  : Paradise 777 Slots
[10:02:21] 🎬 Video : [EDITED]_FastLane Jackpot.mp4
[10:02:21] 📅 Sched : NOW
[10:02:21] ====================================================
[10:02:21] 
[STEP 1/10] Chrome setup
[10:02:21] [PRE] Killing Chrome...
[10:02:21] [PRE] No matching Chrome
[10:02:22] [1/9] Launching Chrome...
[10:02:27] [1/9] Chrome: 1942x1102
[10:02:27] [1/9] ✅ Chrome launched!
[10:02:27] 
[STEP 2/10] Extension check
[10:02:32] [STEP 2/10] ✅ Extension ready
[10:02:32] 
[STEP 3/10] Detecting screen
[10:02:35] [STEP 3/10] Current: unknown
[10:02:35] [STEP 3/10] Not on feed, clicking home...
[10:02:35] [NAV] Going to Facebook home...
[10:02:35] [FIND] facebook_logo...
[10:02:35] [NAV] ⚠️ Home nav failed
[10:02:39] 
[STEP 4/10] Human warmup
[10:03:23] 
[STEP 5/10] Page switch
[10:03:25] [NAV] Switching to page: 'Paradise 777 Slots'
[10:03:26] [NAV] Opening profile menu...
[10:03:26] [FIND] profile_switcher...
[10:03:26] [FIND] ❌ profile_switcher not found
[10:03:26] [NAV] ⚠️ Profile menu not found
[10:03:26] [STEP 5/10] ⚠️ Continuing with current profile
[10:03:29] 
[STEP 6/10] Business Suite
[10:03:32] [NAV] Opening Business Suite...
[10:03:32] [FIND] meta_business_suite...
[10:03:32] [FIND] ❌ meta_business_suite not found
[10:03:32] [NAV] ❌ Business Suite link not found
[10:03:32] [STEP 6/10] ❌ Failed to open Business Suite
[10:03:32] [DBG] Screenshot: C:\Users\Asus\Downloads\New Dev\FB_Empire_AutoBot_V9.1_Fixed (14)\FB Empire Auto Bot Final Version\debug_bs_fail_1784955812.png
[10:03:35] [*] Browser closed.
[10:15:57] ====================================================
[10:15:57] 🤖 HYBRID UPLOADER V7.0
[10:15:57]    HUMAN NAVIGATION MODE
[10:15:57] 📁 Page  : Paradise 777 Slots
[10:15:57] 🎬 Video : [EDITED]_FastLane Jackpot.mp4
[10:15:57] 📅 Sched : NOW
[10:15:57] ====================================================
[10:15:57] 
[STEP 1/10] Chrome setup
[10:15:57] [PRE] Killing Chrome...
[10:15:57] [PRE] No matching Chrome
[10:15:58] [1/9] Launching Chrome...
[10:16:04] [1/9] Chrome: 1942x1102
[10:16:04] [1/9] ✅ Chrome launched!
[10:16:04] 
[STEP 2/10] Extension check
[10:16:09] [STEP 2/10] ✅ Extension ready
[10:16:09] 
[STEP 3/10] Open Facebook
[10:16:12] [STEP 3/10] Current: unknown
[10:16:12] [STEP 3/10] Not on Facebook, typing facebook.com...
[10:16:12] [NAV] Opening Facebook...
[10:16:19] [NAV] ⌨️ Typed facebook.com
[10:16:19] [NAV] Waiting for Facebook...
[10:16:23] [NAV] ✅ Facebook loaded
[10:16:28] 
[STEP 4/10] Human warmup
[10:17:09] 
[STEP 5/10] Page switch
[10:17:11] [NAV] Switching to page: 'Paradise 777 Slots'
[10:17:11] [NAV] Opening profile menu...
[10:17:11] [FIND] profile_switcher...
[10:17:11] [FIND] ❌ profile_switcher not found
[10:17:11] [NAV] ⚠️ Profile menu not found
[10:17:11] [STEP 5/10] ⚠️ Continuing with current profile
[10:17:13] 
[STEP 6/10] Business Suite
[10:17:17] [NAV] Opening Business Suite...
[10:17:17] [FIND] meta_business_suite...
[10:17:17] [FIND] ❌ meta_business_suite not found
[10:17:17] [NAV] ❌ Business Suite link not found
[10:17:17] [STEP 6/10] ❌ Failed to open Business Suite
[10:17:17] [DBG] Screenshot: C:\Users\Asus\Downloads\New Dev\FB_Empire_AutoBot_V9.1_Fixed (14)\FB Empire Auto Bot Final Version\debug_bs_fail_1784956637.png
[10:17:20] [*] Browser closed.
[10:24:44] ====================================================
[10:24:44] 🤖 HYBRID UPLOADER V7.1
[10:24:44]    HUMAN NAVIGATION + MOUSE MOVE
[10:24:44] 📁 Page  : Paradise 777 Slots
[10:24:44] 🎬 Video : [EDITED]_FastLane Jackpot.mp4
[10:24:44] 📅 Sched : NOW
[10:24:44] ====================================================
[10:24:44] 
[STEP 1/10] Chrome setup
[10:24:44] [PRE] Killing Chrome...
[10:24:44] [PRE] No matching Chrome
[10:24:45] [1/9] Launching Chrome...
[10:24:50] [1/9] Chrome: 1942x1102
[10:24:50] [1/9] ✅ Chrome launched!
[10:24:50] 
[STEP 2/10] Extension check
[10:24:56] [STEP 2/10] ✅ Extension ready
[10:24:56] 
[STEP 3/10] Open Facebook
[10:24:59] [STEP 3/10] Current: unknown
[10:24:59] [STEP 3/10] Not on Facebook, typing facebook.com...
[10:24:59] [NAV] Opening Facebook...
[10:25:05] [NAV] ⌨️ Typed facebook.com
[10:25:05] [NAV] Waiting for Facebook...
[10:25:11] [NAV] ✅ Facebook loaded
[10:25:15] 
[STEP 4/10] Human warmup
[10:25:46] 
[STEP 5/10] Page switch (will do after Business Suite)
[10:25:46] 
[STEP 6/10] Business Suite
[10:25:48] [NAV] Opening Business Suite...
[10:25:48] [FIND] meta_business_suite...
[10:25:48] [NAV] Link not found, typing URL...
[10:25:51] [-] FATAL: IndexError: list index out of range
[10:25:51] [DBG] Screenshot: C:\Users\Asus\Downloads\New Dev\FB_Empire_AutoBot_V9.1_Fixed (14)\FB Empire Auto Bot Final Version\debug_fatal_error_1784957151.png
[10:25:54] [*] Browser closed.
[01:19:19] =======================================================
[01:19:19] 🤖 HYBRID UPLOADER V8.0
[01:19:19]    HUMAN NAVIGATION + MOUSE + SIDEBAR
[01:19:19] 📁 Page  : Paradise 777 Slots
[01:19:19] 🎬 Video : [EDITED]_FastLane Jackpot.mp4
[01:19:19] 📅 Sched : NOW
[01:19:19] =======================================================
[01:19:19] 
[STEP 1/18] Chrome setup
[01:19:19] [PRE] Killing Chrome...
[01:19:19] [PRE] No matching Chrome
[01:19:20] [1/18] Launching Chrome...
[01:19:25] [1/18] Chrome: 1942x1102
[01:19:25] [1/18] ✅ Chrome launched!
[01:19:25] 
[STEP 2/18] Extension check
[01:19:30] [STEP 2/18] ✅ Extension ready
[01:19:30] 
[STEP 3/18] Open Facebook
[01:19:33] [STEP 3/18] Current: unknown
[01:19:33] [STEP 3/18] Not on FB, opening...
[01:19:33] [NAV] Opening Facebook...
[01:19:40] [NAV] ⌨️ Typed facebook.com
[01:19:40] [NAV] Waiting for Facebook...
[01:19:46] [NAV] ✅ Facebook loaded
[01:19:50] 
[STEP 4/18] Human warmup
[01:20:09] 
[STEP 5/18] Switch to page
[01:20:12] [NAV] Switching to page: 'Paradise 777 Slots'
[01:20:12] [NAV] Opening profile menu...
[01:20:13] [FIND] profile_switcher...
[01:20:13] [FIND] ✅ '' @ (1498,132) score=100
[01:20:13] [-] FATAL: IndexError: list index out of range
[01:20:13] [DBG] Screenshot: C:\Users\Asus\Downloads\New Dev\FB_Empire_AutoBot_V9.1_Fixed (14)\FB Empire Auto Bot Final Version\debug_fatal_error_1785010813.png
[01:20:16] [*] Browser closed.
[02:01:39] =======================================================
[02:01:39] 🤖 HYBRID UPLOADER V8.0
[02:01:39]    HUMAN NAVIGATION + MOUSE + SIDEBAR
[02:01:39] 📁 Page  : Paradise 777 Slots
[02:01:39] 🎬 Video : [EDITED]_FastLane Jackpot.mp4
[02:01:39] 📅 Sched : NOW
[02:01:39] =======================================================
[02:01:39] 
[STEP 1/18] Chrome setup
[02:01:39] [PRE] Killing Chrome...
[02:01:39] [PRE] No matching Chrome
[02:01:40] [1/18] Launching Chrome...
[02:01:45] [1/18] Chrome: 1942x1102
[02:01:45] [1/18] ✅ Chrome launched!
[02:01:45] 
[STEP 2/18] Extension check
[02:01:50] [STEP 2/18] ✅ Extension ready
[02:01:50] 
[STEP 3/18] Open Facebook
[02:01:53] [STEP 3/18] Current: unknown
[02:01:53] [STEP 3/18] Not on FB, opening...
[02:01:53] [NAV] Opening Facebook...
[02:02:00] [NAV] ⌨️ Typed facebook.com
[02:02:00] [NAV] Waiting for Facebook...
[02:02:05] [NAV] ✅ Facebook loaded
[02:02:09] 
[STEP 4/18] Human warmup
[02:02:53] 
[STEP 5/18] Switch to page
[02:02:55] [NAV] Switching to page: 'Paradise 777 Slots'
[02:02:55] [NAV] Opening profile menu...
[02:02:56] [FIND] profile_switcher...
[02:02:56] [FIND] ✅ '' @ (1498,132) score=100
[02:02:57] [-] FATAL: IndexError: list index out of range
[02:02:57] [DBG] Screenshot: C:\Users\Asus\Downloads\New Dev\FB_Empire_AutoBot_V9.1_Fixed (14)\FB Empire Auto Bot Final Version\debug_fatal_error_1785013377.png
[02:03:00] [*] Browser closed.
